cookie_id,score
ck_315fb710a0e371e7,0.0017721314370766985
ck_a76ee3b3e3e522fd,0.04766453007843227
ck_94c9a4d382689e82,0.04465475460732416
ck_8eaf9509ad9462a0,0.0017507802875991298
ck_9a88a5a989cb5bc6,0.008384512266577951
ck_15239ef0689c1a35,0.007038591727308757
ck_8de69cd219d3b87f,0.2468770692071383
ck_f92cd37022b0ce21,0.016449082468259275
ck_1a3ff7620580a514,0.006665177344756069
ck_397c03aa33a57310,0.11561788899152602
ck_a7cf6c3b322f6b7a,0.008277565978982802
ck_c39a9e75760e3201,0.0061170761361256
ck_88ab6d245228c38e,0.0009017502936387309
ck_17733f75ebdea93e,0.0023300480006907846
ck_58eb871e8d7bed52,0.06200272141396679
ck_e55b7fa67db1ec27,0.0014105733277080651
ck_62f5cfe22c952694,0.005709732698650476
ck_7fbb709a0fe95759,0.005639091452113351
ck_87abe9cd066a20fb,0.02838032104967525
ck_d58e058b5c553dd5,0.00847016080686254
ck_d27b872648b71202,0.008523184016864783
ck_4b4a3c5b95c55b43,0.0015057924552190679
ck_66dd4f4b4127256d,0.0021995542991126347
ck_93cc12703b500613,0.07039874301289759
ck_d28806a2179092eb,0.9898813390761103
ck_0595c2a0c7881e05,0.010285391995514138
ck_50087d8666191144,0.13991445587864149
ck_b08b3f089138c901,0.016874867582502295
ck_fe3b67041dad2dd1,0.0012912682365423317
ck_8449a28f7d475d93,0.017262830034299993
ck_8642e3b6d84f49d3,0.010354644762670569
ck_e49b5e4f2f2e79db,0.4354557565794604
ck_437afe412ea4259c,0.048635567949577546
ck_569b83668d74042d,0.9583303994858003
ck_233a487d31c3e631,0.9938354682222419
ck_1fca72e03143a645,0.9210048193365894
ck_79205e31223df2ad,0.01920823473560483
ck_9625a64406ea16e3,0.0031930350393640002
ck_079bd18dacb704a8,0.12529901892836928
ck_4db6d4fd2b49aa81,0.026959768317969136
ck_0dbefdac0a1868fb,0.0031934063089364695
ck_24ff97ad90bdd69a,0.19255661330973503
ck_77f8c5042065d506,0.0050578262454774175
ck_f11be8ce05382cec,0.0036728597776163586
ck_c9d72140b0389216,0.047462521869645655
ck_69eda24e931fb36a,0.0011283753346102412
ck_ed471e496916ee15,0.0018897673641615467
ck_ff090498c4b17ac3,0.012429343247318984
ck_c3c19d6a0720915c,0.0020388877180729584
ck_af02e1817cfa40b5,0.013299540975733581
ck_2df5a9fc87553eb1,0.007996352915123975
ck_4ac918e884cff336,0.02036907704807695
ck_ca149244b54ef3ad,0.001114711759341775
ck_6babe5b8674ff51f,0.016656696482039136
ck_1573878386886290,0.0063322859115052515
ck_3925f8565abb7fe4,0.00457910895963581
ck_c4de808ae69c771f,0.0011194844448154141
ck_a777c813551281fe,0.0017442719130164345
ck_df4424f6dd85080d,0.046482749035388286
ck_85e5494ec20383ae,0.014518536147786242
ck_f71a4094e889c3af,0.005677667495304529
ck_f2f3cf9cd23b2809,0.03956501551020354
ck_18e2076397bcc211,0.013439732402378458
ck_c9f9fddef39bc664,0.018544525054369862
ck_7e826e233d6ea028,0.0051932256774093345
ck_62fd7eb46bee9210,0.010267718838170698
ck_206f8e3cd72768f3,0.03969361977997387
ck_aa295a11b0a6ab36,0.017937220459480076
ck_9a56739d81f84a53,0.0030231895331690193
ck_aa075c418ed9fe5a,0.008729480361048907
ck_62b9fb3db284941b,0.004319888717975373
ck_f4f83b1403ebea46,0.02005352170067672
ck_16b66bd803288bc3,0.37941671735553034
ck_c4ca1434f3778f1d,0.9826657705574322
ck_1b823610371a29c0,0.005682765794534201
ck_c2bd5a722aa637d9,0.007376040196266032
ck_7890208951df34f0,0.008857855144611383
ck_020eb0e454524ecd,0.0029311186655763682
ck_3b66196ccf436c35,0.007949123099787217
ck_109fc467ec0a4af5,0.035932352991248945
ck_f3dcd818db92de7b,0.016750634738709066
ck_31e7742f160980ef,0.01712447026103224
ck_77fce5f86f00b8f4,0.35880827556277917
ck_46bc797b4d07d607,0.001992076826445004
ck_37899b1b571b1c6b,0.008044938513139258
ck_ef8a6af43fedd464,0.001714572874685625
ck_bcc8519fe8521038,0.024796763100534053
ck_90696b7182dd9129,0.014943090776582544
ck_4a24ad61d017e1ba,0.02747069947319284
ck_0acc3d8c67218b9d,0.0035608212222275103
ck_05c97fc9de11aba6,0.25316013887890015
ck_f8ac3a0500c0ec62,0.014729256844036576
ck_617b65141f546a1c,0.005720277045011237
ck_9d00823bf60388d7,0.017353376641029934
ck_123c15d93f1840f2,0.04354955541541076
ck_573feefba6bf78bb,0.0463891130413342
ck_b25657bd16739036,0.010486910596457937
ck_bd26d2bef14a8597,0.005211169241435523
ck_a553418f2fba1440,0.009966816772287918
ck_89f3e380b0686963,0.006410125836552351
ck_b359192aa659bdce,0.0337243067831132
ck_02241f3dc301bebf,0.017991032033325752
ck_5ccc1a1c78cb33ee,0.03745910722303476
ck_349cc5edda1b8853,0.049452258379125
ck_e9f228845bf6e28b,0.08600529284554062
ck_0a45d033d4e280ea,0.04730911176881884
ck_7e63168dda612235,0.004137632374253496
ck_676fa5f6aae5475b,0.005897360475345048
ck_74b502b20690ccfe,0.011145675811391876
ck_073509af21dd7f5f,0.605266288261469
ck_498a0acd450944d8,0.0018067251427624895
ck_7f15b50b29dead01,0.018936023854179918
ck_8089fe7403c5f537,0.014052242699164358
ck_05b2b04e11d9ae9c,0.014383026785835987
ck_31e70f2f04b48b88,0.0014161165297579752
ck_994316fa5a02b319,0.003482585700292933
ck_b76510998b9a2260,0.007011147634818227
ck_4db95c310e105d30,0.0024009741831320097
ck_6f730b77dc6cdb84,0.004871479822809378
ck_2493ee8e7b91d304,0.027470048720066052
ck_92d679d6ac7dcdcb,0.07431781313217228
ck_3a0e0200cbb185cb,0.008563995409232892
ck_0b2eeb4e00ff7955,0.01914001928133044
ck_9843d0e61c37ebe8,0.991242814728288
ck_e61c8721e3ef1921,0.005528806455252741
ck_2e0eedaaf2980c2c,0.002637637784953464
ck_9036b2e5e9298a34,0.004040576317454073
ck_3265442528d51728,0.00876454591724602
ck_f2ddae2eb1cb29b4,0.004031754274752335
ck_6cfa71d27fc27f92,0.01164517591853875
ck_f3199fbe84a28b9a,0.04021909219228507
ck_b78d785ca3ef773a,0.010182924455348338
ck_374865697f1480eb,0.02892379334363694
ck_06d0e4a9189302a9,0.014340886152283235
ck_9c9884b9bcaa552e,0.2349987192289326
ck_fd4cf578e87703ff,0.03384253492768955
ck_1917ef3e6e345549,0.10594261183548798
ck_e70418b00cbbbac9,0.01994752668385482
ck_a60388296a47062c,0.021045288728000454
ck_d598fe8d2c779ab9,0.011315260011166646
ck_646dc03de4c31803,0.7689285819194587
ck_e4fd8cbd842b6993,0.002758539817863604
ck_2225b555aa2a42ed,0.02815525244926062
ck_6be8ae9d78148882,0.006125511213332527
ck_4199342d3aca74e8,0.0991220390550077
ck_779581adb573261f,0.005236114448791447
ck_bb303568b6915205,0.09127646946280545
ck_17c4296276448afe,0.004615362934679209
ck_a60a61ac829252a0,0.0047326222433167215
ck_6ea70950c1cae00b,0.8539299018881021
ck_1abb93f6924645e1,0.017180079626713203
ck_faab769cce19879a,0.059676697873055365
ck_d5b8e74e7ca6355a,0.015542803458559754
ck_f11f7691af16ad07,0.0018413272013685766
ck_188fdf2be7c92e9d,0.992984322625065
ck_4a103f8254b366f7,0.009018338605820766
ck_bfa17a0b1760e616,0.0019084730166643296
ck_a4d7f6a5869d440a,0.9395875136925421
ck_58e20f5a3e7f11b8,0.6271258178647627
ck_4becdd3d2696c7ba,0.0058588677117564665
ck_dad5cf32ab9f243f,0.0028053149704670463
ck_7d9f73dc7c4f90c3,0.08626286184937876
ck_c19371047a2d011d,0.0017879842474127876
ck_247589ff532f7aa8,0.005871110659282271
ck_7a9f241d5f082567,0.002440748357116913
ck_0a2b7078736b4dda,0.0038946120648603744
ck_687b412e2aac7eb6,0.018447535336494146
ck_fce0b6855886a0b8,0.010211414741308676
ck_e291cc60920456d0,0.20291751224607862
ck_04219a7ea798db51,0.04837271568712885
ck_286bfd719836e9f3,0.0959021194689173
ck_55efc92394fee232,0.00826295706320913
ck_e36c8da1bd359960,0.03653370154294482
ck_34b0988a97d96902,0.007472487030496548
ck_e0fb11fc9dcb34e6,0.011599252493954635
ck_bcc9cbc9ed8b7c31,0.009063075847181166
ck_3df8da6f60a89a5b,0.030341036152921375
ck_b1495ee5c59a6b28,0.022758554312600446
ck_58f4c3ac61fda129,0.08560930513012868
ck_735f244b99e3aa8d,0.02732777199765379
ck_6b93bd8abf87b1d6,0.9450264307873938
ck_12107dacc6d05bd1,0.0018346776138893866
ck_f96db2a1f3448d1f,0.016938889619217194
ck_8fd91a3c99e19097,0.015125661981473228
ck_910205d25388a0ae,0.001959346265732181
ck_d229dfa0e4442628,0.0024802130815328935
ck_7cdec61e1c488798,0.05489365264241185
ck_f66f06e24ff32671,0.013522770959133106
ck_350bf14e90b503f5,0.012572138947802333
ck_61fff5fdaadd394b,0.004968497239797264
ck_e934f984bad2ff91,0.5413081322146318
ck_ff6a6d3547dd2d37,0.01775885726958476
ck_65ad9b15979e3247,0.009488428054315792
ck_bbe1a2ea5a403ad8,0.4648854648458964
ck_6f3a28eecd2c4031,0.007616351152428392
ck_a89b66665714058f,0.016397099957865535
ck_918c92182b6817cd,0.031331924579251345
ck_64f5eb4be9e7b8fa,0.3166085950500214
ck_d021fd497ea35fb2,0.013107774610956458
ck_004de16f7d8a42ae,0.010923603340330174
ck_a33d2325f86ab12d,0.002909750697298661
ck_89790ff26c844bc6,0.015056275275955901
ck_e6e7257377c37b28,0.19255178500343129
ck_a2cc3910a641a808,0.8070827299809109
ck_646e270e0195bf05,0.00865936712044984
ck_baba5d66def0d770,0.12465809370748118
ck_67cdcdda3033842d,0.08367098336923448
ck_b5c3075c811a2216,0.1640694177790022
ck_515379973a8044b8,0.004529880817027119
ck_c0ce85fb4109567d,0.023826786932911792
ck_fef850553862aaca,0.0023918582183947105
ck_55d7217b0aff9fa2,0.003146824308514964
ck_8e139f8925ef7968,0.009739163529349686
ck_9e35b908fca1e4d7,0.0022705273772755394
ck_59735f4ab2ad3da5,0.01731305060218303
ck_dc569c1167ccec0d,0.6632576232989875
ck_1dade5592f90a15c,0.028075258904066133
ck_793048d11fb8b328,0.3024877107903905
ck_545b71eb4fa594b5,0.007756654207310337
ck_bd30853e9a57b544,0.010841896018963829
ck_59f46321ecf6d306,0.008020529978879415
ck_260cfe9141d249f1,0.10142048722625749
ck_3365a0ad1a8aa83c,0.009591320942002247
ck_b0ef193195a2138b,0.011393894020249592
ck_0f909705e2e60f2f,0.005796830876307927
ck_5a540b75c866166a,0.025440911711676582
ck_87c26b2f41025109,0.9775426003402334
ck_27acc9f320cda104,0.3217461349190065
ck_a27bc31eecd9cb9a,0.0068054431359514025
ck_115d86fabde77b65,0.0022953747811048806
ck_eeca179341d56f8a,0.5507668802934301
ck_8e5999c436cf037e,0.001844949108493791
ck_510e7c5df1f95d90,0.9919157144110918
ck_f1acf73363925958,0.014795241909577778
ck_3c177f5970b68bd3,0.012277849180052515
ck_9cdfaa1c30cc9d32,0.0030075555929800005
ck_c8efa1538b37c359,0.005115531719590767
ck_a8a2e296f9804bd7,0.01823548946963606
ck_91a0ca45f429568d,0.021251065581939954
ck_5fdf8a0bdbd3ed62,0.015643301767257364
ck_0f4e2ec66d50da5f,0.0061349702559494335
ck_28c53b214b2ee882,0.12089018575570677
ck_003148504557f720,0.16227385196403527
ck_01d840cffb870615,0.34407045361144695
ck_555848d51f4b5f35,0.014153784980936652
ck_df20cc23b8fb8e22,0.015743774089607046
ck_f9604adde929beff,0.004130775233714384
ck_d66952b03591bdec,0.004625276495024517
ck_ddcac1ab765ff61a,0.013712075998474897
ck_347386629d96c664,0.010669335757087466
ck_ab01db9117acfe3d,0.00793159825624427
ck_58e5359efc52e0ad,0.004052969958548144
ck_1a524b5cc8da71b3,0.07418633125473209
ck_e9287b6d909d731f,0.0059379412938030465
ck_bb41a66e3d90263b,0.2531528914527994
ck_e95c8cc1864bd584,0.0030778680754672185
ck_7a3f2961e9a8b6dc,0.007208000396174716
ck_378a9df82b1e0bee,0.30735582944528816
ck_42633573639a3f02,0.980131729069587
ck_2a5a4c18c2c7274b,0.015706819096968923
ck_77549c1a41f837c3,0.019633870149674704
ck_a26704b5b26258b7,0.0069249523122006836
ck_9874ad160efddf50,0.0038967969821539026
ck_9111e3a04b14dfba,0.015206272451451647
ck_651e076ee43aea85,0.009936584034163257
ck_391639c0f13932f3,0.0011922128793206955
ck_02dbabda93c8c13d,0.030079574523243807
ck_0adcb1fffcb0a34b,0.019484176987359908
ck_7a43ef9c7b1c67b5,0.0061489968795696605
ck_4b9dd69946438d0b,0.009327328389434536
ck_90bf017cdd37b66e,0.052247788116256355
ck_61c74163eb36556e,0.009934326223978333
ck_13376c59b5bd6943,0.0035834484480157585
ck_62337eccb1672737,0.004539275296562187
ck_16077934338472bf,0.002811012921259272
ck_0d4dfd93086e7330,0.004791870407363239
ck_3865b7525b910893,0.013820597234157753
ck_7e2ae8b69ebd5675,0.007711841054365282
ck_b4384b6c11766ce7,0.00450507928483037
ck_3d7fa32dfb9fc692,0.06186179285185082
ck_f4a6a7cadd6e0603,0.14309915110537963
ck_212525e2828a6c45,0.008422940769146299
ck_33ad8d53394ba77a,0.5928238442340739
ck_a5051eafe8b51224,0.0061869079928486065
ck_f65e5ff7da565f91,0.004051043687363736
ck_5c37f7563fa7591d,0.009370692211369493
ck_f1e0a006068aff29,0.02206110049150477
ck_c646cdead6fb79d0,0.009179645308433914
ck_f8b3cdffef535330,0.07318899569855816
ck_e5cdbe3aa12c97f6,0.01101887236826232
ck_986e4e61440506d0,0.12764653460958986
ck_6da9c5912e15d9a8,0.006781321117209025
ck_51d842e6dae74c71,0.00883265802194258
ck_5fc65c24e0736d5d,0.9023981152595179
ck_babb95a76c69509d,0.055200390005381815
ck_86a2d852a9715432,0.020426478185109856
ck_db4083a0d043def8,0.13839843014836353
ck_96953b8945b7d403,0.019483101267676745
ck_7831ca5c31fb3859,0.03763946126385198
ck_60ac5e5f375daa38,0.005681416974371091
ck_05d44eb1f5f085ce,0.0718926989596897
ck_432cc19c7eeaa46e,0.027304926170505256
ck_7fc513033af061af,0.13580159404589043
ck_ada6ede84c111719,0.009365186019321152
ck_6343e0d3b1c2962b,0.021613243344160888
ck_010264ae04f2e902,0.20555677275288903
ck_e9dcf535f8c289eb,0.05032335259584485
ck_37143d9cc296e6fa,0.013488530519586874
ck_61fa051192f3e810,0.025799024116134155
ck_f9f93d1d41be1468,0.8132488379025724
ck_c4f4f28457be8a74,0.0024715479547670113
ck_323a71f9452d21cb,0.4172289582247106
ck_170f4688e0acd875,0.033323450395153775
ck_869b1878d09d230d,0.189962765906739
ck_2f6b33bf46976229,0.003034934396617094
ck_b11e22e75d9b99de,0.0018927171173267268
ck_123d75ffb75b606d,0.006988711660519258
ck_94295287a04c85d2,0.0846345031437416
ck_1b0434f096795328,0.003295734602711067
ck_0a4e191cd0a57ce1,0.003051316646548
ck_d2fbd0df99634676,0.005534406250079425
ck_d51df5e9fbbbcc94,0.022153358031100807
ck_2d3d7d64a6f443f8,0.014298158179662734
ck_731943c682c9394e,0.013999947664632691
ck_5ccc0c94e5e1f849,0.01953232864463891
ck_c3476080516db25d,0.018117734814560058
ck_5010ffb1c94187b5,0.00301204980469797
ck_7ef666d67bc70223,0.018763410739802467
ck_c1b493527224a27a,0.003673265691000814
ck_5d1e25d7acc5af9a,0.015207030784684194
ck_ec30b61cbf517db8,0.0020355360002377995
ck_79323eb5d2e5efae,0.005766663100701921
ck_4085cd3bf2661518,0.01213203978698162
ck_2ca91214c357c072,0.1272132605962657
ck_7f3132d6be389657,0.05182997558186493
ck_e7a6b925c8f39a85,0.006280381852784126
ck_c886adec7bac250a,0.024863999238329028
ck_c3f360c2d0ea0a37,0.006817912601374165
ck_a7acd5b015823793,0.006226629837269106
ck_9d64187c0800f84e,0.01576325691087336
ck_5d4ed73b9efd7d11,0.00856073413542673
ck_874eca6776b34dec,0.0023481190911680922
ck_96a9221a87be93c3,0.03638301368994486
ck_68dd79a51eabf5e6,0.029951388886569605
ck_8311cb6755b2016c,0.007542524948994248
ck_16fc77b2bcf5ec03,0.9691714771041373
ck_ad9e2088a33c8c72,0.0009493955307323723
ck_7176bbc97b1e42a1,0.007535864769301277
ck_80dfa54b30f65fff,0.6259521516350468
ck_31c54d540b128843,0.0028448039250691297
ck_43ea894480567274,0.018595334369166692
ck_9c9e8a38bd5a6c88,0.0111648627041199
ck_1c2dcae19539e148,0.05517139056372665
ck_b0fa8b84e94d8ae0,0.010418937872995929
ck_4ceb43ccd0a81c2f,0.013462903645297416
ck_ba845332b730b596,0.0034113626437086136
ck_73d3e8c6077f61e6,0.06460812722428878
ck_b5d0d223ef56473f,0.021782816308743756
ck_949f08f8e80e93ea,0.0020633597134259605
ck_73de0b49709e5f8c,0.004504399192333936
ck_b5935e9722a39819,0.044120174222283995
ck_96247fee0eb44420,0.005206887146678586
ck_a6def1e4b2d57e0d,0.043615880678220545
ck_aecdc5a96321a2d8,0.020009436402106166
ck_bc61c59970f8de49,0.013335776541107137
ck_c43b4175fc9ac5bd,0.7743072977885104
ck_8ff7a9b23a55fd62,0.015765245704077946
ck_20c99b645f462449,0.006540923614939706
ck_a5ce2ae36fb410d9,0.004027106869074497
ck_96fb9bf556842bbc,0.020713213603157143
ck_b5e4c6dbbed1b773,0.03766377334319464
ck_2085433978e72ea9,0.07441507366604216
ck_2c6b174b063ec637,0.011276033363734825
ck_b20b81b88dabe28d,0.0029203550308929756
ck_243c18dbf150831c,0.0029626843337400817
ck_2bb6a17e8eee35cc,0.036768484008868674
ck_66147fb994495396,0.19383039277699543
ck_73f124f075ede0fc,0.010402245713252227
ck_2e315f1b1e533dab,0.0030940816125810573
ck_16c7bf94ed3e7a6f,0.0016079713715621037
ck_4a0eae220a762ac5,0.016225933695788494
ck_dc16f939c2f44ad8,0.1269847513858117
ck_817926b449754917,0.007067150766268168
ck_0c0dde42ab64ef87,0.02618699210339999
ck_cb3a40594da6a2ee,0.0433219522694904
ck_d0dc156441fcfdcb,0.04128065038667551
ck_66f0945add423e9e,0.003990177817042411
ck_a74f6a3030f5d495,0.01888756086040655
ck_1ae460f331e49ae2,0.015067096841202436
ck_2d177b2f4f0b40c9,0.11008252764926518
ck_92e474e4368c4791,0.012152274383448519
ck_3dee83fa2d109484,0.001642769612340144
ck_80e5ea27848069fe,0.005604722964420755
ck_ed0c4a83701ca230,0.016781607422594578
ck_0b8b7c5c581fd161,0.0010176197390647213
ck_60bf8a2870956fb1,0.013959999300102565
ck_73a54b56a2bf35fe,0.7833175244203361
ck_2296d7a563424883,0.005692526846006449
ck_bc19c383560c7477,0.015070289506393116
ck_861d8e3d88f1079e,0.11867923436391709
ck_3f090fc96c24eb28,0.0040742683991624755
ck_9a6a1f8102febfca,0.03374307480930824
ck_541b6ad5d2fa5a39,0.017255594490559772
ck_a760d38d1bc4de97,0.0031911720548296737
ck_7dca4d7ee10b4eeb,0.0022732061110669736
ck_15220e78d1545e40,0.018086450587863973
ck_ca24bb0de508efb0,0.0038712159975321948
ck_56b389627d8f02c5,0.9712000783800505
ck_48a6754977a44db0,0.0027757442720130554
ck_333a43ec339a04cb,0.037379168613030395
ck_f22aacaf86a65d7e,0.05967602205678854
ck_04bd8a1ffaf3ffd8,0.0027500836428894834
ck_2737a72de6b700f3,0.06258532761423367
ck_c35e03b0dd0c3454,0.008992985599520107
ck_e0571312f395cd94,0.010718229522492932
ck_09fab6b9825001b2,0.0033156685398931314
ck_18c3a095606209e8,0.008801643631876545
ck_2a97db9377d01e36,0.005888414888409464
ck_f29dbbfdd2786bd1,0.006564592481261454
ck_35d6c510ad29362e,0.6869465526659213
ck_5468fa99c945d785,0.01080266267488517
ck_6f8102f62c876cc9,0.030870184082776368
ck_91955aab3424ad16,0.0037180985257254918
ck_9a43c0c73a39d759,0.03412247330176235
ck_60b023af6d1e30bf,0.7418378847224736
ck_9704c5cf8659cedc,0.02975575980311637
ck_7e5f02b51b9f78bf,0.05380677247128712
ck_7d3a88d1aa649708,0.8638044195500267
ck_8250eddc1ecb07a0,0.06966883431188217
ck_d979ef95ee44023d,0.014804348514905741
ck_5e5461dac83531ac,0.030992700971075884
ck_d1bb8890081e0a31,0.02750100344401886
ck_32246c62640648d9,0.0017523268013842303
ck_77a40c7d2f862a32,0.018571358240109383
ck_1c8b94efe9238f5b,0.002671012830003633
ck_eaf3b6d11bc3cb11,0.0032050233488919114
ck_a4a7ef3ad799c380,0.005124199168140203
ck_d5bd8f68da073cd8,0.008006596326471846
ck_6e6258227fc8db7f,0.001015269950138238
ck_c35d444e05799db6,0.022931764708488178
ck_74665e1209140ae8,0.014817445342527723
ck_353a272478f7e903,0.0035066845020738325
ck_a2c9796ea229a4e2,0.004581260759359524
ck_e0171f91cb3411fe,0.012927653429062233
ck_703499f5410280f7,0.0016566671062986382
ck_ae3a763997f8f385,0.03480752345912756
ck_f7ff94c3df5ac874,0.01211640248804247
ck_f3c16d8f747db046,0.0197430911357917
ck_7ef019ed77276496,0.0021994197009894013
ck_d6a4faadab58a3de,0.006774244692287027
ck_ba7b78d31d74c794,0.01076622222721851
ck_36287d063350ce9d,0.007850235685260158
ck_5177fc7137ff26ce,0.007166394500820535
ck_dfd4e79aaa967b63,0.008185261446651743
ck_fb44d15fb93a7157,0.008503482870756774
ck_fca478361870a4ca,0.005715194316476244
ck_e57b94fe57341058,0.015292705086614195
ck_5448c946cc4758fe,0.011231427241083919
ck_c5ece5ffb8800ad4,0.009566594390648699
ck_11cb98211b2ed134,0.9045805327926275
ck_f655399ac75c4450,0.009668857015228825
ck_c817259019588d30,0.014389793914920561
ck_8740a14d8096c6e1,0.021961314465833957
ck_0c5ba86f4e05b38d,0.023444097449491427
ck_ccc917533d4b73d4,0.021780277610950596
ck_9eb80edfa43203de,0.005583277205555667
ck_d1a1cf4cf61d6801,0.022117107774431044
ck_b17c239f160e6017,0.0065267604734540255
ck_410c3e13b48e0415,0.0030450782577753754
ck_ab553954435e8854,0.8698151759086332
ck_bdbb4230c91e1604,0.008488153084431575
ck_8fd4937eadd64fb6,0.005383832415141328
ck_e0e90b196bef3c11,0.001841201034409097
ck_3dc4d464386f0eb2,0.11172560610098944
ck_51bbbf8f8e8ad005,0.9956993985234894
ck_c05737ab74cf03c6,0.04918378560959477
ck_dceabbe04d99afc2,0.003022962745511364
ck_5b86fd14e85bc9c7,0.5333546560294541
ck_d4febf0083800424,0.015067948123091111
ck_77d9f86dcf251739,0.01120252529034842
ck_b4dcebc543deaafb,0.02837301490359455
ck_cb856e75c949b0cc,0.0006563550437647948
ck_61b067de8ffc1ca1,0.02233978369424238
ck_c0e8560ccfd9dd9d,0.00720935366569791
ck_173e1198c341087b,0.003907336273050819
ck_b4d55bc809000276,0.01621900897667005
ck_839bf139296b5cea,0.022692064317351636
ck_78cd402a2a4f2e35,0.0033708007797158095
ck_c2925c50ebacbdba,0.004605061537359166
ck_5e3bc76eddbdb0a6,0.002945988113121128
ck_b7793edca26fc512,0.008780626221765222
ck_d79bdf04d6f31cd5,0.004454383539797672
ck_4b97d19ed946f503,0.006513412283464827
ck_37139b41c5370523,0.07535440747287143
ck_8c346eeefa9ce692,0.01591353907338785
ck_2ab7eddee2d8c49e,0.0050185276020913465
ck_29da59ea3bffb9d8,0.07965582957285128
ck_c1d05ef0ec6e4be7,0.006440192037785451
ck_3882423b449f6291,0.9498055949873951
ck_5647030283171ed5,0.6822831531807219
ck_efbdcd9c181e72ca,0.011780649340381349
ck_192fdad892782daf,0.11515659960997429
ck_0bf2e13b9f2601ac,0.09154282471076725
ck_3d6046a533057795,0.016090604502741662
ck_279a1d3a3836e5cc,0.012168725423928935
ck_c375e929becde422,0.00579940829391751
ck_a59e90219939a1f0,0.005836223033059343
ck_4e9fba1ec54c3ff8,0.00767460838498327
ck_bcbd8588a13f5eef,0.0013049586311734385
ck_5f9a7ff990341bdd,0.004482182160530003
ck_e0403d507519b7d2,0.018339364389462386
ck_c9490cb61aff5112,0.01580630206903154
ck_41dd44308e6a665a,0.17278793652819618
ck_76c23726cd7ca947,0.006856346889790945
ck_9be551300209fa83,0.008108095558112434
ck_a98848eec6c9581e,0.021922685659685956
ck_61176dafb33b2d8a,0.9241391312284895
ck_92de019e05971ce3,0.011430779844626926
ck_5d644224135d7c65,0.011858707693108924
ck_c767fc454fa215d0,0.006943687165979291
ck_5df85a8924e11f27,0.02164049913801344
ck_da2729307af06ed5,0.028295500455025935
ck_7c6b577174af7a78,0.01181334243995228
ck_893b8afbe11301e1,0.010113136391116028
ck_e06f6fed020ae014,0.006936013747817146
ck_386680372fb54857,0.004642973647734024
ck_7a7f3c4fe0c9d2ca,0.004231674246745816
ck_f908b527c4db422d,0.051520681712626276
ck_ec2eee6a133e9a6f,0.08440895788117342
ck_d98934f9fe0b02b3,0.0028347303756234036
ck_398a1ed77b0130e5,0.005746867681626561
ck_d960af7a55b892b1,0.006441394332155473
ck_4637e54a9f79e2e7,0.0033585493359363132
ck_02b9f418524f6650,0.02197916792840142
ck_d4b23804cebb045d,0.007906824936064193
ck_35b1939c48182a9a,0.017259344863289616
ck_2dcbb71e39d64305,0.02104640589829937
ck_47a884dec960ff2d,0.006238354088388007
ck_71fd8c346fde5cca,0.039862849390174954
ck_98e1992ac8e7d2de,0.08628278375528366
ck_ae7780327e210522,0.013483588561612034
ck_e6c584b4b1ad6d9d,0.008045574300015755
ck_344b2e326a6c3dcc,0.003349059010082384
ck_9aa899a5230b0963,0.025637308383617156
ck_e48d14d5b70ef5aa,0.017047853023870137
ck_59d380a0973b3951,0.01019985548458113
ck_11318f7c041a5ba9,0.005934738598090676
ck_7061786fe2f22f5a,0.02503679020800404
ck_e77529651c416cf7,0.024842723239480877
ck_7f79878197340435,0.004855314822895112
ck_b0a0fb0ee9ebf106,0.004339117574923297
ck_70c7679199776a90,0.026590978158156038
ck_b9facd2210daca5c,0.04438031013946854
ck_9949f53c155b8dde,0.010605129273716124
ck_1c607e24f2c4397a,0.05072012038298011
ck_aefd1ce3ce093cbd,0.0038734444591512714
ck_5a29b7018e43280c,0.00295762810707434
ck_69eb0b2ccfbe5f95,0.014593936700868199
ck_fe037765aa465c58,0.01723054964316846
ck_5e512ef5362a3dd6,0.0059507653092935086
ck_544a9e80b7fdc279,0.0068812885896469365
ck_7825494e654d5695,0.011066043141665158
ck_f1f2c3c623553f0d,0.0018817672085848034
ck_52730906e5b461eb,0.7658549924979755
ck_01e0689157fe9617,0.49906541042977026
ck_9da82e567074da9d,0.022817817031099565
ck_6a17384072f904c0,0.010136688419781607
ck_8d84d771a21942a7,0.004249503344856939
ck_39638880292782a7,0.01681895897558687
ck_7d51c86e0eec72ac,0.01401674575616221
ck_45f4c821c70d134f,0.43050305780262066
ck_0af3c13ba56ce57c,0.001467710022858608
ck_0789a05e061b2784,0.3092953487015909
ck_6ba091eb42ffa9fb,0.33037479859213664
ck_265accb3c5c32620,0.0872060896914427
ck_179039559ff7566c,0.04079362890772624
ck_17c0a6a92b5765cf,0.010195173065340023
ck_59371c9140239fd7,0.010825741052528506
ck_f9c4f8b4ce2691f0,0.011470216215401622
ck_a2637e4872cf4811,0.07426502669093893
ck_1de43fd6c6c22a5f,0.14282993156522694
ck_6e4f31bd108571f0,0.0018391755911843144
ck_da06d97db0b18851,0.002375151367657623
ck_e0346d5081e640e8,0.04591272339553258
ck_c1c7d4e62c9fcded,0.079202055279607
ck_2595669e421299f6,0.010144022967635198
ck_3b6057d51fd4c7d6,0.0021846099552347824
ck_c5f8ab515840a0fe,0.007197994861741252
ck_435cb24538c6f77c,0.06672105646679814
ck_d84b5403da4cea7b,0.022765608008651753
ck_c2b61a98d1c8f6dd,0.8033574382320976
ck_c9dcd92b2f836b61,0.051639294495732666
ck_9eb5b3f5f672c2b1,0.0025288193049166244
ck_e4cf189a8d31649a,0.004754704513407327
ck_6b114f2a48152b96,0.004017387462044324
ck_3fb95862b70f505c,0.05455528097520823
ck_7f780f465c29398e,0.005716070943899487
ck_ee387f9da79e67ea,0.022636589609745888
ck_fa3b1e85d27af2ee,0.045167087334504946
ck_e739eaaa7a1822f2,0.05199849825381893
ck_dfa0ac11fcb1dabd,0.0024029708550443426
ck_6e8751b571ea54d1,0.014399139228505647
ck_2d695f8358383092,0.03216510936828189
ck_e7dce27edb700f27,0.00690510860954347
ck_e322da8b213eab52,0.003856340193096011
ck_d0b32e039abb8200,0.0035870713487219535
ck_b354003302b272ca,0.00585505664946415
ck_f7485cba392bc294,0.17746836949509898
ck_d6a290ff8362c7b9,0.10966202968132567
ck_c56a44fe315c0389,0.010661418121116147
ck_f77dfe6512eae322,0.015505058491403776
ck_35fe969c58b9e70b,0.12130272802077197
ck_4c518637db2322d5,0.06662925615511378
ck_cb61902798ecc4fd,0.0756779424099305
ck_56e6cfa32156a916,0.004532831043433348
ck_343e6ed2b9d35c01,0.005598981822899825
ck_51440f64f7250ad7,0.0317104934653791
ck_295bca29c34cfe2e,0.04485655659100299
ck_dd30558576b45e7b,0.009097962230185067
ck_3a30132a57181fe3,0.03942308026258627
ck_4a733aeb833406f4,0.011920427719898836
ck_1b0b7c3d35ab1259,0.05478760988433123
ck_962c3bbf27cd4b80,0.03865271433762586
ck_9528e1d6b1707870,0.02642039040839142
ck_b3263e7f31aab45f,0.021284998651881742
ck_e69195a3c885053d,0.0029925982022832587
ck_a907fa8795cd4baf,0.002457477568075702
ck_205c3405045bd835,0.004912156204717055
ck_e81fc223bed3c46a,0.035488316080194676
ck_363751deae40edfb,0.11143376756856457
ck_6176baea8cbebbb6,0.0049141611999777785
ck_633e6579f5c74a5c,0.8642524353585929
ck_ddc11fc481eef58d,0.037121889392046095
ck_e975002c979e12c7,0.04860577073643324
ck_8e039b23acaaac00,0.05202058806470293
ck_1d6990d94a4d2ad6,0.026428310735329648
ck_e7b583acaa3171a2,0.06481100093958445
ck_c0133f60d39b2fb5,0.012553899616670808
ck_7d6bff85e7a694bc,0.0032363798711152704
ck_d305b4d82f63f647,0.0020010432035234074
ck_22bd0fc71f95e048,0.022699902716349727
ck_9a65fcfc7916f93f,0.00130985119475837
ck_d61c837b0106085a,0.0504466273106005
ck_be86a1db08dea456,0.020836611977356076
ck_90489c405e6886d8,0.007188888641486775
ck_0add2c321d579d75,0.03022899282016643
ck_482dea6eed92cbbc,0.009520808466336388
ck_c24b47184534cc2c,0.9774078191328355
ck_fa04ac31e596e7d6,0.013821577986990581
ck_084322dc5a3a86f0,0.007920982107046393
ck_ccb72a33cc1877b7,0.010769283622298828
ck_afaf374009d3b248,0.012409425445770004
ck_b53084ffede19a8e,0.0012087253187637592
ck_4760216154c8cac2,0.6149421421890386
ck_37ad3a65db673e70,0.0016897104301717017
ck_0c2932cc0d553694,0.008654604566914248
ck_86b853c52f20fef5,0.005392757921524426
ck_38703b7546d35a80,0.029529691722279913
ck_218b7e6e6dbd2da0,0.0025171260937871653
ck_402db4184982fdf5,0.010169391530134103
ck_f917c82af80e4a79,0.032690299763876295
ck_3c6417a233c68c73,0.04754778687187432
ck_98068c397d70dd3a,0.02222520764819921
ck_b1cbd6679c0f8d95,0.006525873029873113
ck_9e962f9bb0e7bac2,0.007486285713707879
ck_b08247c3ad567d92,0.5088234948690644
ck_3ef7a03ebb81cfe3,0.0013861355390015198
ck_5d7ae0e3562e99bf,0.04183508153799863
ck_c91a628236baf91b,0.01869640339800614
ck_7f8e816ca51755e3,0.7860964610749908
ck_5aadd286d188f5c3,0.005417748724898588
ck_a037aff5f8128c73,0.00519376029868702
ck_5df6529ce8290906,0.015956463299360665
ck_5f3609511443e5a8,0.00335452858653406
ck_a6f61864fac3c8fb,0.006058070463448692
ck_2733fc6ba23ae46e,0.01570091360549348
ck_22bfb9246646eb41,0.9550017191116724
ck_bfc2a57d8fd1610c,0.10761934816378768
ck_49839e761d0e74e9,0.007781902509991643
ck_aa4ba931dd37481d,0.0037030233573446193
ck_2f9fa0d61829f815,0.024463733865431377
ck_5b82c774df10d49b,0.0021805009070791984
ck_411219470d0a195c,0.018927859234266778
ck_d07485ba10514a2d,0.2160387490035377
ck_219bef979ee21bdf,0.0009934432634079856
ck_eb1006e7285184a6,0.020560153593238997
ck_fd242b18575e3063,0.09512502883703065
ck_95188150ff059c70,0.02968652394921608
ck_a9ca2f447b984a6a,0.00967606182606029
ck_2dd39723c4088b64,0.010784521251442993
ck_aa2b4c662ff213b6,0.025112914022828704
ck_1867b1199c864db5,0.07115193911668222
ck_850ec97a5a0dab9a,0.017701020199182543
ck_562320295fa35875,0.002477734148226858
ck_bab5759b07fe2bea,0.005664262219526366
ck_b9f1465d803e57b2,0.06479435003691594
ck_8f21f2690c32c691,0.06100349249105534
ck_df87d6f61a63eb21,0.009364912270161601
ck_770475876d0e7e6a,0.005422700699041456
ck_b4c014d5c0cc9eb2,0.003507318687141486
ck_3add4d23124c9290,0.004665378829392109
ck_bce5b7fecfb6264d,0.04550048118513029
ck_604c17cb97dc89be,0.06287100155390608
ck_e52cbcd9aafd26b2,0.008311099701857672
ck_0ac9114076f5bf3d,0.011128486475308157
ck_dcc125b178b79566,0.0010221842153828656
ck_4e333c09f0c37dee,0.0060813839336169035
ck_ff7e31ff8ba731e5,0.006341357267127789
ck_8d0532d24f1070d1,0.001564051154523057
ck_3689fa41748a6f6b,0.13135461324282527
ck_7509eb97c1948b16,0.006144498155577511
ck_a9161cf1ca22a6bf,0.006437289088506137
ck_bed3e3db135b782e,0.043471101048309785
ck_9040edd974ef8e3f,0.3960712334019943
ck_fac32d76ed40f683,0.030888587547973814
ck_3d7b1078e2d57c69,0.005707178750001901
ck_dae09c4e074af5dd,0.014766189212806655
ck_fd84507228467b40,0.11327886475921617
ck_e2a2ce9b8cf44c63,0.026600809729667427
ck_cbe716f351d660d4,0.006575712254204593
ck_cba4162ef29a6d27,0.012263126182406724
ck_4f1e962ff8a29732,0.002124973814424549
ck_39a81899dded61e4,0.005768017474352807
ck_25382331551d22a5,0.04834426706392078
ck_6d64e1c07b19856e,0.020107080835568836
ck_165a868bdef28ad3,0.06363582646963299
ck_88774ae52e30e877,0.022696094378320597
ck_fc7a9d0643570053,0.0014969230260428478
ck_c2017120b3b88a46,0.009713878035498794
ck_d115ac6b9fd62a7e,0.005133945703704447
ck_439cf7d51ec7de0f,0.011272849783209606
ck_2468a7e9e68a0927,0.0053074368469035295
ck_7c418947124dee8f,0.0676859573790583
ck_fb0cf32c4a56f740,0.014998532853072576
ck_694eb6c43193afd4,0.012410182514336256
ck_993beb188dd4abb6,0.008804480008957442
ck_77fa39d3b733c226,0.08316505275194533
ck_49969a9abc47cb69,0.01479718978056094
ck_d3f44bbe2f7e9b2d,0.027299376069751777
ck_fcf5b8216d0c18ef,0.0017045098882234814
ck_daefe1e2d2bc362d,0.004478880979548757
ck_9c9287cb28950eb6,0.02562193006608218
ck_c1d1a625b885a975,0.017031445258099222
ck_71b37fe47490b4ba,0.008693776722393442
ck_5d16e257c0635f7e,0.31849994495540546
ck_15918075563eb074,0.007141101239156961
ck_9a15fdefc47e8d11,0.006153420576439417
ck_6f04d047d1dde75e,0.0017285285568628846
ck_1af2c0b3b8d202c1,0.006797372934390782
ck_174be2231c5fd2b6,0.0012680451549231934
ck_bb0713a2a1d65982,0.01723849949934129
ck_0daec63bd5b0729d,0.019527688543664247
ck_c0b5cc3e8ad2ff44,0.01043942807994923
ck_35bee1fc12664644,0.13166213980439923
ck_a1c7cf63467df4c2,0.002645999899513067
ck_ecb1e15f0b185ceb,0.13799486594912455
ck_f280d31f54a4710a,0.024028161833783986
ck_30f4b2ee8abe1342,0.07046402236470997
ck_66bed631354de5b7,0.006464996882438557
ck_c2d3ecd7278eba2c,0.0027666736790631094
ck_e901dec0e09eccbb,0.0025390014526572953
ck_5d038ecb3c8748a3,0.009009895244321072
ck_283c5bea94b21e80,0.005251021520487039
ck_7956c251b85f009e,0.5613478093420722
ck_9f5f81d771146aa1,0.0014199314291431491
ck_9323e6fc1e168eda,0.7742839234387697
ck_10495d3a635b8d69,0.07636752138415198
ck_1982d571cd36eb0c,0.006304152520020583
ck_4f5d7985bcc2eda4,0.0029366026933016877
ck_7df526b2b4410bb4,0.03829002318981832
ck_dbb498b1a346a402,0.0019606404669680237
ck_ef059997563e3330,0.007918396373421737
ck_02ec4e06709e6b82,0.0035124712828394477
ck_9782c86ba6485f88,0.0027274596787973653
ck_d69de468b44143ca,0.0062252336760813985
ck_6430a8792f400e0a,0.004164929701646303
ck_8285bd3c90af94f6,0.012251629775672268
ck_985c9ca112000e9a,0.03780482565092656
ck_e679fbf4f4f4aa07,0.008225760752526222
ck_016e8c8eaf9d511b,0.03567505045106055
ck_bc996c523944644b,0.023124356339354012
ck_5b8315726f6204e0,0.01341249671814516
ck_78181f8e998e442f,0.002819275751759067
ck_71c68dfd011dbbbe,0.643062321462545
ck_db32c95ce2b6f502,0.7233584662650159
ck_755010362a9b1bc4,0.002419394510375196
ck_114141d85256c9ff,0.0013444365636685258
ck_9d1a5cf5a3b87e48,0.0077285297341726615
ck_ab640420858ab5c4,0.10060350262298558
ck_97a8dac48dd62488,0.1930500079498233
ck_879cc3166fe1bada,0.0024540745539995638
ck_b0ed11080076e381,0.00994518614615869
ck_7334a9ec656263b2,0.003910253434587955
ck_6494f0ef13ce44d9,0.013333012728554689
ck_724e459b9ece38f4,0.026997588386336174
ck_7fd8b1470401695f,0.6277580414125739
ck_292f81186358b0fa,0.009452080700712006
ck_fa7de64d37287615,0.04033307399706686
ck_d00e09e66ed6458b,0.21231527339771575
ck_b8d210e741be186e,0.003178504314603044
ck_3db59982cbae4410,0.05741993289097452
ck_69887d0a9aaca6df,0.002049294680178419
ck_4feb21e2fb0b3977,0.012331614768812404
ck_08c6cc1e143475e3,0.00754201609385079
ck_fe6e168cdbb46b9a,0.04678243670883529
ck_07f1734be7fac56a,0.03675247675336206
ck_d66d59981307db93,0.01418067752669471
ck_f928dba0d587d7c1,0.0029408542684399575
ck_786448fe3004cbd0,0.0027436126303993945
ck_29ea329fa40ace62,0.011238247842803716
ck_7ea52b6f27edcb73,0.019442366759405756
ck_18bc51bbf3ef198e,0.03384379939980792
ck_44950df09ff14ded,0.002137054067289176
ck_c1466b52c0a10b93,0.01614715888743528
ck_6cdac067cc4db5c5,0.059864969148206805
ck_53f55c6e8cf2d432,0.003646040591748391
ck_95945f48453ca532,0.053610263199663985
ck_87cce4126e215153,0.013166453269756805
ck_1ecd5516c92caa4f,0.005291804720581097
ck_819b482bca14c068,0.356896332577352
ck_a61a879dd46fc9f2,0.01222437859530286
ck_af70aa32c009c3c9,0.011707439833000766
ck_f4fe78e249092ab1,0.015939515458737265
ck_12c46bc52bf45b36,0.022650552531948753
ck_f05f5e4b40afa52f,0.05747276668815428
ck_0f8cb09d3f4fc980,0.15205195684999837
ck_80a64a7f0275a71d,0.009120269592880686
ck_683af7b1540a0b22,0.043366727972256255
ck_51fe0b613c076cbe,0.0019259675499020293
ck_da1a2450219dcf19,0.016175374743914013
ck_2a7eba01ceba6c2c,0.06394708914200847
ck_4e329e29dfa743ea,0.25589353505549256
ck_0274d881d6db82c8,0.007176184380923232
ck_0af5b7d128035b35,0.01387793977880138
ck_ae0a7be6b0a0ea68,0.013526274279096476
ck_de5bb7a4d091386d,0.23654600406270815
ck_2bb7c17168a9d17d,0.011269886093055157
ck_0ffdff7b2f5fdfe4,0.013747321672573715
ck_718a8390b3d42d7d,0.008033086283497056
ck_7c4f12d70f184533,0.002438940393124112
ck_d3e2c26b8adff099,0.01842700380119046
ck_ac9d3d9754104cf0,0.0029546250010189868
ck_3b1766a1d51f8f0e,0.21013453227106924
ck_a9bf75bea912027b,0.037863296445545494
ck_687eab3ffe1f8cfa,0.03582245372927498
ck_25dd0b02af5b2f37,0.10993554625149991
ck_1747fcc466f0ae38,0.0016532692015787738
ck_f6e9d14dfb6f3c28,0.048584591542507216
ck_c6a7bbd0adc4d5f3,0.026492290477784064
ck_46656a23f4456d22,0.6974045092329291
ck_7519260415c2998e,0.022405330755653714
ck_754f30ea19df857c,0.025780534775933762
ck_ba88a244d5f7380f,0.02255957675793485
ck_f268416945316815,0.011536304643590376
ck_21860dd2159dff28,0.003327050864267222
ck_7a86ef4e2beaec38,0.001163675974867705
ck_0414507baeea936a,0.02390978280203197
ck_60796eb60fc3043e,0.004206192892043728
ck_1e0841ed17fe0562,0.017581896269578574
ck_0d641d32658d6e0f,0.003968090511637114
ck_b36086ae6d87eec1,0.0059388492167371226
ck_962e65ab33b5c311,0.7784544327839663
ck_b046a42684468e63,0.012145100650211176
ck_ab3426435b0017d6,0.017305766098999434
ck_fcfe06e44d09a344,0.03860925851601853
ck_0f6d916c92189516,0.013902173012335001
ck_d4c8f0d957c3965d,0.019314856233400957
ck_2ca83dbd728af019,0.005624141225320104
ck_2857a4ce9f72fbfa,0.0041513258094533515
ck_a60e6edc48e3d0ac,0.3155943364213478
ck_0cbd3b27063d4415,0.11757817471706916
ck_612089ec90c37219,0.008050655392034558
ck_ec4e597f17f473c6,0.002887443744367147
ck_1c93cc58f314bf71,0.03437854214012338
ck_2b359a979520276e,0.0036937798424028947
ck_1496568ddc3b2d56,0.028412857507265972
ck_41d91dc9f5063566,0.017855536933974087
ck_4c5ff58afe3d7a67,0.001975737610388698
ck_81709736281fa3eb,0.0027431222225073318
ck_d89abbab3d4957aa,0.007242558252234925
ck_52453401f88935da,0.027173949099544636
ck_a477654d34783e06,0.0018307766389696269
ck_72dd0dbdf808cb00,0.017610765755149797
ck_c183dff3781746cb,0.09838114186097638
ck_c8b7f241810b45e5,0.002368351356409437
ck_f88028c3f306bc70,0.02457959288020789
ck_91d48d69e4f5d9c2,0.005957939890560397
ck_b74b9ba6d7c9aab7,0.2441292116698084
ck_03e904682dc73bba,0.004881474887211508
ck_fc6fed6ea96a004a,0.018035318288190823
ck_51efdd240e34c642,0.033601087768204446
ck_e78ab4ff52b5fd2d,0.007341933853371622
ck_4af7b97c24d89a45,0.03440383894961377
ck_295c0072eca7f7a2,0.00568100060970865
ck_8abd1a50a9227463,0.015369595318381495
ck_ecaa6f13304e3dc5,0.0023285903205345123
ck_de436e7b319be1fa,0.9900563359131882
ck_c802cf8f61466027,0.003269190908293057
ck_3d83e0a3c1cfbf8b,0.007178362791843247
ck_28d2003c2d16e4b6,0.0014056227008416053
ck_8ddaf745bbb9cd62,0.001247917996569375
ck_493b6256091014cd,0.025461609177497457
ck_a2245822cfea997d,0.003475828689593964
ck_f7305b3c64cf8a03,0.09088241268239886
ck_9937dad93a0ed3c1,0.004150109622512813
ck_d654449f9231ad76,0.009436234445634179
ck_850e2b59bc535490,0.012583459736601743
ck_e55e5bdfc0242aef,0.024383970381341113
ck_d35c51e981b98c5c,0.010159875279066904
ck_27cdf9c5e6f0915b,0.012413533570130478
ck_d328db1e1052d820,0.05781215830106867
ck_0ea30eff5f361cba,0.003563193865329042
ck_9994323f97109f4b,0.9822234586792513
ck_09054e97bdf9624e,0.002308128577488508
ck_723b4afc388113c8,0.0030412217718768044
ck_588f6e6a6a6d93e8,0.011301674580623037
ck_e1d563fab4d6116a,0.0030221306599772227
ck_53aca610e20598bc,0.008790950556201027
ck_c8131ddc7ed33448,0.0054363434074876284
ck_899f88464305824a,0.014580827245931429
ck_1c17c65804f8889e,0.013679370913272744
ck_45a16ce12893cf9b,0.009168647067806013
ck_f9d481aa4f9b2808,0.5406865156972166
ck_1d5d74169cf892ef,0.04107277370921185
ck_aba32acb61c1aaca,0.0261460564620173
ck_ec4dd3675a8d28cc,0.009389885486003112
ck_5dcd443fe0bbdeac,0.002820001282836865
ck_3a47e3f54475e854,0.006166134360332833
ck_a9aa5c344c315532,0.012321547179575886
ck_9652283c9f61fcec,0.006771687634898733
ck_752dd3d2487f78ea,0.009701697889797007
ck_a821980ac4db9943,0.4387122710342093
ck_93e0d6befb67f7a1,0.03587745117437968
ck_e7a3881c3e36bd51,0.2329333746849782
ck_12631b78f8a03df2,0.0018448575128014342
ck_57b8226610b48854,0.0043883406851643655
ck_352657008983fd4b,0.06370983610762801
ck_0841a5c24fd3dd28,0.02044814876038182
ck_db9b9d5d30f74070,0.025191451280876374
ck_a9dded7f6294e44f,0.05184081414433252
ck_91a16336ce3217dc,0.02352814185215433
ck_371bd9388b287677,0.0017248598699153065
ck_f285e5e1912a7c62,0.0025885195682287306
ck_368b65fca69fc415,0.03616623146025736
ck_d27a73596b6500c2,0.033027361080631264
ck_2d963f9b2c4d11e1,0.029534747679441385
ck_7c500e219af39486,0.00506508294866093
ck_7d025dea5951cba7,0.010397391887731245
ck_32f632706608859e,0.015542236397374266
ck_53816231f3ffb48d,0.003317779198165785
ck_9dbe184e81c1ca8d,0.09008211204406652
ck_d74123617f22a21e,0.006286941310678744
ck_275386782b1606f8,0.004179090416060858
ck_0b0e79d33e50cba5,0.0031791805002997922
ck_ba93cb604f792915,0.016373248467563994
ck_a86cd653472eccbc,0.007083608967114124
ck_87771861e0447210,0.09714611505173801
ck_212380e0371d8a6d,0.006473986302464715
ck_ef0d702d7b0ed745,0.003350157901724714
ck_2b8f33e22f939372,0.6807112151956444
ck_480347ad92037105,0.00870195903688933
ck_20124c3a16c53ce4,0.014467404039218116
ck_c9e1e3229baae708,0.014761907623444407
ck_b1befe967f7a5ebf,0.05137698154924847
ck_4672167d7c989bbf,0.05037245446623336
ck_f0c44ee5e3a42e3d,0.02782082272835105
ck_c416357d20238a4e,0.006723604846168479
ck_d0f470f8078c91df,0.013790868367698961
ck_3a70b4ee59084715,0.004713183255037855
ck_179ed66cdfc1ce27,0.002146980637855564
ck_387e5a7f163c7837,0.011732484905552568
ck_08fb463e69f647c8,0.9870512128318074
ck_732f725747393ec8,0.016818883775923957
ck_7cc5e0fa3ca5a713,0.0030847911093882614
ck_ad4a4daa826ac68b,0.2544044717632483
ck_472e0be7a3b533bb,0.03314263705845695
ck_7190177963eafdd9,0.017343432712512943
ck_647ac26c5900f082,0.007192532438504983
ck_272ae2179bbd8e58,0.0052334958220721555
ck_09b0d8af304646bd,0.001996334861242636
ck_ca0cc8ea9f344408,0.006180983240045686
ck_332ad134fb909869,0.008289929913426251
ck_fca2798914627dc8,0.07697354625496496
ck_4450b55f462ae134,0.005403347436802328
ck_d67d9dfb60b286b9,0.0027302301056894027
ck_a9d2bb4f2bde7052,0.0038689519594948167
ck_929bcae878a3ecb3,0.7214624744447032
ck_59a9e000fa275e1f,0.012331705480110205
ck_57f17254e2688637,0.016630082141542997
ck_0508908697f60ce3,0.13390067962168822
ck_946afc2943298d26,0.004333967195401532
ck_7176d12b18f2cc0e,0.0112348855496439
ck_5c47b49c26cce286,0.04184709722289771
ck_b6a2bdb2d335e1d0,0.9909272171549316
ck_1d58f6caaa4d012c,0.018776165732813956
ck_71c917295020ccc7,0.0025696306042073194
ck_bc89644ae3688995,0.008885904338181214
ck_e7c212f16d6df272,0.014171792560662743
ck_c6d2e11a368184e6,0.004594558666975917
ck_eed7f1f7548df15b,0.0034019072383704866
ck_75b69034000ca7bb,0.03292802657788395
ck_38da3bf629458682,0.005017369008758795
ck_90114c891239d821,0.002933012313666615
ck_8ee08f6777cc155b,0.017408994655178846
ck_bd86132499defcd0,0.014230426811544971
ck_b95fbf2b5640aa82,0.007771015826317531
ck_c530235393360e3b,0.007861718806034066
ck_be52a7ec43241ba4,0.1252938459074931
ck_d96eb3cc55f2772f,0.01333944183136516
ck_dd34f0a844fb115d,0.2954061954649242
ck_17cc7b411f448e66,0.03304291529368922
ck_856ea65fa27d06dd,0.013504860839323942
ck_056d5f0301c30902,0.2506397902608099
ck_e662b14b2bab23a2,0.15707692434237774
ck_209f574c8d92274e,0.011014001087471852
ck_62720b81617896cc,0.013405078557023088
ck_041614694b77e599,0.009214748773328603
ck_461e3f7b97db8d16,0.03481643431638155
ck_1b74b798eebeabdc,0.012932479188942147
ck_0ed2739384f1d644,0.01034787165592829
ck_5a4d19f1b83feeb8,0.003405735681360117
ck_463937167965a1f8,0.02980514475159821
ck_9d7151dbdf100e0e,0.021283636577830615
ck_20a7d1ce6cc27312,0.004960940900981189
ck_6031211ff118cf0f,0.0018724482483100761
ck_a6fc92aa91e99b77,0.9258361336684344
ck_0aaaa9d2f75a0518,0.02020090734766366
ck_ec26e327cc1848b2,0.009788127601600125
ck_0e6bebf8ae9b9b03,0.013214875934877818
ck_e107537a4cb738f4,0.009922761013213271
ck_e8ea56e122a5a487,0.020721519299862844
ck_98149ed45d38c4d3,0.022589107783282956
ck_0e719b3a6906b8f1,0.0013197749845425758
ck_0c6e7bd357e4a348,0.001835592841811979
ck_d3b2b250da61db19,0.8885408877115377
ck_8bb6b0a292754576,0.20656026417241957
ck_87d70f5fe48a6128,0.03844911708189698
ck_ea9edf9c107d429f,0.007305809001746461
ck_059806c52cebe4f1,0.1692775522363522
ck_a72d6df666e1c21c,0.009658498902745859
ck_1d2b80ab6c4944b9,0.005318537241632499
ck_60557f077abc42ca,0.2059387781150614
ck_e5f5cb7dd6ce4a37,0.02331511634467028
ck_4c4a939154446053,0.003991243015237892
ck_50ede3eb561a202c,0.02290575441179074
ck_6d03a542922b2ae8,0.019856178480569753
ck_d6fe761ed0db3270,0.010959703599620306
ck_7f0cd6ea3096f985,0.0032024465948032052
ck_23edb6d938a3b87b,0.0031286741550198547
ck_799aaf9f2b9ef621,0.005037611858100748
ck_f8f6a03613b6dda8,0.00911274608967045
ck_7cffb189f4f514ec,0.94314588676886
ck_c081e1967dcd811f,0.027129820540980894
ck_583d6ca78c97d91e,0.2964968738623186
ck_9332bbc7125219a7,0.00510871422061736
ck_956b5af6d7d86c65,0.8784731474402034
ck_2d634e3f24681c0f,0.023583969213924617
ck_7b35d218ed0c5a60,0.005250167508294096
ck_ca5b1057f8248f73,0.022089648755589924
ck_ec5ea81cf813597c,0.0065349435609411465
ck_eaebaf4d28400fb8,0.01374589802537409
ck_ae2ab6be219219aa,0.002008414667074032
ck_d99a8b4c820eb46b,0.006921506060177874
ck_bcfb7ffb7cd428bd,0.00498586272580435
ck_3dd542c2d31be2c0,0.006511597988685526
ck_c7dd84401e29a7fc,0.0015579235548958395
ck_c4bcc7cefd40f8e2,0.0019439238232118038
ck_c251898b5d51e3b0,0.008286909300606736
ck_36d37be780c1291c,0.004715853384094795
ck_99b4f266b61ae7ee,0.011685030298718608
ck_c37f03995f0f0169,0.001531981128485362
ck_65a23ac8e44eb901,0.0074537778613303326
ck_644b1c1149eea9e0,0.01411108754748306
ck_9cf44eb0237c2429,0.0023642375930018325
ck_20541686a94fb71c,0.036493557212770075
ck_c18245be844680f3,0.002651066969337937
ck_56de216eda6b7fa6,0.002494597672718152
ck_406c4442dee45cd1,0.0019993053352594537
ck_df1585c7d72a96e0,0.0013284642753438477
ck_b8e8dba20676d87b,0.018803576842499493
ck_0ee6965e68efc177,0.015905108024575006
ck_c2a5c54ad8d0d297,0.02163693579912731
ck_bf6fb7e6470e95cb,0.0027741366509467283
ck_27fa694569140345,0.0018085675780857087
ck_e04166b0ce66393a,0.004707419318075466
ck_8742114f4f0cb22c,0.053477770191003304
ck_6eceeafd56b42576,0.030118651934889443
ck_34f9951b0eca1965,0.017911386300239595
ck_384ccecd342a24ad,0.002222528622820027
ck_49c98bebd1338879,0.002914113501238214
ck_6c26c12071c91ff6,0.005440473258646752
ck_01e5986ebb9a78f1,0.034561934599585
ck_121db7ba3be29ee8,0.01754092117626845
ck_039e6d5a330cea1a,0.06681406134072251
ck_ae8c9163cf957d7e,0.010178473757339325
ck_3f5e8f3f1df0c8c7,0.06984977314801627
ck_b1c51fdafcd80122,0.02909561555319071
ck_12e2b5ebfe8986b2,0.0058512666954530675
ck_d55eb81a4d543c59,0.0080171109129146
ck_f85155ca5c312c7b,0.02913074240266238
ck_133d8a1ac7c0e301,0.973065652272652
ck_04212a9bb9b28696,0.9938589342593802
ck_4cc11c7d3ca61f73,0.003058971893455502
ck_2df4854186ec515b,0.011286980618068614
ck_aa9b28e7fc43af79,0.5265160322218372
ck_47cad6c3def4c9e4,0.0038304100929586454
ck_fbff7b5da8111567,0.007221006868361061
ck_bd25ea782e375b22,0.024566972905672654
ck_7989376f8cf64a9d,0.007748303736249086
ck_675c0ca1ebb1051c,0.00762382401454181
ck_1436f6e11d4008f9,0.013383049179512005
ck_812cb3a4482cc618,0.013903394875709525
ck_6e606f73a1094afd,0.011942272122118205
ck_1b708e2a4a0584dd,0.011652131926843962
ck_a60d6b324bae0330,0.02407847898635704
ck_706a4f673a9fda3b,0.33726272128291546
ck_a75ece9a9044eed0,0.00554727169190178
ck_9aa45c4e03c8c57a,0.022849418940373442
ck_9fe9bdce982b312c,0.04796308248620346
ck_c6fbdc5ba68a8466,0.010469253851794261
ck_ed0cc1b1c28f9511,0.018080491067031686
ck_a4e2607b4c8021e8,0.0016984608765465848
ck_e02f93f51cc8caf3,0.0027486817851323578
ck_7084ed3cf20781b7,0.03021235477382351
ck_cd4c63155570d6ea,0.010868498446143342
ck_d1b9e5d32d2d789f,0.004506628185868373
ck_68f56f6560a7a933,0.006616550049650047
ck_8bedacc6233c6269,0.013001472047447112
ck_ab7cb50407d6b13e,0.030343552195437582
ck_f17ed7e0fd687742,0.0410365200930186
ck_b0fe4b92fc70f72c,0.005036056550298421
ck_84d62b8196da2452,0.015876062270504282
ck_9e298cae167f4693,0.003755408008312621
ck_405b20ef9ad0ba5f,0.06633694034423632
ck_813e02e1ababd177,0.0070069074068700695
ck_f234ab47061ba7c0,0.0018468354786129136
ck_22b587c18363899a,0.008008473887907687
ck_4e862c2f48c38aeb,0.004346746988866781
ck_b89cb90a420c9075,0.0074559833198423785
ck_be2251640f27a3c9,0.15620810927994022
ck_46bec0bff167ed3f,0.027707417024349458
ck_c0032232c2868328,0.005896575591290493
ck_030cf09525dba4ba,0.0019631203352926943
ck_6ecf56236789fc09,0.9308944294451458
ck_38d4ed52cbe6d123,0.04370680540208053
ck_2d923d957ffd4d53,0.007262942760500693
ck_3af1eb88728ed8c7,0.01661467726584194
ck_2f8120ca80a1592c,0.02518568344553445
ck_6cabb1a133f0b151,0.020765962081115148
ck_bb6cf7e7b707731d,0.846858849254212
ck_c8307fecafa90140,0.018465201099547364
ck_75f968be67f46d24,0.015181465395385542
ck_df6fe4ec5a233213,0.002884186006260491
ck_b53e88c0e927d896,0.001981311841995025
ck_f0093064aa28f4d0,0.018807142794105364
ck_ec9976cabc63ff92,0.003413580753970788
ck_30dac0a58c5590cb,0.07307914764539564
ck_348a525791ae6475,0.057621678496545155
ck_b898d912d1181ef9,0.024988806657533405
ck_f5b1200dc6f95760,0.021939233753115288
ck_54978a073e7a0b1a,0.007253291593971481
ck_55933936536a4071,0.0076588092693027675
ck_d6ba7ffd2ae08863,0.008828258740239467
ck_404e2217fd87fdd2,0.0017387521842242327
ck_dfaafdaefa5716b6,0.05506799517678165
ck_556c62e92d4e7e5b,0.0653880262518603
ck_7ce44f4e06d58111,0.1685395119675956
ck_465cb8ce232c7670,0.01066741750233631
ck_237508ca4fb37268,0.0531725502316771
ck_ba4a6b9aa63964ef,0.011995821294233645
ck_4802a0a7a1882c88,0.23868144644905318
ck_9478dfe4114c30f6,0.006290255828458232
ck_5138f6c575dec64c,0.009302972854976334
ck_aebb42afe430e2e9,0.008368100503485512
ck_004efa95555437e9,0.009735144534796146
ck_11af112667c98394,0.01421936241404353
ck_44e9a18a8645c9d3,0.003048142337457577
ck_2605fd571219e28d,0.0009632028792224161
ck_dfc933493561d84f,0.011971546657189414
ck_67674348e68d1f25,0.012918706725456428
ck_dd97429277a2fa00,0.0328246002678026
ck_d3eab7a06eb48348,0.03205981880535158
ck_0b9fcff9667ec05a,0.008543267031108224
ck_fc4bfd6e739bddea,0.002360714019882488
ck_43292f70a03ddf2b,0.020659849871030637
ck_5ff6108056a3fef5,0.005403581665001399
ck_767e0be086b5f601,0.0560289879279676
ck_b8465b1a5666155b,0.011188046057272298
ck_ab2e3fc56f5b3aae,0.027407677052339326
ck_1833c81d693c1e07,0.7603994351914293
ck_0308e0602b856445,0.0048868904049316235
ck_ccbdfe744acff8bb,0.01811648872187051
ck_b294aa27a0b586d7,0.0017780467127516077
ck_a3747201f377626d,0.8718481562583972
ck_edde1d7d1db24725,0.03009173285406483
ck_ae3b47d6e1063704,0.008232783125824723
ck_3aabf5e0f4defb41,0.00903561901832621
ck_f034adb57391f3d7,0.0183545521102087
ck_533672fb40531607,0.19444496835806596
ck_2a244f1ae08ef83c,0.020962917400830533
ck_a35d81bcc54ece2f,0.014171017572382878
ck_78a61215675b38f0,0.005891231779995653
ck_e013d88ea7939616,0.011781596395895618
ck_e5018f9418e0102e,0.019168496549320402
ck_d4e024fcda401a31,0.003298163792064955
ck_f736cffbdb82db34,0.0014343794123672297
ck_1507f5aa50cdf3a0,0.010982781596567051
ck_18270fee7c8fcee8,0.004937740767353463
ck_95ffa1a805a1c9d1,0.003563545529848141
ck_11132d245b94d045,0.006869188009222193
ck_7b93a622e40d8b14,0.037633225566294046
ck_3854c08d17704347,0.0813614825434575
ck_7717fcb100dc4b5f,0.012750763617252714
ck_ba54e0a1c328119b,0.4518259508948036
ck_a7afdac4ecbf2de4,0.48012422291892964
ck_ecfb771ed2352085,0.00822419052987735
ck_68be4fefc85a6b64,0.12370784810702304
ck_dac7c50bd6d0148f,0.0032450457084643764
ck_87cf36a03bd63c24,0.7423093909957443
ck_8adb40b168b59d7c,0.035759981109056926
ck_8d2f62930777416b,0.05124436777435698
ck_9958b58da9e3c21c,0.027730567802527528
ck_9440335375701f44,0.013546112333462937
ck_e2f88e202b6f700a,0.02443087502434447
ck_4c7c50684827a2cf,0.003698916459069549
ck_8a6ea4a79b1c7a8e,0.005583659597260099
ck_186dbff4b24a3bbf,0.28252170701080614
ck_220fda3c11c59b6c,0.06993676932908999
ck_3acccc69f8b1fd14,0.0269595507300642
ck_9de191bf79afd676,0.010952651068564894
ck_6de6b1663f9457f4,0.0014145557611275079
ck_062754f8b79b86e5,0.0019959378372055737
ck_aa153a89a52f7eb5,0.032145853502443755
ck_34a6bd3be642f15c,0.022241358736674897
ck_9371c700d9830326,0.019606170989068236
ck_a99e0c258ad7576b,0.005116108371993395
ck_0a7ba51d626e932a,0.03596515435256106
ck_852c50bbba1ead13,0.03934831360897706
ck_43dc13b6b6d31297,0.037313528369478904
ck_7d81b59d615a6649,0.022194247817112225
ck_39a3f1da060e88bf,0.01908186988857219
ck_6fb2d142c09ed3ed,0.07678155848497675
ck_6e5752b87324b58c,0.010598425474318777
ck_9441d48a12e8a4bf,0.056419363892575326
ck_09e9c51eb538b255,0.008282749077878234
ck_8d0cd981ed3a183a,0.02487216420443813
ck_57c07c45269ca8c0,0.005628096814862637
ck_ccfc9ab888ba933d,0.0094394117516741
ck_9658a6ef471053f0,0.003203436709467043
ck_dac3852758f4ea89,0.0020317898618797156
ck_b1ed2278f5f14d82,0.0102859193831276
ck_333544d173524f70,0.05682706940586361
ck_fd4582e3853ef23f,0.009645169582587144
ck_614d936cef98db04,0.0029894174024699943
ck_6bc351a3d57aac54,0.018239959182650405
ck_af5842fa7202ff25,0.021039335526096995
ck_81307759252571be,0.006600327820835422
ck_b4d2f02d2cd45720,0.4058047111551085
ck_1bd753a4681946c8,0.9802690082246435
ck_46d8c029d46867b2,0.004659162408932304
ck_b7da6640fa2f49cf,0.43926768733162386
ck_9ea3d5a5a91fef9f,0.058092544071741054
ck_7b922518f667f76a,0.0014015885173735995
ck_2a5b31594206eb30,0.6366936352567962
ck_d9506476ad3f9e08,0.012233840411459114
ck_c8791f7ebd4d93c7,0.031708973762404793
ck_b5a3e20fd210017d,0.009450865352414248
ck_8e54386f4fe22cad,0.007652222880339045
ck_75296704f5806f56,0.025062336600477894
ck_0fbbc7a6af300368,0.0038391949855442866
ck_d19bf4dc0627113d,0.003832637554184974
ck_7951bd4eb99a0175,0.0013861501794769776
ck_059e4fac6b7f704e,0.01341804637246789
ck_2ce8931af02a2ce3,0.010357386366742008
ck_9e665618a4860306,0.005715725690767073
ck_6fce5a893613fd2c,0.0022948427789104254
ck_9e3fbd04e3532f32,0.0927717672387523
ck_55f2ef0de3420e3e,0.027480744666053054
ck_8d87658a6f5d204c,0.413940716459562
ck_6d6ac1f5dd882aa5,0.0015060159611293437
ck_55d0c7012d7ef236,0.0231738877986549
ck_7738eb085e5753d6,0.007150088280696926
ck_0e6e05c3cc8c8242,0.012648085636796178
ck_8d27ff8383d48132,0.0017847201745491816
ck_9afc3bb849f3a64d,0.014559477903899509
ck_27eb86a9898cdfe3,0.006488076140254231
ck_1d40e4fc541abe93,0.17407749252517685
ck_4fd9dc00e1913587,0.977827932075815
ck_b26cdb2b7b165d2e,0.01700289627131997
ck_a79a27767a02e31f,0.01760687221936936
ck_f0c18cb9f951a71e,0.012240474909700608
ck_50460e0189de6274,0.9632658318186496
ck_5e5280539257c986,0.00574976404864978
ck_eeb854318b3a6f0a,0.01068609667009414
ck_943f66f28dd24750,0.0021871851469116355
ck_984dd7452aee372d,0.034065388635582436
ck_ecaa6de0aca5e9a0,0.024030777445503925
ck_8f1cbc432e2774f8,0.027139284005379162
ck_d91d9f8445b9769a,0.5207724450217798
ck_73c18e03e3c7612e,0.0012059088009043562
ck_aded05ada490da20,0.008877250802107522
ck_f744e208183971f8,0.0022411104110967176
ck_02d4cef6358ad3b7,0.003659144625446765
ck_08ff5bd467226a5f,0.0017298555225209807
ck_f824b326d5089885,0.16627558094274492
ck_3420f2fd520890f3,0.016663556550088263
ck_1838cf8d00f5b1e1,0.007650340615183507
ck_a85182ad90b6f1e1,0.0015843908647032215
ck_fecb39c82c43e76d,0.004860168814107211
ck_162513e73782929f,0.03445911606647413
ck_2c27b77c59d8f23b,0.08993643215883723
ck_4221e07b17388fd3,0.05007804258690836
ck_adfb8472d5c3d669,0.016216957649665673
ck_0742fe64055d686f,0.0023763461096926925
ck_5060aefcc8b6f958,0.014996962901092223
ck_643f549b4ac78a26,0.40030451393742994
ck_dba767885bd6ad69,0.009122994390957657
ck_0dda35c0c64c7073,0.9805803580346883
ck_38ea56d43afa5660,0.01525519002058152
ck_d813e15ac91f487c,0.12631714873840674
ck_4c840e5585a7b167,0.15842797800158331
ck_cb8551453a7bb929,0.003236870906042363
ck_05a00b1dd5a03359,0.0024535584252435246
ck_837cc7fd48453a01,0.018951243399436747
ck_49dd816b31fba6b6,0.8493097340524092
ck_86a61d9a39768e87,0.016652095747800976
ck_cd0e76f0e7bb38cc,0.02935199799398123
ck_dbe58392635133ca,0.05432567366111682
ck_3caec7dd6f8d02c9,0.045408804387748594
ck_bfd9bfc5b6ab4a54,0.2567100638021662
ck_2103399bdb2898a6,0.007088634743328379
ck_329f7de7279e74c5,0.00857410242095492
ck_9bf0d28119fc42c8,0.01244854361459628
ck_f781539b1042dc83,0.002490660292434726
ck_9986c7d781ac6b4e,0.006509912717171709
ck_a627734880aca848,0.0019594060264574893
ck_2106e509d77fdb4a,0.23927161272201053
ck_420d1a9c604293ce,0.00796628860084406
ck_fce0610c527e2b56,0.03203482153959389
ck_073da541ec3f9d3d,0.010206855766135345
ck_aa5f3ab48c17fed8,0.08856200870629942
ck_0fc1086e1c9e04b6,0.013091521165589494
ck_5c33bb46c1a5945b,0.02068565978045918
ck_500948a8d4bd8e13,0.014132943928460161
ck_19becd44f2c3d2b5,0.01372869321756295
ck_7d0fe77dd5ddb656,0.026317025469331838
ck_f158d9e5f101bb35,0.013682692927524517
ck_cdd7c77823c2257f,0.059513018446354926
ck_6c7b41374f9b2e55,0.0072922678827395445
ck_417090dbffb1a63c,0.018022496410943646
ck_dd0e17605f970319,0.00956610892715731
ck_3646515079e6be55,0.008944073428296468
ck_89c8b06aa8c84b2d,0.05969856971178021
ck_e4d6dedd97233c07,0.06619740056527423
ck_bc82fb1895fddde5,0.004489401400992823
ck_88a8b1d442ca3686,0.022509054199305923
ck_5791f8f76a629a4f,0.09090497774324321
ck_9cf5e88e97c8c7ea,0.013335724832388193
ck_58fd684aa5a6f289,0.0019104120723786556
ck_9800c21dfbd8e811,0.005885605652779266
ck_8ae64df60ab6ccda,0.03668133023780168
ck_e535fb0f0c00418d,0.06560836476768236
ck_48011996d54855ac,0.29905898833225464
ck_ac79c72a8fe3fdef,0.07604420656212932
ck_b8cc2df5192bc49b,0.01659975620434164
ck_e96a5e1f08f8a867,0.0030668629298704576
ck_84df6770549e43fa,0.007380945329654865
ck_e5f7b99ba6ec5767,0.026310076950396173
ck_8347455ab53ff620,0.007056110991020915
ck_a84f2cdf695a71d6,0.005618742294743697
ck_90456160115f9ef4,0.007747616293190095
ck_ebd178b3f3a9c50c,0.011569852379248059
ck_e1140be6157bacbe,0.001880539945711099
ck_744ffc11d32b96bc,0.0048375700450584876
ck_e12a9f7d027e3387,0.004489874521375058
ck_cbe525da0b69f18a,0.019875255090440806
ck_aa59702537557ff1,0.01626466602300679
ck_0348cc6908f7f3af,0.0023136734686019416
ck_120e995d50956bee,0.03728318217115956
ck_9fcde1ff46cbbea5,0.0029780561651743813
ck_54b0b070689c50d6,0.001787729720754196
ck_966a167758fddfd4,0.03476086156819312
ck_d5194f2e92fd6427,0.012392669868067387
ck_2ee84f3fa27f2cb8,0.00563466093349071
ck_57d0a7eb7eae2eaf,0.01745035802879609
ck_6a2c4edd82e10969,0.0020763412118709234
ck_96e4d38ef670eaff,0.014414244740476303
ck_52cc2fd5095b169d,0.0038245369454177293
ck_4b088920f3a844c1,0.06385870587314155
ck_8f3ccbd20d59f1f4,0.005721380944153139
ck_e5e5dc431bed6f9d,0.009055031312506791
ck_e8b5bfa6838e28d1,0.019714143317718306
ck_4bfeb78b47b7c6a1,0.06832237471478389
ck_a705c61bd679496f,0.0034096453223189447
ck_731869a0c39cb2fe,0.035885750646899583
ck_259eb102342057ea,0.004464995215377155
ck_47a6005fabc33551,0.0020495524275853604
ck_682262b455a9edd4,0.0022838362239285736
ck_e839d104854945f0,0.004997102268519767
ck_761989aa4c47d746,0.019536094204752427
ck_44211dc210139ed3,0.0065407421227225305
ck_9915ceedf63a5289,0.07117298105313066
ck_da59ab47cb6284ad,0.002115493336961939
ck_e5cdbfcca2456652,0.004603803783409961
ck_13f2560c6a1ec62f,0.014790723817735097
ck_a0543e9b3abe1001,0.061301288125503915
ck_11c7a58e09e6547b,0.050859692196742905
ck_69587a134d43a4ad,0.10559794047111543
ck_28dc0de0ae291f37,0.030198359631228973
ck_298922703c5bbe05,0.061992511045019266
ck_fa5ba9ed9ed6a343,0.04441487163046742
ck_c08e64d424e56c05,0.017994161621595648
ck_598e036a28262aeb,0.0308187034721107
ck_3f7c870510083a51,0.011670601999945834
ck_364f8203a3e98d36,0.7609824499615628
ck_7333cedb61506ead,0.0072371420470346715
ck_1d96d7fd65f208b2,0.022753010356181498
ck_63133a79f23e2627,0.07359132353661127
ck_901d820e0b72abae,0.001484892623947578
ck_5dd80b3c01457bd8,0.008046906797550383
ck_c0b8067c144ed6c1,0.013358059861785695
ck_cebb8aa8c8f62c60,0.003998976085397291
ck_79749eca42ff1f5f,0.013002256016505651
ck_2cc1d9b587f6da31,0.10463669534079653
ck_ccc7916b56d42195,0.007615446299152141
ck_e43e53cc7b8b8e41,0.05726482760161238
ck_4ab74a6e7450416c,0.004552091375424653
ck_6e44024e9de301c6,0.0018285620875712477
ck_dd78cb6ae2866cc6,0.011800366192311933
ck_c363d3b050baf3b8,0.04552768149610216
ck_2d46291975f0dd08,0.002021437604638893
ck_76ebeb5aee42f041,0.06421414416324063
ck_8395f004cf4d4c08,0.003209037015349786
ck_de7259c3741db179,0.02613410115549557
ck_3938e92585df2b34,0.01344130018911417
ck_af69bfcf4f07d932,0.010571015033371867
ck_1723900ab9afe374,0.09697664761142735
ck_3d58628d1c853c8a,0.00792201578347817
ck_12a074db100481cf,0.19478295910623553
ck_8716cbf892c50e29,0.023288887733872037
ck_fbf7351958ad9615,0.004895833496634505
ck_a50370907e6b397c,0.07140384281235246
ck_937402a60df0821c,0.0013348761586413978
ck_8ce9c5807acbef48,0.007061433518308592
ck_acf7d65eaaa4c31c,0.002812631264219345
ck_ec3eb6dd0967cac5,0.043717928925649706
ck_fc832b0c90c9bdb9,0.9045399800135092
ck_8129e81cde280131,0.0058611091323259945
ck_52c0ef68aa2fb8cf,0.007557671398884906
ck_06f042e9b1b662fd,0.04261238498034492
ck_0bf35dcf7b38f650,0.002192599834699975
ck_615763afc2e17a7f,0.0017356151104258265
ck_e72db9d4b2fc9997,0.9810100309918592
ck_13757bf0eeb353e2,0.005640342055708741
ck_abaf371ec8249c4a,0.09018558358972574
ck_9b7167da0920c37b,0.023129089649965143
ck_2e824b0b27494a17,0.09223172872338598
ck_9a0b605e9c3220c4,0.019835890296738275
ck_a5276af466b681de,0.002653440211254964
ck_9e0383e1fb6e214d,0.06475006468537545
ck_6a27c44b691dbfac,0.0033977194101311643
ck_af39767cf583905b,0.01427899677390811
ck_243b1b9fdd3f9a74,0.0027861685239760252
ck_c0422e638a9c6046,0.02607525015227527
ck_e0f3ea3373dfc4aa,0.02721274077711338
ck_d56ee1654378ffc7,0.02340250004366297
ck_20cd2f5666719baa,0.0018883759797203646
ck_4dfa1c1e9b69fcc8,0.01253077750254649
ck_5d22e9ca1d15180b,0.7537032807494679
ck_f4a7ac178fd55f0e,0.0021974919567384803
ck_fd5609bd23a1eaf8,0.005367426629691816
ck_49c3bf13dc9471ce,0.020124917541473428
ck_724085c3452d4693,0.12935511043298079
ck_e5d1462846154a75,0.05549584943833297
ck_c69ef0f3e7d6acf9,0.06679728891884351
ck_a2d0417791d4132d,0.007045219935060186
ck_00a07fc2a9183c3a,0.0026249864264731456
ck_781b8288e54ba8f8,0.1841242692189936
ck_d74a62ab3804a81b,0.007847244876850096
ck_abcbde211b6267f8,0.02732174044348779
ck_16dbafc035574654,0.0026688236389184232
ck_018f780215ecaf38,0.015822699204465326
ck_0b259620eac51618,0.004893667334463388
ck_4f875342394c110f,0.032367036103488206
ck_399e45e5fe9beaee,0.005949681058757927
ck_36224a2d394ebfe4,0.10390605165059658
ck_c189b551bd111332,0.0013259768193652093
ck_125c5a720ecb177a,0.048632973320466684
ck_76d010aa02eb477a,0.0009853799318970161
ck_1071d14c46c92379,0.6826132109949166
ck_61d244b2cde483af,0.01573687030101007
ck_2ff1860da2004c84,0.003369047261459324
ck_c5b583490198672d,0.008547199758478037
ck_1294f7af22fade11,0.1418371817872353
ck_e3a22799716df39d,0.005947371838844131
ck_c77e22834ef97005,0.495998709237392
ck_73d3689728270a2b,0.004341195669815459
ck_295565fbf77ef885,0.005468988455427538
ck_80c0a7f54ff4895d,0.0061786482569159305
ck_f1ef5cf7f10b16c8,0.029277881302232925
ck_a958b2461ffc21a2,0.10315098046266763
ck_0e7899a57cd617d6,0.0024212688208552127
ck_9d4fed252718f58a,0.0066531077378306335
ck_83c2c34add971d76,0.0015057771242799507
ck_9ccc030ba2de9fb2,0.019642252120137087
ck_cd691e3466fb3742,0.007146781916141116
ck_49df70f908dfd069,0.029984015405632156
ck_362ce13eec1e33a0,0.005278503720413731
ck_2452a30397dfc54c,0.010503928328916435
ck_a443d49c2b4863b0,0.013950518552571026
ck_c8b2e2cb349dd0ff,0.007637678875669809
ck_354909fecf5da8cf,0.009959142130002905
ck_841f598bbd54c83f,0.041822863682267494
ck_cd6fbd4e8724f994,0.010907198580916933
ck_e0b3158111370118,0.01740113515319556
ck_4c2f2eb657c2c60e,0.003238183385473464
ck_ef346071f0b7654b,0.007032485497714682
ck_f3bc10e3decefce4,0.004900007231432657
ck_189b6fbe9b9192e7,0.015373700207636768
ck_5245cbc5ff4d4fa6,0.01244752336940573
ck_cb42e3be6fe87f60,0.003635466870114611
ck_966d4d713cbc7792,0.0018089462582563062
ck_1c8c969667cbaab2,0.7413221157468611
ck_d35e3aa9ef5d405e,0.08083656319556334
ck_a1c39df50a5873b3,0.06883176050219242
ck_a152165caf295b51,0.05321032714162779
ck_891eaedae139828e,0.01016657002266472
ck_1a46b56f4734d52e,0.005550547183404192
ck_5e36042cfad96c99,0.17864682466869009
ck_02a8582c2603e675,0.020263414668180206
ck_6def9d0429e4ed4b,0.019073910463024077
ck_e137400825a1e3e6,0.01393117433425052
ck_d91ab840848a54fc,0.00195308431532979
ck_becb6e1c608e0078,0.0033522000778353355
ck_6fd8c86ac719d7eb,0.13206523529366526
ck_3ed4d13f12fd9d0e,0.11178282377172472
ck_007337aa99a4891e,0.0017253575219659451
ck_60c3d8306527a08d,0.0041944227191450115
ck_95458880a54df0b1,0.16945639392465509
ck_b48cd8593533fc1d,0.8553062271766658
ck_021c6a4a7e3f1f0e,0.0029551805682195703
ck_764d40f865e710af,0.00804062894914659
ck_4b84357ae8ec7777,0.007474774031531715
ck_3397c7856b4669a5,0.0017557516387530139
ck_920bb003b42e6310,0.004536221445517375
ck_8f59f11b512d5b7c,0.17731924502061883
ck_a3acf4b986afa98b,0.04981258985947053
ck_e89d25ed7bdeeaea,0.00543642496226889
ck_70e6bca473bf6902,0.005549062334652428
ck_186161ce152836f5,0.01800559036309402
ck_9191579254663f5d,0.00650776608164071
ck_1e6628879e9d653c,0.0053504532381044795
ck_b498fa91a0776ff6,0.027276337076374297
ck_cfc2384f22954830,0.058592008950556496
ck_17673a1c2867888a,0.0013322261633724125
ck_523dce06515b072d,0.017507750117697292
ck_c20638a325ead2e4,0.004133894333899673
ck_d3877e1f907cc148,0.0453904251631525
ck_e9a2495dea8675e2,0.015243022508989757
ck_7e561caa5fa1f3f1,0.04022552194520329
ck_455672e652fe1abc,0.906894292430316
ck_7f8f864fcc90ca82,0.02190641939213851
ck_1ad36046aaeb816c,0.005715144119143919
ck_de056e37c82e8e00,0.012979125207447527
ck_7484c214c889fe7f,0.03618895749352388
ck_32430e678c4f9f53,0.005468295682085721
ck_6276ece8f80ea799,0.015391898387801202
ck_ae8e5dc4b725bc25,0.025245495045835745
ck_f01be92dc78a2dc7,0.019132565001707826
ck_233397a8bd40d38d,0.003423164880844115
ck_f8124911450fdf31,0.8151656936243784
ck_aa0a3179f1111674,0.005654905613617699
ck_2366b29ed9887a5e,0.002717506404435216
ck_1f22f04dfc08cf27,0.0047318848823298945
ck_b62276c3426d680c,0.015033343379237563
ck_d099fca88691f66f,0.05412432235524284
ck_166bd1dcbaf4d6fa,0.0010902839956367922
ck_7b1660e942436e12,0.022837749249351565
ck_4a9a791a1d409a3d,0.029942608911892758
ck_b003e5b54df65db4,0.02041930894600128
ck_64b4dcbf436f0b75,0.004551835170027895
ck_26e9a7bb2061a58e,0.050230635151756194
ck_08b77ad5f8f73007,0.012178998338424049
ck_366616a725afc6bd,0.021784147836265498
ck_934fb5064b6eefe2,0.0018279388170219417
ck_c6abd5d57b1009d2,0.004498825501687009
ck_edcfa9e1cf29d813,0.03853493790377853
ck_c30201ebd003fdc7,0.009713766273168344
ck_c54643d94d3ce355,0.04449235485070786
ck_02adda6e91e49650,0.024904419348135746
ck_5b73d7c5255e58a3,0.19956749224031867
ck_129ffae92dc01408,0.0018557465190945808
ck_fa321945ebedb916,0.028637935863363488
ck_8da980cb2e1e2bfb,0.008656923468173138
ck_0576b00d728bdf19,0.038619616439023605
ck_c543d82e22b3c8a5,0.002160556548441625
ck_0027ba644f9ae2cd,0.14089832666239
ck_8dbf61df902a6bbc,0.0031716168652653302
ck_90eeca1cda79fd41,0.005795942711396353
ck_86d7127391d4e01f,0.002078578095823046
ck_73762038c7ff2f6f,0.0034208434315845145
ck_a1484e6215fac651,0.7613155419128241
ck_cb83b9f806e90dc6,0.18117808632053053
ck_8c6f059c95872126,0.002465948290561398
ck_3174419a81e7caf2,0.008363835460462949
ck_6a0f8f8fa4a3c2bc,0.026969937204776757
ck_b5777605668bfca1,0.004122093768821642
ck_27e4de495abb4d15,0.009358937363138774
ck_7f6fa79c7a107161,0.021673708303070697
ck_c36ed9f8e6792ea4,0.014090396052676956
ck_67a1aa88d2ea554a,0.029656801706634844
ck_09748dfe4df3d540,0.0026914893986850867
ck_27fd85b1e38b675a,0.0014995271317258542
ck_2369689bd795ee10,0.004534605281319144
ck_4eb1c12f7d092bac,0.0025016215998084554
ck_01fbafc42c8e33f5,0.010459141043101333
ck_93c4e05699b3b7d0,0.00858768178299485
ck_afc484d1b6907983,0.008092516624110249
ck_1b2d9cae92a1aab1,0.04196381550021119
ck_73b729cb161487f2,0.010905635918815697
ck_fe3c1d0ac090d960,0.05914022051868605
ck_408efac1d3885ff8,0.05027597561519665
ck_ccb4dd9d0a48a76e,0.005614407519470366
ck_2987eab34ca7805d,0.026822032866713634
ck_1dbf1f15193197db,0.050666393575490666
ck_4ed711fe4053e74d,0.05564556932682653
ck_6c54adce174f45f4,0.002990726125147185
ck_a6c740041faf0bd5,0.011886609545543755
ck_b05c4d33c4f43639,0.04038392629482673
ck_032880f1114dd51c,0.020049599576505393
ck_22311b037456a76e,0.0023870415544460215
ck_5866b413549765bf,0.011114652040502195
ck_0e808afe2570ecac,0.01690460559561906
ck_634276b05f4381f8,0.008518215347088128
ck_5d8773badd0d4740,0.008567890962619522
ck_82b5b79ce3517102,0.8706481326859654
ck_b378b8d8100ee4b1,0.01589752485958569
ck_54e581f71be5430d,0.002099456578459667
ck_798ba4b8aa544fea,0.001268299285546135
ck_3fe86b6331ff95e3,0.09537261380380671
ck_81275d9d4c559e6f,0.003431343509326142
ck_99a4e5ef02d89493,0.021993765248221657
ck_54e2eb018d947790,0.007474449342270315
ck_966901ea9c77cc02,0.0069015039251404085
ck_27d69ff4e0cb428c,0.1384838667252025
ck_2cee2dd7bbfc09a0,0.8181805256758581
ck_4136b00924695ab4,0.0008187963670849796
ck_59a164c40c03a45f,0.004867479522996721
ck_3e24b026bc66789b,0.003533141543798133
ck_8105bcf69a75ee47,0.0052183196157276086
ck_7a1782cefe26a456,0.0392674096825375
ck_970c7dc195161272,0.001898210295599076
ck_a48ec0c00ae20e82,0.018953418584632314
ck_54b374ade34e1dc1,0.007492451753359303
ck_74e5dec189761d14,0.004915133838963952
ck_4717f24f2c6f40e1,0.03465852242239058
ck_fc8cd8a8209e802d,0.005303467278588549
ck_71db4131d7efe218,0.010183434706150825
ck_45424ea6f0bc4650,0.22994052780750568
ck_3716c6181a5035bc,0.046607516214811136
ck_26de14b96bdad4f6,0.0072089895208851265
ck_99c0a41ac9c73857,0.008066399986119598
ck_645f15bbbcff3b4f,0.9856523010059854
ck_b7e25ddd41514d4c,0.0029637255137928194
ck_d5c14e877ca7b755,0.006407782988330975
ck_05ea4440dac6cfad,0.017968109100849516
ck_c58bafff7b1955cc,0.010268971378957535
ck_f0cf85b67a9b840f,0.02815728709094693
ck_ce1500a7f0d03fba,0.002385227787265653
ck_d4972a775aadbbc8,0.010220928159953282
ck_3eb6146c262e0fc3,0.0010158748483090393
ck_afb23858a4ef42ed,0.9594458793632963
ck_2c1def5c91c52a5b,0.15978206324577787
ck_72e550559487b919,0.004766357650964226
ck_0284dc2b4f856b3a,0.27194804088415026
ck_03be334935e999a2,0.004957988767545824
ck_e35a4b4a3cb4cedf,0.01127371649728332
ck_5abe57dfff4b735c,0.0056939508711750155
ck_f5f87f772388efa0,0.020652295108760415
ck_5a22cb36d612236e,0.006908728249804905
ck_8ff1e6028e764472,0.9319257578529629
ck_2ab28149b0986642,0.036163115839226
ck_c88fc1bac79fa6d3,0.05763605627681565
ck_5b137d74bba6b1b4,0.001506520418191706
ck_11f362dca2dfaf5a,0.015690381242331658
ck_7f960541e5174565,0.0027291408070639965
ck_d5458ba39ae94498,0.011469209865390604
ck_0a921a73a90c2e39,0.026621531503957276
ck_6ad56ef40086dbe4,0.010109972966294898
ck_b68199ecccf2350c,0.002894453950020749
ck_6dac66c8198c07d8,0.007705417210606893
ck_9b9ce7bebc235fe8,0.00499795458020756
ck_6b817117d87063a8,0.0168943486233719
ck_900d62b3184378c7,0.0016644703591764968
ck_eafe9b89857149b5,0.008979263491074784
ck_e74716a525ee5b24,0.003871224465055735
ck_4e9a6f06ab134102,0.013804171019084533
ck_b0d33b5a3716661d,0.00968826263002169
ck_8703543bf3134306,0.014885371246688357
ck_923d6a0f83accef1,0.01975639710622378
ck_52e37e2170532e2a,0.3744786868679097
ck_c1c5ea839c58958a,0.023447444690489136
ck_660f0006780e87e7,0.010546463950838636
ck_830b2c5d1818ac07,0.09909492012092318
ck_b080ff636932d1f1,0.001186817046205409
ck_38730aace405f2ae,0.9929310943060476
ck_9790138467a06223,0.0014169284109852517
ck_10de0b0d86b17839,0.0021544101834237504
ck_c3e37a4d3382c32e,0.0027267042775920916
ck_dd8edfefa1eba531,0.0015520906063678556
ck_8153cdadd300d234,0.0020517036038398594
ck_74d0e7c2c6b63d36,0.8749666479272444
ck_c478aae3031bb328,0.006499810603706302
ck_cf301f2194975866,0.01467334809353084
ck_f4de03f44e3a5bd5,0.004359084471432527
ck_b06ce826e593b210,0.04088353976133418
ck_2fc70b6baf6a0e26,0.0033677816343371954
ck_d208494cf5c90047,0.043311075366302604
ck_086d29ccae565e5d,0.005778930511151317
ck_d5ef6dc116dee408,0.011670832145805141
ck_fdf0c5b722d83464,0.006250778955469964
ck_de8494b13adeffb5,0.005886336254442742
ck_556786868599143b,0.016982545567064362
ck_4940e78cbdcfecf3,0.015471145466920758
ck_d32fbbfe32c00416,0.01858626553787532
ck_bc7710f7e9fae649,0.002309211057116494
ck_416f7ac57da081a3,0.01981956118819107
ck_6fb39b60c67d5475,0.0023365232853225356
ck_e40a156511345d6a,0.004974121882443387
ck_49ab879b5aa7fccd,0.1024061720072083
ck_bb643194d1cbc47c,0.9847039660856945
ck_b3ce8f1bcedfa043,0.012662314037984842
ck_558ebde8c29132a4,0.011538474652905837
ck_e6222925762273b8,0.032822461688787455
ck_bd80546b4807dd59,0.014720211335477613
ck_bd21164bd2bbb635,0.012084483764918753
ck_ea835557d7043667,0.006709725376121668
ck_1411a80a157ff39c,0.011322360538504567
ck_ab973888c20c9120,0.08749917215813144
ck_95b48972061abe82,0.013506549808885278
ck_fc4a43f8876bf10f,0.14076966048504166
ck_f34fb7ccf82f41e5,0.011744419225824589
ck_5af9934a56801ac0,0.006144628104273115
ck_fc7445ec76389a58,0.465394230096572
ck_1eeacc26f02fbba4,0.030658514325882427
ck_4f325dd15c9bd45c,0.025348098077283877
ck_5009a6c8bbaf15ba,0.02523885756109362
ck_0f3de7f074bb33af,0.005353354214234275
ck_2cbc2f93a32eede8,0.04658067594188833
ck_4bb90a61c21a303b,0.008445097405516288
ck_3ade9eac7d7b0dbf,0.201432680268206
ck_4859a58629622915,0.01482686752097698
ck_5fed957287ebca03,0.002188719024729121
ck_ec01ae5351500355,0.0022056633336558435
ck_703b41624ae6a5b6,0.0023007184840184293
ck_97c38e7f61c27e47,0.020390805750657142
ck_db2c0908150cb2cc,0.04000857176203139
ck_64ac5e6fed86ab60,0.9135319781078943
ck_da1c853b0a061e83,0.04508565661585588
ck_9a36916b60178ded,0.7290329520634533
ck_3715bfa7fed2c675,0.004579429861382751
ck_dd3feb77d7d4f6d3,0.006467156770192925
ck_982ebb24174a4ade,0.008902743195352312
ck_f6b7a10d47dd9a1f,0.007676158687041012
ck_1f56fe99f250cdf4,0.024767742183712065
ck_deb3ac0606d6f6db,0.014570452556501926
ck_e666629e5a41b39b,0.012018744198080585
ck_756d2c13d02b3e09,0.017397864489959627
ck_7bc752ae7cf5d55f,0.01630125268091163
ck_fc0cc4b25e6a8194,0.007326208518184739
ck_9b2b0e286de78a1b,0.01745136782268105
ck_24b0803447211bf3,0.021233153774112258
ck_82eed68d05a42128,0.01937049705759032
ck_c8a03c516ed5b05c,0.14301675828224575
ck_e914974cee1bccb1,0.017006832947510583
ck_0c533ff2d0f9962a,0.023301621564077297
ck_c12805fa5d970a83,0.05810071517715028
ck_fc2cb29918631f10,0.15082092077835416
ck_c20e89afe575549b,0.0026667455741482327
ck_e1ff9e31becc27ae,0.06348447855679923
ck_18116d0ac08f1996,0.901641897707731
ck_885a83975cea5e64,0.0027830687061648146
ck_a0c3059a959ba5d1,0.02062768832112047
ck_75257ca7d7da2861,0.027633184217109502
ck_2210f7a0d13bdbef,0.04977507085481747
ck_9cbd9ecf8374f65f,0.005266850752159456
ck_18f67c00ba21fbde,0.006568972178239527
ck_2d28f14d3973d8fb,0.003566320112245361
ck_8b3401b44aaae728,0.005344251559500398
ck_9d8e9ef37797d3af,0.6587406690421467
ck_9f50920c894f64e1,0.0124433034176317
ck_4737e0d56c6fa0a1,0.025173493747959554
ck_52c311f29ca3aca9,0.002220584671426623
ck_6a4981bc721df37a,0.04419723241717634
ck_823539d936c55fc6,0.0026299261340782176
ck_df5aedb4118020bf,0.9008685228353585
ck_a911a066ff0f7b56,0.03876534698532194
ck_684609767df4a14b,0.0621241367614557
ck_f2350bf355dc919e,0.008791118283970084
ck_8452b6cf97c65a5e,0.01081468744954809
ck_084cd84501012218,0.635949605145242
ck_ace6b72e5bf3e93b,0.2239975811875889
ck_2afdd69094c955c5,0.029434889238979148
ck_fa7d5be26bf7b31c,0.1952479468510041
ck_4b041217690fca2f,0.05566898224935768
ck_9fb8e3d38cdf276d,0.782586847556308
ck_c1ee56d65a42f59f,0.007700761596115958
ck_fdeaa1cd085691f0,0.10576367322408897
ck_5de33a7a87e9aa62,0.048675813006652975
ck_7476e7fe1ff45545,0.024398069381704322
ck_b0a947b498e47018,0.010553804955991408
ck_e3894ed88a7977e4,0.0038761704900071373
ck_c7e07ebfb0bc15f6,0.04462863798522594
ck_3a3daa8b376f2a18,0.0019823141545448385
ck_87809324c2675b0a,0.021383592520300497
ck_7eb4f33260f1dcd4,0.0057608929258407045
ck_ab9f0e08af030060,0.026108281306193575
ck_5b8fc4a76f340797,0.029129798243729774
ck_0e7bf10ef49aa818,0.13245244201607906
ck_a44462a3853ac67e,0.9734517822013712
ck_2d14bcd2e0fc043d,0.004587331926458097
ck_df1f2dba802296be,0.8630261507816932
ck_466a7316eaf149b1,0.021106369956445964
ck_50df50af592b0c06,0.013638069862347762
ck_5f9e34c849704b95,0.0025548892116626916
ck_7836bf6def26aa87,0.03063168092111252
ck_ba175b1bd8efaabf,0.010137558503043112
ck_1a0aac7f7b94b1be,0.3850689186844267
ck_6768c4b2aa8ce586,0.009943184693712925
ck_eefcf0ed15897898,0.015335357109754883
ck_7a6cb27e390b6ceb,0.009511617947091485
ck_5275be4e1577c1c7,0.0035082778643751506
ck_6bc0e5b8c0b7d2bd,0.009714394549163518
ck_4874bdec79f9106c,0.0352092297884779
ck_a678731156ad7bd2,0.23070481543219978
ck_db906debc36a5d1e,0.024826874876225306
ck_e87897767c612942,0.012061222182240023
ck_45ed5ee496ef8a67,0.007761318415533224
ck_ae20e28f9854f3ee,0.019416080032931424
ck_9ee044b73943a90b,0.01572573435634637
ck_dab34cf6f0626c9b,0.026999319176450966
ck_64a02b7b96149810,0.002351618817457644
ck_c417d06f3e94685d,0.01498715829698278
ck_3e0149cdee4cb294,0.015219089229693599
ck_0e6046fc30f81705,0.016235287883608833
ck_c383aeabd53e9c89,0.008661059659921668
ck_2ef76f1f36e8b869,0.13069658175148974
ck_43948784650bb9ac,0.013063713836064379
ck_bdb966f43ac350ee,0.016832367574804386
ck_5bea0e0ee0b094cd,0.022751714394862236
ck_dff090f03ca5529e,0.0028777438209944446
ck_a4691b57f837d88e,0.007553766288877076
ck_99ee90946395d74d,0.5772344923407356
ck_cc81dbc83a8879fd,0.005050858565864168
ck_f3dc0725621b3a35,0.002251466186594861
ck_1bb212d1288b9689,0.035618390201455914
ck_9e7278fc7679f002,0.01178552720017716
ck_3ded7a8720d7e311,0.0030155453158600054
ck_798157bcdb9453e1,0.0037303096133910474
ck_9fba80f56f357fe1,0.006056433322729639
ck_f1e1c8491f16f912,0.0065394893019395765
ck_7b1319a5ca2f63c6,0.9784209029182924
ck_124432fd5c92af7e,0.6423709723693853
ck_148cb0c723284dc0,0.015590532089024821
ck_b56c62c950eda009,0.0037616443007491064
ck_a0498755cd8d7188,0.001684229291287958
ck_5379452a9d74efae,0.002792880513332149
ck_6c2453229d608183,0.016146644102404982
ck_f9d8b4813a88c1e6,0.007763736478932999
ck_c2c7d1e45a521857,0.0170272017990215
ck_4364a83a11743888,0.006412124463913624
ck_2cdf5fd97ba75e06,0.2268182324344852
ck_71bc01291e0533a0,0.006485356244612548
ck_a725d7aed2a0bdc2,0.0040915199148846455
ck_a9b0c4dbd7db6a91,0.02533106788073798
ck_a4258806a533efa9,0.01742888709361125
ck_905e460591d9a278,0.0893120589518862
ck_20de8abfd8960ee3,0.021698972023095932
ck_252b0a0f1119b220,0.0018539946073204967
ck_95e4bef65c36af1a,0.0020417697496389574
ck_5ab68b434ad53fea,0.004588368224301137
ck_13677a1957078827,0.002053408195886887
ck_d251e9fa09e542dd,0.9897316206223157
ck_700cb620f300dd47,0.008727307871144886
ck_39a68c55a1bd3ace,0.13115102707925186
ck_61a59a7944d6c53e,0.2982413343270368
ck_db6d1c6d31da967a,0.004154262386449009
ck_650020c500b1b50d,0.010372150952987012
ck_d812eb6930192793,0.001678560270287344
ck_92f6ebc11ebca89b,0.05107110354144637
ck_d87e26eb5bc84b01,0.0036329826800017657
ck_66439e697695224c,0.006803114913255026
ck_f21efd504faa654c,0.0034958732479564384
ck_15eed0f5652f0352,0.006608482634037762
ck_bcdbf57d98dc0d27,0.02629685352833041
ck_873ceb8004d3a9f7,0.04093496718159001
ck_70bef9ddd4bab005,0.005426690422187347
ck_7560f1891d66f294,0.0029874954947206687
ck_f439f16f8693883f,0.007755778212776462
ck_14f9535e53f9c7a6,0.008913956633422364
ck_5984be472d2bc267,0.12121225929511631
ck_ed01be7504dc4187,0.03483401444605584
ck_dc3d8b5c17b67ae9,0.006435452872780859
ck_9dc23031b6b494af,0.03455514426644555
ck_fbdac0221bc03f66,0.01449021418999665
ck_863708a99b92ef0d,0.051710026392492336
ck_22b52654776a1ea8,0.8410189024555323
ck_a0714f98001efa0c,0.026187765851427083
ck_9c56114f84e9a541,0.015144470053577112
ck_e155cf506b2fb699,0.004082078501997759
ck_65ed7e72f24731e7,0.0019276927266238353
ck_822d6e8e43befc72,0.3406053756090637
ck_b1182471d9ac6b26,0.001989129512373383
ck_821446adc95e6da5,0.006009449374233046
ck_ff182f033134dbb8,0.06761737731776822
ck_9c5feef7647b0588,0.018106489803386475
ck_df935d8bdd44883e,0.014337121906492488
ck_01eb24c18ad11fca,0.13602357647883126
ck_00d6730134a1eb51,0.006748983664304223
ck_79ba8e85678d0224,0.015964034711060476
ck_97e3b04a1350f6e4,0.011731311195451491
ck_74e9747954a46eaa,0.018121540517658036
ck_397d5fcc9972f909,0.034797944887247606
ck_9ede89e8a43c3f53,0.0759362938163291
ck_303b33910d67f306,0.003271044051235841
ck_3c17841636f6f7dc,0.01823757512499903
ck_78730527f8ba1438,0.11354482916176295
ck_5ee32bc6bb5d1d4c,0.22556632924191627
ck_a13fee8cd925d0dc,0.013014168199738507
ck_6f847263379f2e43,0.03124449692687071
ck_9b9d9e579e7b55b2,0.0592589766203282
ck_87c1d0a79e79c84b,0.018582139730154067
ck_bfc453eabb472f91,0.004548252809150116
ck_978c21bb5fe3171e,0.015694311747011448
ck_dd882323474431d4,0.10961756764904645
ck_533c4f7400d5ab22,0.11243023747542684
ck_5f217bfe28954e75,0.9736502432699246
ck_ae96d35465b3b4bd,0.007298583029423841
ck_512ebe97c0af94dd,0.051772847931011785
ck_f558fe02bb0219b8,0.008416924871856059
ck_84092e23d5ef4d51,0.024251965134565727
ck_17d3022ca12eacd7,0.007279800070249511
ck_8a8f81bf3558fd9c,0.004495307096948076
ck_0ada6fed1864e7c4,0.007868804037358207
ck_21fe7bc59dcd78fb,0.003392170231189812
ck_e136e20c1c74fe38,0.011433813244297025
ck_e7a530e09d113dd7,0.11999790615755013
ck_7cb0c9ded4d63027,0.023102316164230075
ck_102db9615e722c9e,0.020405596253125713
ck_129e39ddfde92eeb,0.0013434848665601707
ck_d730ff21bfd7769d,0.008738955777829054
ck_54459b45d2be8459,0.003817526144819635
ck_7f1c20319eb60aa6,0.9941996821797265
ck_939fede90473e412,0.004526396969640016
ck_e0f9506a6d5f4a1a,0.002563461351656696
ck_9a4967cdf49265cd,0.28356504492148304
ck_b9eaf03453ac7d5f,0.0041215073507160985
ck_522477be6376b450,0.004162742679152296
ck_9b6282e3bad50710,0.019954536696079977
ck_a0e3a2facd508e49,0.01716527908805533
ck_97ffae702f7c3d08,0.00569106752471011
ck_344a95cb7115ec67,0.003724443992809785
ck_1f2760764afa45e8,0.009082607838764026
ck_720cd658d11ea428,0.029347537397690325
ck_04e32ee9834c088d,0.8851280241167094
ck_2bb1389e5e72c8f4,0.027833703172658222
ck_961e7dbc217cfbbc,0.002611789307220181
ck_f3bce4eccfa6d6bb,0.004223581466138887
ck_e0ccfa0d689339be,0.00901656058925921
ck_98217aeafa0bfefd,0.040914183655544493
ck_a02aeec1914c158a,0.018471265251781326
ck_20a17e8f206a14c8,0.03294890258698177
ck_114c32aad4b6183f,0.0478996935431443
ck_79f5198f0decef20,0.005975956753420447
ck_2209de229b4c71c5,0.015080214854306433
ck_6ee939b7f396975f,0.00746715808039574
ck_202f0c14b07ace01,0.04365043624211119
ck_fa24db9d416ab904,0.004732970924796033
ck_cf6aa24b92c4d33c,0.17376668073504725
ck_45f57fb8194cefc8,0.01842796661915603
ck_d5eb179dc45394c6,0.017435798501406953
ck_efb24be983342f75,0.02164643972205435
ck_245f5d62ead5ef28,0.015933047054604438
ck_15fe2a47fa7e92ea,0.0036190770185886216
ck_b6527a85fd682554,0.025841828024874558
ck_11f9390a11ce9ff5,0.019806291219695692
ck_ffb4d892c5158201,0.0024127592446317424
ck_d4c1da5a1427fd6a,0.07748647961513955
ck_2c041b1efb1c5063,0.004741288892451781
ck_ecc18f40b33be769,0.06904206349363272
ck_0525349f3945375b,0.05071554122103253
ck_0bfe62e0c7eab9c9,0.015168917917051732
ck_b7c37d410b1646c2,0.013046468136327278
ck_4b15b0746318cf42,0.06664744212479048
ck_e5ee006ecd8ff661,0.014201378349011355
ck_ccc83cf66365357b,0.01909334161516401
ck_34a33ffe8339f66d,0.9346965956991249
ck_4e39e3b165edab58,0.8103953397650744
ck_1a71f8081ae00190,0.9391214104169536
ck_ed8f1200fc049c40,0.8495587845872907
ck_8a5a57858e8c77f3,0.022167670278182044
ck_fff9fdc2adf5100b,0.8914237781931631
ck_c76f1bf40f3b787b,0.0017715386426879445
ck_1a6ddfeef82b1b1a,0.006133196025577542
ck_478d2667aa9896d9,0.009083704404761321
ck_641c8e7694b21f3b,0.015470588437888032
ck_293581d879f6663b,0.8354139361708868
ck_1bfa8abdb22be8f0,0.025663433692276034
ck_05ab5b03d0bf9ce4,0.15235512701312193
ck_35694db37f0cde7a,0.0016849137959113864
ck_fe33eb743d714c03,0.009653187071462295
ck_abd10fbcbaf2b038,0.006056356519459052
ck_46d51648c1bf80e5,0.17554292448085645
ck_5c8390017fabfaef,0.013389053967244852
ck_87d55ca333f22072,0.0018558090608826357
ck_c39c6a1453e2b92c,0.001219149345098233
ck_69ff1b0aa143a168,0.002194522932826371
ck_e57c79eaab35ded7,0.0031197682334374185
ck_463ae759e2b6ad1d,0.013387472870026727
ck_0dae4a7eb587f3ba,0.017390090447819605
ck_9b12fb56529ebc4e,0.008052555842397974
ck_1af547077ba2dd03,0.2436255308792163
ck_de13de941bebc7cf,0.0023037326000137645
ck_83dde7da2bf647ac,0.0016631477639489482
ck_c80a94d4660041fe,0.07083694888087629
ck_f39cfeb277ef6528,0.001764010819459411
ck_1cec1ed1512a2d3d,0.004457045737447395
ck_7955a359b6448799,0.0033712272512019304
ck_8c0955dad13c3ca1,0.004594441724608994
ck_6d4cd2de601a2308,0.009358506656610394
ck_f4536ba8dd2d551d,0.01413285387559161
ck_b379c198d6db2d62,0.026140763214424018
ck_76ea90ebc74bcdc7,0.026256253156345763
ck_734f06bd4aa92781,0.013660645399365647
ck_677e1d0c14cbf569,0.0019421705427506062
ck_259271c70f3fbcbe,0.035303984732983656
ck_c0b744eb9e7d4eb7,0.014589117540336274
ck_3d41faeb96802f68,0.0030808063842374766
ck_8f604fa70fc3c8e3,0.005977934099568469
ck_0b3c3bea0e0ed339,0.011263034421629922
ck_be5df076b8a86409,0.004285362521526337
ck_6a475fe324d7d790,0.030637052774968677
ck_3ba3fa5387bacee8,0.001273813883458823
ck_324b9939d9c1c31e,0.0024467746095776163
ck_a7fcf7b592f68ca1,0.0161555957091765
ck_5b2728f7cca414ae,0.0014266243424773883
ck_5f4a25ffd0b85a47,0.0136746914793748
ck_63d4f5076fe4406e,0.005138774858142069
ck_af528d66c86f0cb8,0.003456155824702244
ck_ac7cdb9b8da7b5dd,0.011834321446671101
ck_3bece63711407e25,0.02675184637894279
ck_d4e0b2a12fcfc35e,0.008344403023311731
ck_ee3e7c9d3a9c74b4,0.10287559435722607
ck_50d7c4dab837bf66,0.011671984727971596
ck_ebcb93a2990fc914,0.1009203768750368
ck_2329cc9702cdf7a0,0.05115583790781908
ck_db1fa53d588bf99e,0.00790550216700695
ck_44e57a0bad5a0745,0.017222366708149587
ck_472c81a144f4631b,0.002963740211864358
ck_1658429acd5306ba,0.011590084260797946
ck_466103ec5bd9444b,0.01769826316306706
ck_9757163e25262b74,0.03116538694038873
ck_34ed59bc2c9b0186,0.013904313595582637
ck_b7bd3a7f263f4f29,0.10774090424429818
ck_149662b09d632e41,0.008213812599298365
ck_a9ffd6b3957bd41e,0.0028529927231739174
ck_ab80466ef615e85c,0.0015555947896904272
ck_f2c824d3473db24c,0.0073957812783008794
ck_a4a01fd45936b078,0.048538570642047515
ck_8f6ce158c2902877,0.0014529023542265117
ck_5189a302cfa7cefd,0.0015794037534770495
ck_430a3d03be588201,0.0048867284813407675
ck_b5f9dd00914b4db4,0.008712405183059102
ck_52dec82e9cf6135a,0.004316279635623248
ck_95e444a01e2ab4a5,0.01904123736622771
ck_e37cee7b123692af,0.029780957197446296
ck_d68d42858a55adff,0.038364925286150216
ck_3abfc010091d679d,0.032240881416920414
ck_cee4e4e1b62bf82f,0.01855204559470476
ck_9ccb17c35e636c5e,0.00984236932672183
ck_f72a5a3b0d6c1177,0.003112776088748761
ck_7508aa554fae6afb,0.09137035066655823
ck_003aa842b7ca1d77,0.4243529857150312
ck_83b2b192f41ee2bc,0.2195621931605667
ck_64796b6b2c3c7f06,0.0317162947525008
ck_6438ae81d43cb196,0.010733339633910158
ck_2bd73d9098504760,0.09028166311056017
ck_aa8b9b36a099e4c8,0.02727781470820583
ck_e5ece47d0dd10526,0.009129780889910268
ck_16077ac345472e6a,0.004207642481720194
ck_a4d6e152b0076964,0.0031786154228966483
ck_d90b1d03ae151f62,0.012963652548281402
ck_18b36d342b530af4,0.01392356128504704
ck_2a01e610348b84f8,0.04971920123169034
ck_0a93ed76bf36c8b6,0.012119310690069919
ck_3d56b477fe2370b6,0.017412679370832688
ck_17ab3068fa303682,0.001699478942658721
ck_592a3520d841d11b,0.012831945526746692
ck_84d07028b5fca2f6,0.008642443889332364
ck_f4a2bb10afa85743,0.005936744146446309
ck_4fe4b072f03f2c1e,0.0027964688764009213
ck_9ad08fcc183ea1e7,0.0018627394928167596
ck_130d3848b9dcdb05,0.007307628955506293
ck_bb399ed6bf28c230,0.017793102639989792
ck_a31a64a39a2c4941,0.003116421563674006
ck_c49f25dfb39909cf,0.017153224665755893
ck_55f50a9ae2db8ff7,0.003970085604447237
ck_09faa4e771cf876b,0.007652753325166144
ck_df520a7a6e405889,0.024704221462032487
ck_8c8c98cc694ac900,0.0105029818288069
ck_7f0c4f609673ef62,0.016173818444401987
ck_f51fe59cd445d2cb,0.007178475426710548
ck_b3fb83f0d772a831,0.012047440050500433
ck_d6e7e257751c299b,0.003171748026676896
ck_0d362ddb4a1cb6d4,0.02736300593673282
ck_a574a08edaf81781,0.003003828923073445
ck_a823f5bcb0e4b9df,0.0013345486286308749
ck_f792586ad0381eac,0.017195310465464846
ck_54bfd70022c66983,0.006331753894273885
ck_fe0a9372c9372de9,0.004714890715506476
ck_5691cd6fdb6d8147,0.020619504633811542
ck_a95f212a02433d23,0.010075075885654216
ck_f5adad75e1c06731,0.06226584364509784
ck_e09c97520eb0533c,0.011609618802423586
ck_a1e13c0d58560340,0.0017360427879245205
ck_cacc2ca410cbe80b,0.021166166583689108
ck_c0dde2a6ef1e08c5,0.002874777694155989
ck_a04403073c90ce38,0.0016346475684749892
ck_03d3026107175dae,0.02147751830976269
ck_50176dae5b1b716d,0.007449576982748533
ck_6c084bfcb38e96c3,0.017198571583797423
ck_36d2be9012f7909e,0.01585611456644827
ck_958acf84c6137a22,0.024166443798706694
ck_114722e12db90a73,0.010783582331913892
ck_203c2a22c0c165ac,0.008370888288832985
ck_2c44ca550e5cfa82,0.02195357897015725
ck_df0a8f20ab8f14f4,0.03592825974971684
ck_826a27ff7555192e,0.01604502969487761
ck_09a988ebcf062297,0.03401512257215544
ck_5c82444b3b9160ae,0.009704430741001628
ck_f6a4a7ed27fe76fc,0.03749967795407354
ck_17de46314b5c6a92,0.010739055018443898
ck_335e63101b1e6c4c,0.10635648242700045
ck_c5eefc0697451de9,0.018642418008084034
ck_49a0efb5d4067b6f,0.41262231466205745
ck_c1f4509c8f5dac5c,0.0030630317423054844
ck_57658eda1c59bc52,0.005129317643065302
ck_0d5c0736ec76385a,0.0012770838596855387
ck_e0239e6ae30795a7,0.021373152929160855
ck_e4459115cd8e5e4f,0.006139686701169489
ck_bb4aec09d4968dda,0.15490687889241056
ck_a1b4c96faed3e0db,0.05064642848114581
ck_8247b79ac67aae7d,0.009677173680556404
ck_fe2fc7d6e5d83f09,0.006281120125136277
ck_f6aea576cde8d592,0.0017778340855296145
ck_b7e7f7d0cd886412,0.08423270362535934
ck_ca7b993e8286af7f,0.15843284534415827
ck_47de038381a9cd65,0.010644523210908436
ck_d38f941d09eec820,0.03375918905172047
ck_d9ba2a6c0d926b4d,0.0034176990622856425
ck_cda72f597330d0f3,0.0031460371509939413
ck_16d2d27fadeeacf7,0.00537634235810533
ck_be05447853d423a9,0.0016343760963825472
ck_cd92852d7376a4a8,0.0010418953216964183
ck_2faf7ecccc9fec58,0.0011490370589277606
ck_db8733fd92f20cd7,0.010831903396940163
ck_a9989a3a94c26634,0.015464468134406285
ck_957fb25437c75e41,0.037058574979662674
ck_e6a6caf6e7de17c2,0.004865184339287431
ck_f7bc569b37e8bdda,0.010697118687733796
ck_703b375dd86a6124,0.027598564750003485
ck_d3cfb3603f2c6ca3,0.04666087482064185
ck_07cb2b6f2a4303e1,0.01653359789388345
ck_31631e2028d4f855,0.0072618345292440835
ck_1631bab0ba1256db,0.020039201441475734
ck_5fdafeaec036f016,0.011520326723462773
ck_6eda4c36aecad602,0.003074623112234255
ck_bd1bf9e3e29de281,0.036606679133798614
ck_bf378ea558a4125f,0.6707485550475656
ck_7aa2deeda0e57412,0.9882970465648828
ck_d229cf7f5a3f38ca,0.009866390707779556
ck_9e109edd124492a5,0.002242276856355703
ck_779491819995625d,0.4456487605330807
ck_b89c6fa2ad0a12f5,0.02753444105393054
ck_1d01b4a609918c4e,0.8920480760212992
ck_714c5d7cb17bc9f2,0.012611041658567676
ck_269f1746f2609ed4,0.00822068460593135
ck_4be03a2aa62b93c7,0.002799020665871164
ck_cf920313f6dd28fa,0.015493899427478992
ck_fb00aae4e17740c5,0.005592351249925263
ck_085d8c42739e2b10,0.9884211519131669
ck_c72a7d0d03cf3e17,0.1154825709520615
ck_8f6ca5d3b17eac6e,0.0025420789942186732
ck_d9573100bbff4014,0.2283551124560888
ck_79d6793d1d0cf43c,0.002060976422500574
ck_91fa5032f7aff0f1,0.05263461853085527
ck_87110d84872c0fed,0.010024539053086668
ck_8220da627e9992a5,0.0021251769604700163
ck_2ae44938847f3852,0.00852156449231025
ck_b0f191e44f9b6f35,0.03106575139898616
ck_3049d744b527f4d0,0.005617156965040818
ck_47d3e8d1dd3fbcef,0.018224171460346814
ck_ddf787359d2b5deb,0.0015245820842321911
ck_b27a9e39726b26d9,0.0033369499993553013
ck_80c4e9274cf976b6,0.9866569686875162
ck_c6afa913168ce8fa,0.005644182455306935
ck_52427b3f8478db19,0.019226593353391275
ck_3b810f15ca0eaa55,0.004244994797912894
ck_0c9e420f97baaa06,0.7696602999480746
ck_f8540cf3a8b2f8c9,0.03584540396066745
ck_1402d24dd623df72,0.008224497953030025
ck_eb4f4267e24d042c,0.003224692105503923
ck_6f661b428d6fb8e4,0.026260540005436733
ck_519a26ecf3d29c90,0.0036307434851528824
ck_e886ba71d4a6fd73,0.02556521711182371
ck_437f9ecd2016a1a8,0.005641775133744207
ck_f01af1b0c977cc06,0.009317542117245777
ck_614f777c2eb5d537,0.001696101801274344
ck_b804e784cde9af8b,0.011604806545487695
ck_c2dccbc1b24b137b,0.2146741582674891
ck_1df4a1781a0f6999,0.01608591914820966
ck_bd2cdd53fca26171,0.005800744507928398
ck_424c254249a109f0,0.0319113327902857
ck_cf2ca4f286e289ba,0.055503652301264854
ck_6c33cb15b0d8af54,0.015069187993277148
ck_311d395fa9b8550a,0.022948851780766583
ck_9f792e7e721ff7f1,0.0025023746824396863
ck_4c37586080edb7fd,0.0020541964166408454
ck_7c4f42c5397113b0,0.0030835666556311555
ck_fc418f53ce4aa579,0.9294585479734364
ck_1ba28fb7ef726ce2,0.012114035543022407
ck_d932f98bf6b83956,0.0756944533554792
ck_248b3659a9239240,0.008899106461085009
ck_6a92cf5f4cf5de38,0.02205324357065167
ck_65519d0fb137e0c5,0.004524418308194748
ck_ddc3fc99eaba2064,0.07421389105011716
ck_7310cda3bc65a73f,0.009200383650902966
ck_c01c85bd631d4054,0.009044985144387561
ck_b4954d16b9749829,0.012884877189171468
ck_f301f6758e170d66,0.012781813550735346
ck_9bf95f8c47e7c7b4,0.005900332783029866
ck_c91b7fccf6aeb4a5,0.034127548351596426
ck_785fa45e86bc5e95,0.0067900370228645545
ck_2a65f1cc23f1180e,0.002337309207650082
ck_a49a2c1f881a3560,0.003283071817142283
ck_def344d68f06d749,0.012621778933100961
ck_abbd1465fc730d78,0.004651252811508558
ck_07a5610ed28162fb,0.014242448635776306
ck_7ecdee2d7127be8b,0.00375936114235733
ck_67858bc00e81490d,0.0018126168600006692
ck_b4ad165ace910222,0.006900138197909054
ck_30753ffe481a1b8c,0.6172119319985221
ck_c401a26725b17177,0.0028913959274466288
ck_819988d8a7f26415,0.005468961591134417
ck_3364a1d9261b3638,0.0037514828449336157
ck_c484c5bda389bf20,0.0012430630422539603
ck_ae416325fef92c9d,0.8815989279761228
ck_5517b9a865960542,0.003130972703385092
ck_a0e96fed380440b2,0.008898599173525307
ck_e83409471d2b0b44,0.02410042579817991
ck_127273af97d7827d,0.00508968630033271
ck_aaa9861c91bd14dd,0.007690082735168635
ck_a378c58294001a36,0.9120091636363065
ck_abb9d65ff1f95b64,0.1888715525384304
ck_a5ecbefa849ae569,0.018330950360657176
ck_aa9953c0ca2bed7b,0.00217184823248513
ck_40bc6de252865f32,0.0032470427270484886
ck_9fb11688dcfe1513,0.005094874441130609
ck_ba68841ca2ba073d,0.0259988334015157
ck_1d3e561a7d20be0a,0.9833028315906471
ck_99a92d710a29c1d0,0.005900182058709392
ck_ede2e887697ffac0,0.0025085119897884575
ck_e6de67c0d82a7b83,0.025348085241799954
ck_6b38763bf5ddbcef,0.030087381490091828
ck_8dd44eead7d765a5,0.020769775148135508
ck_30bf5b0056eea9e9,0.2405765907594843
ck_2981d16f8a51a8ed,0.01632661190125003
ck_fc60f42c68c7024f,0.04743354173887978
ck_8e2b2251ee224aa4,0.008079319493311568
ck_1906f0dfaf6e9bad,0.5142918705291717
ck_dcbe6814fc4ca0b4,0.03661419887170406
ck_f7e958a286ae3b57,0.0037623123880535913
ck_713649668a7ca824,0.023432354324511823
ck_6f73cdbf9305e2ea,0.015381099326184741
ck_dd1c490050cd9051,0.013451260972509316
ck_e30db36e376606f7,0.04513963156353562
ck_740d8fe8028b5a2e,0.0052664700314653074
ck_ebbc9418cd41f692,0.002133796579502807
ck_7b3cc6cc3f250f39,0.017355456342404166
ck_1d30eef7110809e5,0.5699747126986192
ck_77e0589ab339ca66,0.003938164361928436
ck_15ccbf8ff7d14086,0.010505079379523205
ck_246989b0c288664f,0.03208857133832854
ck_fc2a6e27b10b10e9,0.0016888772809032244
ck_8afc1112c12f5402,0.006924201652292954
ck_a76e8d83b9141364,0.038685310453818886
ck_51d3e8dd7465c015,0.004719098020159869
ck_e7b4016909405981,0.002239722899506887
ck_e7a3cfb9bf908e80,0.019681927802094837
ck_2bb49dc2388cdc1e,0.003916203189454265
ck_94f4266ee7871345,0.009818932680816066
ck_b2c896beec146477,0.01016251173500591
ck_fcf5d4a4748cdd53,0.00487452469114439
ck_fd0483639811f62e,0.1794766633671137
ck_9a21d183524734aa,0.05306601103720398
ck_1df4b46c0a4c317d,0.021825558692409597
ck_638df9e8a22dfe0b,0.005847013562918521
ck_65acc43a6dc3e65d,0.005055412654212669
ck_7c67b73196e3d0d9,0.006787686385984124
ck_b0ee3a98175b462d,0.0025975687361663694
ck_20fad010969f1abf,0.003217744462167426
ck_54b087bd873af8b8,0.008500143300428146
ck_8007824431fa803b,0.004565057917058413
ck_23aab322810b9fec,0.008587252408012058
ck_c8001bdb9aafc8a6,0.01276083317773306
ck_3a34c3ac83cf84b3,0.004059134002245659
ck_60187ac2c473a662,0.9679902935115234
ck_6a0ccd7357979f0f,0.07333894078352117
ck_27f20337bef5ffe0,0.04021610561994381
ck_f9fc468915afe49c,0.018399373967407682
ck_1eabc15a94bd9009,0.014000387510690084
ck_26896c494b2768ef,0.011599901092934788
ck_348c874eaf0354f4,0.013315375176020681
ck_be9c46acd216b45d,0.07049814159582296
ck_a3cce46d15cc20a2,0.04838678973774634
ck_70804f60d9704128,0.09452403488033131
ck_a019151ca8e7527a,0.045023754356249016
ck_571133b2aa8ead51,0.015646789602320098
ck_0afa4449f20d5196,0.004570625221395835
ck_4d503c41cf4e5034,0.021036134535057142
ck_d6fb9cc5171e3e9b,0.7202537775041591
ck_05ed92a7c3e10e5d,0.009311229229532935
ck_bfb067986660afe3,0.026968929432804305
ck_c1a31690c8573226,0.0052129292239659255
ck_cb88ef3dc1f42225,0.003437381329010746
ck_21e3b3bd998745e5,0.031106100506406588
ck_cf52e46fa54e4540,0.001443572367981962
ck_b72c7ac4208052ab,0.03948385437805094
ck_e6465c56b337e6c2,0.006821480331250446
ck_5f87eb05d18186c0,0.022213221104851157
ck_263f6c5ff26b5e98,0.006991156678737311
ck_e0b7e2c0bbe228d9,0.003427800204462838
ck_b657ae3c146cb7bd,0.009841301871887705
ck_abac514d8167ea58,0.01532531536177437
ck_024dcab126876002,0.010145659302219045
ck_5d8481e2b38bd99d,0.009815529163630814
ck_edf229c17d25dac1,0.2065925201266835
ck_6cb7c97b72d6b5d3,0.008900860512088882
ck_c96ae2c28086a059,0.0473854252783944
ck_2f241b97c0f8389e,0.029838057256618887
ck_9158bdbb63ee8987,0.005843906227087215
ck_e7b40b60786c1530,0.008372208312836273
ck_66d38518f68e6194,0.0017442091937790506
ck_8c9b57ad2a991416,0.004390959134806518
ck_cc91bd7152d3e9ba,0.01733528728099519
ck_0d846660c7957a88,0.002908420123605071
ck_60896cdac2212bea,0.11275279311009842
ck_dc4db8b932df49de,0.17166074566251333
ck_2dc31db181150e20,0.007984111966717377
ck_2f138fce1171e277,0.011835898296702396
ck_68b8b859a6ef505b,0.024451229862567488
ck_c3fe0c6c5e1f40f6,0.0030009382829277757
ck_15886fe84866de92,0.022926881352915054
ck_ea269b35406473e8,0.001588502972551541
ck_3ce7cad1f69b71d6,0.029953593393081943
ck_054ed4288ee58d6e,0.018533208914262165
ck_3d4913a86f207fee,0.08459896275790009
ck_23ff85f9d2355e8d,0.013924497420423437
ck_d87ab3261322216a,0.002076326069490362
ck_fac046ce336fe39d,0.005398319430407236
ck_beb97e498e6cf8e8,0.034428915341382954
ck_1f517e0ebf397b51,0.006196238538500273
ck_0af57ebaa45877a1,0.007044083384281609
ck_f99bc1732ce5e999,0.029481522854619073
ck_abb056a9deab275a,0.03727378501402205
ck_0bfc394c5faa65cb,0.021544916225464394
ck_ddc865af1dd5670e,0.01685367257290249
ck_68b5542459638b56,0.025587099951043885
ck_0b1d84252c0b46c2,0.00711775535008608
ck_520ec32c4f253604,0.030723159875158668
ck_79ffcfee599d77c7,0.014040876460723082
ck_eb224c0fd146253f,0.058761212527447995
ck_0e477084434da450,0.011110077119747507
ck_07840bba5570785b,0.007439043288472788
ck_6b67fe8e310ab865,0.014601140211346775
ck_e2a1068c2fa22525,0.017679464259094786
ck_b9c6b32f6bd92a3c,0.0042102518421339155
ck_c1e7d1021ae58f00,0.002212214502102787
ck_5d7801201749ffde,0.028649929474168133
ck_c8806749e263f70b,0.002003925475581098
ck_c9eeab826781dc91,0.013122509295945266
ck_309a432c160a17b3,0.007567498081166447
ck_b22e3337b8e3dbb2,0.007938705938140092
ck_79c30169c71b8033,0.940631030298448
ck_5a6593d954085775,0.0031884034274597545
ck_70b9b79ea1aacba8,0.018431027782872682
ck_63743141ffa11f45,0.005140269351220715
ck_dfd3dbd0d97a642b,0.008868548277648868
ck_635646a661f05b4a,0.011421399405406804
ck_4b123d6931b6d0d7,0.6134565523746607
ck_f2b0e7a47f442557,0.9222222284910404
ck_1b1df006b81d38ba,0.006706998567530034
ck_360237c1bd30f4bd,0.006289965473885297
ck_5e84bca0e362da20,0.019959854152247842
ck_142dba210ed2f3b5,0.04734553577806642
ck_a3564236069e3524,0.09718870093286135
ck_cf36d8b070ded782,0.010348939186080524
ck_ddd6625c5eddad70,0.0021966200759794188
ck_ad54292a0b2f44ef,0.032117224127238636
ck_45cd5ef6b359e9b4,0.004820532314424798
ck_982c2392238b7be3,0.3200956841321129
ck_083e4ac78685c3bb,0.009888551872127414
ck_729cc0b46cc2e546,0.1865773262994898
ck_f2b8995fe5402759,0.00458537763109192
ck_73e24f5a8da289b3,0.03325998969166777
ck_bd85f30c36f5998d,0.025057623234882743
ck_ee4ff3aeadf912c1,0.0030352722140833954
ck_63d2978706e193d2,0.0319718962227114
ck_6a0684436a1e66c3,0.22683315365012136
ck_182dc4a2f5a366da,0.00202859088810994
ck_e6fecb82fc2a82de,0.009596124717185404
ck_cfb06f07394dfe64,0.001382516770262624
ck_7bbe1dc8add17ef0,0.012984950814641117
ck_5cacad76e02c8e3d,0.9823288548604854
ck_ca68dec0c7df5a12,0.007645125180997475
ck_e4c0fc52c82065d3,0.009974737275373012
ck_f9197b070416f443,0.010045687196148166
ck_2a07c7021b71cf65,0.011682355197844208
ck_4fa85cebf707de2c,0.004487365361415828
ck_0063d2a9507467e5,0.009070934862163602
ck_ec986285fff05b7d,0.002251255670726244
ck_279d43303708109b,0.007853385710053697
ck_a406bf11e48cf8c5,0.06465456573281676
ck_064b2aa3f0bfdb6e,0.01664401473508867
ck_95790440bc4bd2d0,0.009857611749569428
ck_70066eea13b4c34f,0.010707423382711169
ck_19468fe07e26f992,0.903928040799282
ck_86bfe328e0a533b9,0.8429318840986666
ck_ace3b96c977a7560,0.049410844928409726
ck_642344e5c652d8df,0.018424345165762267
ck_074be35c951ae10a,0.011800406823844756
ck_f14dce41036486a3,0.9864975493618149
ck_5cf67a3a747e684d,0.061893333267918
ck_f7285b92648c1c81,0.004211086658103248
ck_bef3193f124fca5c,0.1843944965901408
ck_05c4dcbb45de1f8d,0.0021725146542061124
ck_d7c28eaa05bb7144,0.006355885238395701
ck_320df984791a1b99,0.002786759814779418
ck_f45bad1606fa00a7,0.005968355758614971
ck_6f81c199e986d9fc,0.009047067200797548
ck_d0c9633fed57c344,0.010035755543452774
ck_a3c25d6cc7478068,0.010001174970109673
ck_4185506d12cf9fa0,0.00241836529551985
ck_7a02ee1bfba7353b,0.014469534098141053
ck_1b52590757c0fbeb,0.01985929361263644
ck_a0e5656e1cf9cbf5,0.0034271440690516845
ck_ace21f6daef94f6e,0.0064496392007855315
ck_646d8d0834782d6a,0.20770315201139034
ck_1f136a4476b5e775,0.012843198208449536
ck_325c7643cce02da3,0.04017222087982883
ck_9b5e7fe28208f5d1,0.004819014868830743
ck_05d81b1a150f31c5,0.0029508921184634236
ck_0e9ec486bff403c5,0.014307503541870912
ck_ee13c091bc379188,0.018903667346249507
ck_f7a7f8f5903617c5,0.016690539080314575
ck_96c3a3517153390e,0.014305805523575289
ck_538dad7f096458ad,0.008639180448350131
ck_8758fc6622bbb7df,0.062426285102827474
ck_f7e53af3c91fec64,0.022472075614931128
ck_80b50fad7f255e1d,0.00204399497655376
ck_9645e7adc08631b5,0.05009054134156015
ck_e007aedbf37d6ec7,0.015246733853455187
ck_2951d76c41de2569,0.0824817327147837
ck_9439bff87e616d4a,0.0062148969806631454
ck_a73045e96af0e4fe,0.015119347217197834
ck_7b382e533e2e925a,0.033762298896843394
ck_730226c2d216cacc,0.007453490488146229
ck_bdf837d761a7cec2,0.2746525233863342
ck_0b34197335ba3341,0.016204742167471028
ck_49170c4b31a20f5c,0.0017361268712384435
ck_cd553ba6589d8bfd,0.021533306610638944
ck_56b992c6f136fa5e,0.011786895738277767
ck_8beae3d7328fa41a,0.07361443139703265
ck_1a065ea906ae3d6a,0.00414158648575543
ck_e9e3381d5e0e5051,0.0032409739345265302
ck_a6d4f998dadc90c2,0.8927583456271593
ck_d36733da917115a6,0.03390392732295666
ck_e738e920bbd74a7d,0.02025864757177191
ck_af65eb885a51048d,0.0013180242377030735
ck_73f4eb09af29b1c0,0.03345566837253008
ck_8fc641b1750a2542,0.08413376155068486
ck_41b954c7a948c060,0.002826022471594077
ck_25fc3010e8a0f6d7,0.005449516839943142
ck_a2624e0387974e0e,0.023941550625403932
ck_5cb9d7b2329d5ab6,0.044410498981242996
ck_6c83aa1d100a7cd8,0.072811987790638
ck_67025c64588abd1e,0.006115201524775481
ck_f5dde68f6f0468e1,0.002155603864815494
ck_46bfb2cfc29a6d2e,0.010024276274844524
ck_49dddb894d33f6db,0.07613784810430177
ck_f738b633b8862d18,0.000988752408329556
ck_3d6c3c00d854f5a4,0.18681209261732956
ck_cdb8061d8d1a6c5f,0.005561737331268961
ck_5e1b81848718bdc3,0.021366369505079724
ck_8def763034187436,0.007384121805443653
ck_8f8e4fb9c6190272,0.00732192210103297
ck_368b968b5f33431e,0.002319372530128953
ck_ba7e347251ea399b,0.01916092696055701
ck_9075432001a64e75,0.009131572479551254
ck_73c5371635aca173,0.8814402752053214
ck_81793387b38047cc,0.0037940246017925863
ck_0cf220816e320ac5,0.006193558144074484
ck_820219bb9c761b52,0.3190406366158024
ck_70a932ab39d86a24,0.001382254243143189
ck_2c4be237a7ed79c7,0.003177880565049153
ck_acc764b49ef02826,0.3784462404778596
ck_74c3c3452e4e7cce,0.0063971469055892904
ck_34dfb57e5bf31d2f,0.023554413983939877
ck_6ec39903f765956d,0.0354985259063733
ck_5986119e7d81e831,0.01190982230642888
ck_2ddfc948b8eac752,0.213072212459206
ck_921ff5ceaf40a968,0.025544814229876284
ck_fb3b68b4424b5f92,0.0458631463179556
ck_c3db1b3ad4f16679,0.009250591924681703
ck_124a197be41687f5,0.022123540277211445
ck_c58d9151834f5bad,0.014287583058491975
ck_389607982eb6b701,0.6027389209925665
ck_fb0c138c003e933a,0.0022369385411765558
ck_50d0bb7edd8c69c0,0.03954464691619822
ck_c6cb651149dc9a8a,0.003133751319860432
ck_81e21354e477eceb,0.018336651499288502
ck_7696e38b3e4197b0,0.009897794366933763
ck_586001d3ed9e7fbc,0.0034364100662237595
ck_bba413492dc46f2a,0.010140034778541427
ck_95b894380ad2702a,0.047178449127234394
ck_277621473369614f,0.9928627997913888
ck_a50621b5eeca84b4,0.0011021984596134128
ck_bfa7ba218b988cde,0.028513402846367417
ck_5ea89567dfe78e4b,0.008432786642575673
ck_6c679602a6476ab2,0.007362503208228347
ck_d3885e286b3b11d2,0.08686085122641118
ck_cdcf6671b37c9c92,0.014834111425339294
ck_b5c93e6d34f8d366,0.0026299159810246582
ck_c24f61925dc158d5,0.13412943713713577
ck_cd09375e6c81d2c4,0.017218370045503823
ck_a95afc7a00303a26,0.016556491085657564
ck_8e89ca8b39f3f8ad,0.001944860070557385
ck_9a84b396aada3fa8,0.04404820048717209
ck_5124a2e415384945,0.022728762077567473
ck_d66bb1f063357f99,0.0024621624022922012
ck_0fd9312411b0ac55,0.01822619609835119
ck_ad8cbe6e27e47ede,0.035047742434460474
ck_8398adeaf41f9cae,0.009461162090650404
ck_dcf851e7bb5855d0,0.0035368440164285937
ck_9affb0f26776b642,0.00228213585079462
ck_f0424b3b36bdbef0,0.054553661158348074
ck_66746d1090d6d9e9,0.0011912796560482018
ck_e5f8c8a5824db594,0.019315452850971734
ck_3e91dcc209431984,0.058292780533115665
ck_126a82e8d42e5ce6,0.0045646021827963155
ck_38e4a74ab256e2eb,0.009616404428556241
ck_1225a97fc413a419,0.06035230682809182
ck_9b5ec0f78e160e65,0.005575881689010449
ck_7c5529bcc079600b,0.011379591692069686
ck_29640fc2fe81c251,0.10989678764351114
ck_160e9ba0a3f7c1fd,0.0042840876373037295
ck_bff090cb4ab76b9f,0.010408264268093909
ck_aa06ed358e43db69,0.05213925850991295
ck_7264486eb512d84a,0.004582527079629414
ck_f5a32e6160b28379,0.004705029052523575
ck_4ba8bec14c2217e1,0.010004181458147196
ck_610815786d729d2f,0.007895464566305611
ck_e267999226b6321b,0.0011878205549805403
ck_f3996a3c8eea1ea0,0.014279964246012324
ck_e9b75ed7567a3f23,0.021881511586620335
ck_d21612d48bb4f7b8,0.02849536755819869
ck_1f871df76c6a995b,0.1019558523589772
ck_953bd5de48ccd70f,0.6914788743344537
ck_02a9104419a6dbaf,0.007414790583519798
ck_1eeeee651e05d535,0.04734375131309351
ck_e2ab04136a442a98,0.005236207609389637
ck_f0d806624ef3d359,0.013599671116967586
ck_4b68b38c1b3326a3,0.00429772239941024
ck_74e60495f8861156,0.008952912474313115
ck_398f3f4cf05c721b,0.0021760017532047697
ck_f761b7650a0c1a85,0.010026705821903584
ck_7dadef33f5e2d94f,0.991488605175761
ck_6ff6883633b8c7ba,0.0014747169224254195
ck_4d2159603045109e,0.008307407989285273
ck_a38bd07a5fac5c9a,0.0033217204122484075
ck_f517f06551e69507,0.0053159205816003564
ck_a7ea00a1760ad561,0.9901491086455191
ck_31fc51d5a3dfe16a,0.02565806912799675
ck_bac5233623b25ca4,0.005312471418872169
ck_385188ab27784fe3,0.07177762710727567
ck_9947a323bab5cacd,0.1359625286661147
ck_7973edc9f22ee7b6,0.06552343366275427
ck_f97c477986043755,0.0021589368670842145
ck_1a3fd2cc4b4de196,0.00774250054419221
ck_e18ac29ea62cb435,0.07232129305737127
ck_9720a472a3e0140c,0.003339174944919761
ck_668c7fc7d7e47c0e,0.09425941059927494
ck_214af0806470ef48,0.016365144902999045
ck_a46c1773f01f0be7,0.1643336706785985
ck_f2bdcfb4203ffdee,0.048503557323818766
ck_40e84e6ffe788a4c,0.009019723408351141
ck_dfc6f5712d8d6678,0.15661366607939328
ck_01ef1036b2e66a4b,0.010201414823602326
ck_3acfec10eec32f9c,0.02403366947664306
ck_084a85145c15ed77,0.011098469982157246
ck_fcdb4fe2f095fba1,0.0329856866596065
ck_023908db0a193076,0.06689007005397055
ck_fec0ff92fd622253,0.02586003292595155
ck_c009c97d5fafbced,0.24938435778646226
ck_eb9f0c06ee017ee5,0.01128621349300212
ck_d7792b429620fc24,0.008305792739626432
ck_5e9e149a3b69c726,0.021166653722299016
ck_ce927322ef8f651c,0.020040786456826984
ck_b8fd61a8e82bce32,0.9799532762771375
ck_9aafc33fba1474cb,0.00946654519846128
ck_ce81ff9b8b35562f,0.006350014040307267
ck_25bfca1d8eaa152d,0.0343988749571586
ck_170c65860e2a7e23,0.0068342240848219705
ck_952da7ca9f33decb,0.010014762003520288
ck_1ebd574406235957,0.013525410313694171
ck_589109a188adc2c1,0.003349012410900544
ck_f0cbd5383bb07778,0.03339775539527359
ck_242521e261148fba,0.0053437191354800215
ck_509cece86a558de4,0.005357963369080861
ck_0dd7c5925d28755c,0.005785766539932792
ck_a7e669cf1c3985aa,0.012343900882718344
ck_acb84dc2351eeb76,0.0011745692661561784
ck_b837c7dac2a9b931,0.016265497109093155
ck_18eb1f9181f95df4,0.006059452586659585
ck_b0b9047dddb1ec84,0.5534758849591006
ck_43aa136bdb0a2832,0.34075758975435344
ck_3e47f8c56c811700,0.006799936141007653
ck_77c587d24695ea15,0.020529920657382912
ck_20578ac693ea4e93,0.015977863818366418
ck_b9f6040eebd1605f,0.026046812921480835
ck_ca9d86f65cfdf018,0.0030199820128091583
ck_a4fa8833995c716a,0.005236599279967186
ck_f589f1e29301b5fd,0.005575556835504326
ck_961ddb8ff55d868e,0.0011112432173039982
ck_5662492a54e6688b,0.014690695600494632
ck_ad48826c1c26eb78,0.666599971697299
ck_621c9ddde6bf2eca,0.01625652708729192
ck_417a3500b2c717b3,0.040013227656269634
ck_c7e129058beb3ac1,0.01796799335717371
ck_ec1c902b9b9b9c5f,0.2069011119349005
ck_317360ec0a67d27e,0.05802606242272086
ck_3e3ea5d8c4a229dc,0.06856257487067047
ck_d11d27de7bf0b973,0.19085481579660737
ck_d37d56e931105db0,0.004896574850186363
ck_4863077723cd6ce1,0.002061031566640593
ck_479a065d5903e9c3,0.0030567098610122115
ck_e66ae4fd586fedea,0.003691417826104759
ck_192bbfd0d5720134,0.006828327245489978
ck_3b436cb29af99f3d,0.013812995456353895
ck_7c7ca54969eed187,0.057918825139631674
ck_826ee896c9f1144d,0.38360543602220243
ck_ba1f6dd43fc8a0b1,0.009224326901051624
ck_49685deb63e4e8f8,0.0073514613907380896
ck_687ab5d5554bfa79,0.016659414364492198
ck_41346ccd9242cc8f,0.0029791257274415827
ck_8f8e5e2b9dfec3d1,0.017468907331910536
ck_94d5ce61a0c50465,0.007710238138023205
ck_6b954c75aad8c012,0.03281391228827217
ck_748af92828c9d288,0.003887824338356274
ck_dddd14091ce812c2,0.0108027477015002
ck_723323f6870fab59,0.019230111545459838
ck_dbdf8d0708cc6718,0.004651517132423217
ck_f04938570a154de3,0.009025557141338562
ck_58afa1550b3b5294,0.013694000618667216
ck_3b150afde386ecff,0.03284438001682747
ck_666b95e75d99ec4e,0.850468959784578
ck_e00332597cf1eb24,0.01543928387915105
ck_9a9e3dac79280d7f,0.05061800584085472
ck_e8d37262e859d9a1,0.012298761217082657
ck_895bb39d24bc1c4c,0.0018197646774342853
ck_b367449195e36499,0.011054700454524034
ck_d23f9a50d1135ce1,0.06375954572157913
ck_670dc4910cf476c2,0.0021703383980143584
ck_3ecd8a5ce65e21ca,0.008443273444745356
ck_8584fea2df4c6317,0.042772258563917004
ck_0789ff4562202b20,0.012674345829066631
ck_749e0e50c3907be8,0.0031609012364321853
ck_c3ff6790cc6d7e34,0.009187100894474946
ck_75fb7e56432ee4b2,0.0072025472225207225
ck_529fc3170fd11abd,0.06457051412250556
ck_34a69b3b4a681796,0.2696083177590688
ck_255f0e5888ae9e23,0.039130104770927605
ck_65be698386474170,0.0015799789084863455
ck_5eec9ed855c26000,0.0035454743749422685
ck_5ab39bdc9610f6f3,0.5882025734055863
ck_1b5b75762f033462,0.0066325170841849725
ck_d3e208671cf37f91,0.9533821679654363
ck_5068ee554ceff971,0.0481023676128344
ck_d7d50fb57fcb2d0e,0.002088872246411362
ck_ba6e1115fceaa067,0.015552191415937413
ck_d07bfb16a4a7dac0,0.9188643739552933
ck_ead68310311690c8,0.4379599930950938
ck_ee53ce862bc9c111,0.013920529677689327
ck_97e56e6037024dff,0.001416619235613645
ck_80b04344c98ec072,0.015281638001974782
ck_5954f45a2ab45f43,0.02113024939645228
ck_18ddf7e836256e3b,0.008564193952245485
ck_89a1a780144d808b,0.020900049794832502
ck_a7331e8b808c39aa,0.10151327334737775
ck_a1fd0ad03ff9b776,0.016316898181692564
ck_c0cf50eef030b401,0.0010906840050860776
ck_074f20921189e7d6,0.004908873930427401
ck_e2aa7be60794593d,0.10072648525772707
ck_72771757dfb7f7a8,0.013806789473490753
ck_a9cd84a6dddfe584,0.015260469205149412
ck_142c00f9f8557504,0.024050272689049437
ck_221b5d40358230f4,0.061422437704516206
ck_a2d7a563f520b7ea,0.014944819155500503
ck_66cd34bc568d95e0,0.04112128495124863
ck_a17128972d3e507d,0.022964114142734193
ck_bda299466bb2136e,0.01950481659482544
ck_2b699066665abe8a,0.025859501549821792
ck_0ac9848bd4ba0c14,0.0024248355606420785
ck_98d2f9a6ba3a3077,0.4698531211100815
ck_a872df31b28a5f7f,0.11289867822737353
ck_7e73e1d44ce82ed9,0.011137734955976347
ck_1a415416f620d49d,0.003521384802370588
ck_c95c786d2f8b8edc,0.011586184502667563
ck_e45012f22b7f91d5,0.003553433561644107
ck_aa0b083e2a6813eb,0.04620328052482504
ck_4666232ddbf77756,0.02243534966839158
ck_e08e9c8ec5f23d8b,0.009994131340299844
ck_31d4c0518e5f52c6,0.003472552437099583
ck_c1ab40638f04cb02,0.007244913333077424
ck_4c1fdd1669c7cf51,0.002067926491726297
ck_11662cc7940ffc82,0.07396119921850056
ck_2e679af24adedac8,0.0015018798001717078
ck_454b9e21b7f25a4c,0.0023351784155685785
ck_355c4f29089731e8,0.9519439586509932
ck_507e40760a24d2d5,0.017804431208398697
ck_0943e0f305078e34,0.9826604793218008
ck_abc54ed7111e9ed1,0.0024200479416570508
ck_a60fe02fc04407a9,0.04379904301427259
ck_244b897bb4d57c1f,0.008178636003128955
ck_8c84fcde93a04334,0.11627661288926656
ck_9eea37d2de633b27,0.002523162513916489
ck_b2cb9e6610eca967,0.00738253662093259
ck_09aadb4c41b166f1,0.05997933372732465
ck_8d94fbb4828ef326,0.003196023252548411
ck_089e3a07abbe3b8f,0.005404023582095566
ck_dfee9de05e3971cf,0.00269879135433388
ck_6abf8302ce052451,0.12515653931196802
ck_6ffa90143838a4a2,0.003559331354128565
ck_325caeab5c7a9c3a,0.006922401861686728
ck_1964ee9db929a173,0.8157281821791426
ck_942b95988a6245a6,0.08773246839459237
ck_913ecdeeb8e21a9c,0.007242217887838305
ck_ecf9794349eb4b3b,0.027706858077902907
ck_b6cb8d6ae828eed1,0.05080554593681136
ck_2f82ea66c4f53b33,0.12321634709000848
ck_6e676daa4855b58f,0.086063405583964
ck_2a37fef48b44e9c8,0.03141729661355819
ck_3bd12d468fdc2450,0.014145895405706734
ck_1a28b6a40a6bd3b4,0.07154876464612547
ck_61b79dec96d15713,0.0013389869734513745
ck_31d5e3daced93d3c,0.008571979949956291
ck_e6c8611c0cf233d7,0.002464362470883214
ck_f04761b4a937ac3b,0.006922389301015916
ck_38c1c75cf055031b,0.015713718245810387
ck_59a561f3df01441a,0.040242419951931875
ck_04e40f556a5062ef,0.014122022729559456
ck_8409716d174635b6,0.00519339696128945
ck_3019afee83342701,0.021262204842431624
ck_b51a58e7f032c9a8,0.01927236387730099
ck_5043e474f848346d,0.02038733373952534
ck_4388abce33ecd01b,0.4896390515225324
ck_c93def7392f0aff5,0.037745582031708615
ck_72e7b1acc19df820,0.004583753035147992
ck_f253130dc3ca5b3c,0.005930201810993908
ck_eb264d1b180d4b4c,0.14513345673135547
ck_c2504f5a113433ee,0.004395267920753033
ck_c16ab1e4dafb4910,0.1565074802852168
ck_4bc42878fa180991,0.0176524207201861
ck_1c771a7c78f6622c,0.023427571129365818
ck_d523f0e50a2747ad,0.005271152966734256
ck_9060f4e7ab7a1b0c,0.009840481405316556
ck_6b55ec4e87a5e22c,0.11477073829442377
ck_55fc62a5f89a7251,0.021085127368380065
ck_bd2545c62f258231,0.08220149589374133
ck_1ccdc69d0bb712b4,0.008130327963676583
ck_710f867a3bd5898c,0.004450327442912293
ck_f91d48c40337d375,0.004700910999448622
ck_f76d929541ed41dd,0.044662979197981345
ck_e26a6659c237b650,0.0541303383997101
ck_184983177b73dea5,0.008787218238592314
ck_6d0d081bfa8a0022,0.02843504511824534
ck_2f6e64f638da0f97,0.0033674142517083243
ck_15b93103ccd38609,0.009255573833562835
ck_094d10439b7b4eac,0.0031163972489925956
ck_d2ca47180a926ba2,0.028880512407776105
ck_a69ca7b9d70972bb,0.006042021007523142
ck_68914e67343a7d32,0.007980776237546863
ck_8176616132458c0f,0.01769579435340817
ck_eee99af3598311b8,0.04812420952431053
ck_94410eedfca91304,0.03674742715591572
ck_cfb11a0a2325bff5,0.003102099295652313
ck_75217ee144b715f8,0.07501679239404704
ck_d56fc799542299b8,0.004828356084001682
ck_4c352dd3e7c81269,0.04248906798597436
ck_e23e50e02cb3904d,0.03200208802093535
ck_b921af37d500e139,0.014139225171149985
ck_82181b935360dcbc,0.9727121170659047
ck_22a7cf3b99c5e5fd,0.013913044820478063
ck_f67ee7910d532216,0.008838037277628979
ck_5f48762a14a0326f,0.0020615272142033656
ck_1757fcb0e6e3f88e,0.14836081317846994
ck_2c2f080ba185016e,0.050215842229591266
ck_4c25570eb72711b8,0.002747604147307055
ck_a3be871ca22ac416,0.007658295735405831
ck_ab70961e7c6695b2,0.009808194801799102
ck_a1cdebfc42a52448,0.0021085040378490275
ck_f1b80b821a20186d,0.045121719924163375
ck_ae668e4564cd2aa1,0.0066011401873991345
ck_0e2bc3a5afa439d8,0.03515436038778174
ck_3dc378f37d0b74b8,0.017053719560339856
ck_9f9555197480d1cd,0.005371074522832711
ck_bf4e7d48770a4a8b,0.04951287277235764
ck_614ef655f0685060,0.032312769320893
ck_04d2ea38ee27770f,0.0019675949974875834
ck_e03a9d8ac94161d5,0.0032612129738430317
ck_d4007b5b26d9d854,0.0028200602030572465
ck_2dd147ce6d61749f,0.01433440637833644
ck_ff45764ea7d6619f,0.021792285173162396
ck_dbc487cb0a6c18da,0.8868441506666114
ck_791d5392bbd80447,0.012587253055817454
ck_b4068439c413b150,0.02024361687547644
ck_85df7b7de9700aba,0.0017259312851547227
ck_001e42551cd06e40,0.008073143575959944
ck_a6c02ae50932cd9d,0.0035883302181900184
ck_9fd0be2c018ff5e4,0.0047660762221202945
ck_32a495128395fde5,0.0038843691936695287
ck_b6f2a2fd232c141b,0.007057110398537811
ck_28dde633692904b0,0.08565935403376751
ck_a1a93c5f375f6021,0.0023221777234486776
ck_e3982142336782df,0.01898054184566189
ck_a9812ff3c111ea94,0.04082269551487671
ck_f04062216f95fa00,0.017767229849501964
ck_7c560467daca735f,0.0009971734221386904
ck_76ee10d6e2dba70f,0.02692268017098519
ck_3521243bdac61178,0.011297382758645724
ck_28588fb03b320520,0.04037626109496842
ck_580dcec33ec232b8,0.008052187061295282
ck_7109923fd7dab20a,0.007012113049491953
ck_7c872c99481c1e9e,0.017287152691631755
ck_46f4e1f5026f4d1b,0.0014222193958479583
ck_00d1ebc31ec4653c,0.006665162731264017
ck_aac70764dde15168,0.036920291977437125
ck_648c03f9aa4e45f1,0.006566767043667056
ck_5478eb69ef912785,0.2041064815533093
ck_79b8523137bb2603,0.072946937024961
ck_795c49f312640019,0.0013958747432394874
ck_89184bf7b7fe41cd,0.18798096151649496
ck_97d4bd922996fa10,0.012995336189979462
ck_1cef30d08f3a598d,0.005190713643930699
ck_2f9fd36a4a40a6a8,0.0018393104383751702
ck_40780fc0f8d6f309,0.012433460042987284
ck_9083ca9fec2a7f4c,0.01058264132668997
ck_62081bc35aa59931,0.011000537605350864
ck_2e1b46c5fc56b863,0.07115715092595754
ck_3d139692c51b604a,0.08498663909142891
ck_b5e54e22e3d6960a,0.006515690920084758
ck_c0c4be3f44311b04,0.0074066635512841286
ck_82a8bdd2692c2a5e,0.0028140034269182636
ck_bdd2da300b530c5a,0.011786343755988957
ck_ee40498cd97183d3,0.007199264919900848
ck_70b9274473bd6dfe,0.004009573701240872
ck_473d6314ea614b29,0.006297463297266878
ck_7443d6dca8cd1352,0.0025681932925357164
ck_3b49768b448b071e,0.014566596485083192
ck_b43f04431c267dea,0.0018973240390332258
ck_4424a5223ba2fe00,0.029487500661657257
ck_819bf3e8231f4081,0.010693094957183498
ck_91d417507a8c58cb,0.14377527584198319
ck_e88e86b19cada4aa,0.01548207700186982
ck_59684167f9c6bf4c,0.03378705690940573
ck_d5f5b0dc97b9dc27,0.013202768963322226
ck_13d1b192bbff8f32,0.00686583195658194
ck_b21d8630387cabce,0.004741461889126624
ck_e4ac22046699b99f,0.0063508329299656625
ck_74b848064f2ff45d,0.006722241710527196
ck_166aa980cc87fa77,0.0391908719040635
ck_98e337806104dd88,0.0026837892666828978
ck_66eb09be007f0755,0.006081633323476692
ck_3ec9b9d8dd7be11c,0.01885112123066697
ck_8b8b9de339d75d0b,0.01866076623621392
ck_6715139e240007d9,0.006537348600712696
ck_a0255ab46e122d2f,0.0016431214696399467
ck_66e81a4190c33510,0.014794171601971533
ck_5d75ea4f5c9080bc,0.8335500103468789
ck_df69858b8a8b3165,0.0075633488271928204
ck_e15252ebd7553422,0.006528207233521346
ck_34d6d74bb3ed11e5,0.0013638084118750792
ck_c2608f78f6851d10,0.6324580996909468
ck_bb99071e8f58c8a4,0.6235890054638475
ck_06010f0df5b7cef8,0.035063188591826035
ck_8c582eb0f6c0148c,0.012815774162702699
ck_0034d010d28aea78,0.018683897386074032
ck_01c1f06692566ca1,0.005908586362007669
ck_4807726e797fb893,0.018316060465050188
ck_edc9668282e3c8cb,0.022198485871764435
ck_5486768475af7bb5,0.8634840456247013
ck_3fb9813849e51837,0.01289130135596887
ck_861af5a9a9a6d619,0.004598384466359058
ck_da39653add0f1109,0.001341364319865033
ck_74a4244eb1f162e4,0.0022130604848941784
ck_9a930faade55b8ea,0.0030102247842241263
ck_fb6e06ca88519dcd,0.00800266859525119
ck_9776cd8263a9f415,0.004571802195966602
ck_b3dd1198ac5aea73,0.015354579434258091
ck_b6675a04df1a4276,0.002782003029338081
ck_5c7ad6e731b69333,0.3562290753011027
ck_28dc0fdbaec00580,0.09242933042306205
ck_8e7a32f7e3905f4e,0.008764230368058012
ck_8563fed6674afc77,0.007843691246257464
ck_9a2fcccb82da663e,0.014348834610752363
ck_6a519bdac0d94527,0.0033445121109296335
ck_a0dab7aa9c4a39a9,0.0036093860549233922
ck_a3ce05e9e5e32142,0.016322801623393026
ck_7a7e40ee3f97c035,0.045885613240012
ck_9e9a830785112a73,0.04342423333614101
ck_ab1bb02f6b189304,0.40218507199181325
ck_7b8cb0f90fbdc8c6,0.00456294516319661
ck_b138fc249e659e60,0.009368558054140688
ck_e73caa3771ec5e0f,0.0030177397252337743
ck_18a55b06ccccd88b,0.024218760159776843
ck_fdcb1d9265d8fec1,0.10836113271699893
ck_e21a900556b382ad,0.020438387851839254
ck_c6bf67470f526771,0.02297170658114866
ck_b568ba3837afb39a,0.0018288504174538269
ck_a2858979dd5645ef,0.004475408216903658
ck_1da9d40837ebaa57,0.030242486190971668
ck_9341c7959543c542,0.003262365586263296
ck_c8ad86806b9a2369,0.043022551163117595
ck_5c85d93ecfed4b0e,0.008737543002662738
ck_f07b09879d697b82,0.003507836158505851
ck_fe43da07608b1749,0.012506165557013406
ck_4bca22b5926b9c28,0.0043477924105898725
ck_aba573aa942b1d41,0.014106531399067809
ck_57c14e32fa4683bf,0.0022033300725088733
ck_891530b489ce402b,0.00744480587739604
ck_5e74fdadb93ff293,0.03939359594227072
ck_14436a409ebcc90f,0.007092982900789093
ck_00013fdfa0bd37dd,0.004748729438988852
ck_7dbe24ba01316775,0.028776527632780602
ck_0e3f80c1553c591b,0.02296850630884244
ck_3edc45db58760d76,0.008652228816111425
ck_29076a13f539187a,0.435365325225223
ck_b1e81b58b9a545ce,0.04451074927285733
ck_3f8571d4f7420b2a,0.04006792795154464
ck_7dff6abe4bd644dd,0.3621733989265724
ck_2884bab237af16b7,0.009505082356768314
ck_231e6dd1fe708000,0.007566721095699311
ck_33ecaa7b892e73df,0.014775324861928363
ck_b109ec4c63503030,0.009570791409834582
ck_a7f522382509cef1,0.005276689141430276
ck_748b3ea941d8b3b9,0.005812380062605291
ck_29f3a1737a2d9634,0.017010618623902154
ck_cee8d42475a0f020,0.00750114962770034
ck_c6b6ebe145a8ffab,0.004531906363593247
ck_21c99e1d6b881894,0.0017709358451306586
ck_5ad798286384484e,0.014672754120611855
ck_b621b6ffcc7f4848,0.0019083981934707216
ck_ea819e337233475c,0.11106357296326255
ck_9e3896c2668ce06b,0.03244999878627617
ck_501dcf1ead036d2b,0.004484101112020171
ck_8d5eda29a2cffa3c,0.003531732970793883
ck_4d3aa36ff83f1132,0.684177164249294
ck_8e9faf94e3e6c757,0.0012239589751353052
ck_ce0ec41f96951048,0.012910552714293795
ck_f09165d73ee903b1,0.006381363977747254
ck_a432b1bf1d3b3d5e,0.40214425604380666
ck_ea618f720ff0b4b0,0.001661045824106225
ck_7584e7bd755cb28a,0.012609456275816234
ck_e14681aad43e1a72,0.018363555485284053
ck_5e18870d8e30e379,0.022182991381993932
ck_ff7c26a62bda8089,0.0018397699824572844
ck_cc5a35175d381d5a,0.004992284511240739
ck_3c25029e40aa8a84,0.006552399702003675
ck_771247b5bc16c12a,0.005253628002796239
ck_664b5e02759f985a,0.003344262509948525
ck_692a9e8f504b9762,0.001368654408694959
ck_df8ad2deb0a4ffed,0.024954179664970995
ck_eb48c0bcd12ea654,0.008218512628841582
ck_7c77e597c951cdad,0.020025070527991233
ck_4f75144c6f3b13ad,0.01373385920374521
ck_1bcff399166d7c43,0.00886056151416153
ck_975c2aa3d4a8c51a,0.012618319458950497
ck_bc6f07b06aaa4ce3,0.3540237942678742
ck_80b072b7f3c7e8e5,0.00830266725909181
ck_471e4018a23b4e56,0.005961958916590208
ck_53cddfba570b4a3b,0.011198161787825383
ck_630530e50764f229,0.01492994144998747
ck_dcef7887a4f1e435,0.03499048333770112
ck_2795921a055643f6,0.012818089118138233
ck_7456df89f3792235,0.004367393212078253
ck_5014a3b07e1f049f,0.5250579920553434
ck_d4ec44760cbe03f4,0.007473898438142483
ck_96810ad39d4cb7b0,0.01941955365629247
ck_3222ea25aa29bfa6,0.002264604409188618
ck_f6c42001b84a10cb,0.21804254924423935
ck_5ac86682385c86b8,0.009193555790292702
ck_4280c33af57eb4f4,0.0023239608681167884
ck_05f79ddd8eefaa56,0.013874773847381741
ck_3a57a13ce032a6fe,0.006773362947759676
ck_a721f0d635fad68a,0.006577840850000098
ck_a3f821bdf408c326,0.005226321502790295
ck_0ada63008be5685a,0.027418062349672305
ck_8c949bdc6e8720fa,0.0722776408169774
ck_c0d2c56f9c722e99,0.9857968034336984
ck_5d2b9e6e087b8dfc,0.9896476899423202
ck_5217b55593a332ca,0.07883409159336457
ck_7a7bb9be5a7e48ad,0.015408365044449729
ck_24cd0d779e866287,0.004466074579896945
ck_7367917891a63771,0.03751712006018746
ck_4b31a8862a857e6e,0.9302806842946012
ck_81429c4910ca46cd,0.004605494420928927
ck_b35d803568f82d9a,0.014379279201547041
ck_4b00e75c2d2d0522,0.002256542580886996
ck_77fced07f6dff42b,0.011544165964383422
ck_3c9a06eb07c300e4,0.002557751180253369
ck_b3867f7f494db64c,0.00207890044642038
ck_0c45e54897ab34e2,0.02370318679844849
ck_507a6a580ab55c76,0.003454419574280313
ck_291bffc7809f896a,0.001914002356451656
ck_3753cc5b9d02e2fd,0.004360597499179012
ck_4f63d5245b3ac1dd,0.012492235021663328
ck_9dfb2ae78659240a,0.012564416206321982
ck_90f6f5ced708aa75,0.0019768571053672326
ck_8b5b5a6b5539e39b,0.8680409407134921
ck_4719112b55d20161,0.01890067430217996
ck_fec888a7108ca52d,0.991389961074808
ck_4f5d022c99f118b7,0.018956123180440005
ck_e967ff05514b697b,0.0312745667935433
ck_839ce35819bfa4fc,0.0019096419112621331
ck_bdee1221b9addff8,0.00620797173712076
ck_9cde4036d0914427,0.007559906721094975
ck_5ac959cbcc5e98f3,0.0013132285424227582
ck_619842688294dabc,0.00981743989123608
ck_7373d7b04c7799bd,0.01811807269945842
ck_c1dd3feb9a0b6471,0.012472752008852915
ck_0324a4812ec319c6,0.004221569099373983
ck_7f3685aa2933b251,0.0791953772683036
ck_06aee5a62a67a84c,0.028390689606857547
ck_3428910b44b9d08f,0.0357831815861617
ck_c3ba7534cefc1de8,0.019243863270666583
ck_1f1273a67cbad5e5,0.7810892174183985
ck_124565a11b2f8bb8,0.008564995640637531
ck_38e46bc861e0165b,0.03535139018865274
ck_c8ad3f01319c065e,0.07460625595954772
ck_3f94a34f5038f7c1,0.9239822980976811
ck_cee56be5a502fbd1,0.19483464459410071
ck_2b90b76cf4d162f9,0.010197600425205181
ck_884b2e463ff1d54f,0.00334726944540126
ck_fab4f2f8531b4827,0.013729984355819586
ck_4fc6256e0e60a926,0.00856883898648662
ck_0a2f8b2f8a5b6f02,0.002307238889844355
ck_9c0deab8a8367c5e,0.0012575688164620374
ck_d3a2a4c011fa2554,0.0073974251042753765
ck_4108b4038f762817,0.32282099452063695
ck_4df036e2aa7e1056,0.014906776024099209
ck_ec094eb1cbb3efc5,0.002356883726394315
ck_09f8f51bfd2492c6,0.010790737083744936
ck_b60fb9a10d6f4489,0.02693560651136058
ck_3638bc3388dbc1bc,0.2144571143194054
ck_7a58e0cc9943c39a,0.010596590671948252
ck_37dab6a0a536ed49,0.04451794752084137
ck_adc576690df5b33b,0.01780684159206186
ck_1383b2b1875000f2,0.007659804327606707
ck_43c1248db37a2eb0,0.0029238250097575378
ck_29c11bd68858e923,0.0015253733876894819
ck_9401f9e11f65337d,0.009689834728887143
ck_ce5ed372b1a2ed6b,0.05782734104908057
ck_08b4619490e751a8,0.5768197815980629
ck_44b9125526acb05d,0.01537339004355158
ck_ef1a1de20d2124cb,0.01632173023894761
ck_e5e2624b7fc89774,0.027269949791377063
ck_f5100511609b92c0,0.0014057661621308005
ck_64f3bb17101b7c42,0.007594399570592891
ck_ea1e5b5128ecba2c,0.0025682941031918947
ck_516163fcf04d5e77,0.03580604421590285
ck_7f9a748110d70005,0.0032961722255940556
ck_d263b55f0a681cce,0.027452856116347752
ck_0e962eacf98a813e,0.0036489932838283997
ck_0406931800e0e2e6,0.003823430351993248
ck_0e9b982afc88a3a9,0.9807894800209026
ck_8bbb625384edebd7,0.0030027748084009514
ck_5eaeb87bf6207406,0.9366870744231925
ck_cc3318839c4b0745,0.0048689995520063475
ck_08a0355d1f1890ef,0.010702520139351916
ck_af7ffd1a822460d3,0.2731351119557648
ck_2a09c7aa870edb6b,0.0047755156031194295
ck_bc04f51c23290bcc,0.009332416567080592
ck_d3a8333cb389f4c6,0.008640140623441667
ck_88e3dd3039508332,0.01704187965985253
ck_b8c7771de9b57705,0.006675866038635361
ck_585ababa02383b50,0.005333574251154924
ck_e988c108754cee9c,0.006202804786652182
ck_4a691892d9d6cf89,0.009009418302995363
ck_7cdce37d895eefb8,0.011102381742951865
ck_483fb981a1fb4317,0.004367040735328566
ck_c1e5182bd99e0e35,0.16215563664155602
ck_9a1e3ec9a1839939,0.008504653364158617
ck_5c3f13de0dbd5086,0.018504003818332622
ck_f4f6f0caaab70040,0.002786841626524413
ck_791be3378dd7d64c,0.017179388824633535
ck_956dd784525f5886,0.00910730403571637
ck_098167eaf124c279,0.019109374188747606
ck_33ecff7914349ebc,0.008548756649248423
ck_e05d44e46c7174e6,0.010077976773511708
ck_1b2ce474fa6582b4,0.05512259492953936
ck_ab581082e8f72e3d,0.005234316257722042
ck_e63256667aa19070,0.03214015047588694
ck_f568772b6cb3febe,0.011075838894805517
ck_dd89a282375bbab6,0.12860982250335817
ck_a39d0bca345b492d,0.004180932464027247
ck_d12d2924d0f7a64a,0.0072536847665723445
ck_6a548da1728b5823,0.979365237579316
ck_6d64193681d2a94f,0.043369627366777505
ck_ced6b6dcdc7c201a,0.008731643368729112
ck_d1b0699d26282871,0.02958860589030211
ck_58f757e40a9b8877,0.0073638449882722605
ck_3272c2c4a37d5220,0.518834085168435
ck_d94dfde9e03c9d1a,0.01323052536524385
ck_08a6d4903a7fbaca,0.007856391837735677
ck_6c72a36b05fa0f4c,0.020026026157350527
ck_dbb4bd4eda97255d,0.012756147364522174
ck_94b59bbc824b307a,0.0017473223977833709
ck_0229a07185f15469,0.0065003472945000754
ck_11bf1039f8b3025b,0.007124271125445165
ck_36789ca11459131e,0.0827346468493792
ck_8572c5f5c1447c62,0.018407542114657664
ck_9e75c6641939f4fc,0.05367356389060121
ck_b45e47c39d4dc7bf,0.016356156171538613
ck_02903c48b6cfd65d,0.003770423522457522
ck_b153386f1729de81,0.00634158328099531
ck_36979996f33498f7,0.5440941209393757
ck_3c02d4dbbf6716b6,0.019235876548531525
ck_66c9a19963957531,0.09334254880208367
ck_bae8dae7cfd8baba,0.0013005718596264437
ck_bba0ccc6cd968680,0.024533848498683085
ck_3267fe3aac05c71e,0.006032937802012308
ck_40052cac10562cde,0.020499264507212088
ck_d973444855403e2a,0.013032429572154931
ck_012519bb095ad36b,0.9864172476527651
ck_ad7c256ea10c4a00,0.07186048158657637
ck_70a60e095e9b706f,0.003430682252656498
ck_f2734417c0db4ee3,0.0030512367020527516
ck_9cb89cc3178e0172,0.020410899676251034
ck_779cc0f2de4d5488,0.09057090503180755
ck_35f8656bf93e3b3d,0.022099750370145173
ck_bdd8eba728800e29,0.023024694589138854
ck_002cf760d173f0f8,0.012938072596360095
ck_b046067c6ca3831e,0.006396409278589409
ck_a4a42d4bff8af645,0.004729158035495912
ck_bce253d2396681a1,0.015044308172908933
ck_00dafc060c8de32a,0.01666079168582285
ck_968a99e097ee78c9,0.0577813652408425
ck_66949171b387bb93,0.014129353430245697
ck_ad305286702b1958,0.002978271854587428
ck_4732da7e0d2dfc7c,0.008880624686568042
ck_17a95bba77217d85,0.027861794895441723
ck_3e2516a3e35067e0,0.004939430996740862
ck_0b615ed566da1f58,0.02104945747762278
ck_d2b3ce1ebabe9f93,0.009307466679649892
ck_a892252e4e0c2828,0.006477721124939936
ck_cf606fd6ebfdf9bc,0.0062510172689473125
ck_718865237134ebe8,0.00310380698162455
ck_878522cb775b904c,0.0430732559809879
ck_9ed53de6ef779ae0,0.0028725080329897413
ck_3f16e2cd7e6874cc,0.021236156396331446
ck_3c59df37895ead2d,0.008321914088556698
ck_6821459b626d492c,0.0043604580747236155
ck_11c7667920541587,0.00467632601432199
ck_23a016cf6b98d89c,0.03831599575552461
ck_7137eeb394d200f1,0.05390695549510521
ck_9c4886c5c90ddbdc,0.0023904901762125176
ck_1422a7bf7756294d,0.9551713250894902
ck_7ebc5fa7f0d3b8f2,0.022579330355969977
ck_fcc2059a8d5c41fa,0.1486574434702853
ck_00ff7389d6a83e29,0.024505063165418024
ck_03129b41457795d2,0.011820345290253786
ck_38ba64efa7c38250,0.03856757125276726
ck_57a6b56b09bff24e,0.014381773959130924
ck_e3b3c5a80a567418,0.0025173902716821082
ck_fc40a16adfced018,0.004627249505609171
ck_9d4b5e6b43bad4d8,0.006727695076964718
ck_61129937ee466b49,0.07004624288795762
ck_74112e47b8629c2a,0.04689142278980954
ck_b4703ee97f94d7fb,0.002591395269397156
ck_e560f720a988d8a2,0.8840156916559585
ck_708fea345f68037e,0.0018984982518628056
ck_25394c1b83e0b803,0.09325258741085304
ck_17ab24fe914ae44b,0.0027314361590580804
ck_16c501470d9bb006,0.002329558621464758
ck_628f449e248c19b7,0.03196414373121076
ck_6d64190623dea714,0.00459578545315042
ck_504a45ee08db72b6,0.003959359268889498
ck_6cbb011e0c70bc7c,0.004048236794145764
ck_b3225a98acd04f83,0.004663742312008853
ck_aa37993f1c17cd1e,0.06279112732909965
ck_558cfe5f77a55a9d,0.0058751873638259915
ck_0d0a1a021efea5b6,0.02128153495491074
ck_daf7aea023b7a8f6,0.034512068312884656
ck_d75f25184ece2b51,0.005424728475675409
ck_466d4b5366c50b98,0.004116542833233259
ck_88f27ab479063852,0.09239994690825734
ck_66779098e78c1760,0.0022679844792082692
ck_b150fe4efb449b05,0.0027777459854083624
ck_9c3aa9f23d01fa1c,0.005214600073834216
ck_6a01c375fc26705a,0.0019003463416282964
ck_002eb6552b504ea1,0.005750468914120602
ck_affa5aa0bff9bb0c,0.012908680674891251
ck_027614eeba8b1a4b,0.011347709781084195
ck_67e075c982add719,0.008729663637948614
ck_399b0d510be98bd2,0.012214339927835164
ck_e9b0bca7368555ef,0.004157075802797464
ck_59c29d9c57b4f994,0.02568838292575064
ck_37176850ed68831e,0.008573815417297417
ck_a0db4ccca08030c3,0.9505680584006025
ck_aa188e5c25f7f42a,0.006917641187877624
ck_7de6997178207800,0.0017088871348203884
ck_c729d19053387be9,0.06254187144704704
ck_f2d3e3d90608596d,0.5230193828741663
ck_2db3fb565e0211ee,0.00233073859010621
ck_bed8a480e27e911e,0.014072107097210738
ck_d7ad9921a4d25926,0.015348866101959449
ck_2a59f23fc5194699,0.059013266926670596
ck_63601a58a6120d8a,0.020533874021787975
ck_efd7b9e22c6317d6,0.011355535942659069
ck_9ab42875a0f95b43,0.05022737553539734
ck_85cb5033fca7c846,0.04956644159433614
ck_5249b223000915ec,0.044879633765231075
ck_3efb0e9bf25612c7,0.0033244433838911396
ck_678e74532ac19700,0.009173529082514079
ck_a980b296c95153f9,0.01680248919465871
ck_01ac687ce0d696a7,0.016217598094811332
ck_52e1418cf1aa9871,0.008865732007095508
ck_7d28da4f1dab09ee,0.05056975278959183
ck_010d0c2e6c1657fd,0.034800226487547825
ck_b524f7a2e752b9d0,0.0065587047540396695
ck_cc447fcc24a0772b,0.30791811334373326
ck_2cb3c99845e572da,0.002679035086544294
ck_604c710141327a81,0.0032122426911265324
ck_8d5fa65717d2e0c6,0.018213643752714115
ck_31199510b40602a1,0.014526386500234283
ck_49e253ea12f4e922,0.03754063000096544
ck_780738e0d71e7e43,0.0038674242608866954
ck_2cd21137a07fdd7d,0.006624092386951519
ck_5e021f2a3b66e256,0.02763068160333526
ck_efbc79246e32c66a,0.049403342440154555
ck_9951bd806c13c7fd,0.04566772030937481
ck_7a52674e2806d8f5,0.017918751573861184
ck_1a319e509f1efa1a,0.0017431698460211118
ck_c920901b9a4ba993,0.8289338766137682
ck_b71279e807d0b3a7,0.013768510476238147
ck_47e1032f490bb018,0.009730826193408003
ck_192579ecdca7ff83,0.0070421088126939365
ck_b1496c474c4a3239,0.0023191391427011274
ck_5e68ea2c5e893cf0,0.03510638643788775
ck_f2ecab85d4693b4e,0.033487833894779995
ck_89d7bfc81c3df597,0.014294081009410008
ck_7929284327667791,0.2046243004810007
ck_494ec63c5ce8e150,0.017191532740905145
ck_319b059bb2145586,0.1358721006245978
ck_ccb3767c239018c1,0.00397219884701434
ck_a1c7adfe26e09a8c,0.022196623767577753
ck_0e13c4f73818149b,0.009981704648179185
ck_c285a51ed6214f52,0.03728786797831138
ck_916784595f028226,0.06223606966748689
ck_6cd8e0196365c474,0.016470944949089933
ck_57b657aba4daffde,0.08974002428535634
ck_562c76a3753fc7da,0.666430507600497
ck_66cfc1ebc9a513c8,0.003596342825578353
ck_0f38d4aed68d7d24,0.017406243990609756
ck_d8ddf5e99f7859e4,0.011858103274735018
ck_41bc3efa0fca700e,0.025695028055337996
ck_40799e129fcf42c5,0.3323674751430395
ck_786f079389126e44,0.017214351672152243
ck_bb4c6b713eb0b978,0.0480947663395027
ck_4f01f7eac0efaba5,0.0263702000479741
ck_47d29c01b20cf69f,0.006910560581104523
ck_bf15a1f8d67a30d3,0.005959022408301654
ck_bfecad7586f65e4d,0.02030304367546392
ck_fc9f16df35190eb4,0.19866958614179409
ck_c09c914e416edd08,0.004477805241842192
ck_c54c5d8e4433b0f2,0.00408945638467567
ck_1694c28f44480e98,0.008089042352986325
ck_1dcaa3078dbb7571,0.0020489876875798814
ck_af559f990c640e41,0.00926760439198188
ck_9b436162039a77d0,0.07694430887839718
ck_79d62ef181bd0cd8,0.023251412285749902
ck_23caafc2cd34242c,0.012479982536360665
ck_ffe2aa26f597e552,0.010071146562148001
ck_e6ffd0754ac08661,0.003326686503681288
ck_beaacb4a783db21f,0.0038453121275480446
ck_9863bff41d24ce9b,0.005143447097088663
ck_323b9cc5c49f8ea0,0.732840336224988
ck_ab3de3d3e41c2082,0.003985505021942674
ck_35c93b2924900376,0.005186826940889767
ck_5a9d5f9901e37e31,0.030489045109700276
ck_782b0be796164335,0.019344978698352274
ck_11960b5f1c7a5e2c,0.009609949670654398
ck_9a66cb13a9884cc2,0.017959515124985562
ck_ba666a425930615a,0.0021036596996347775
ck_40140bef4db73741,0.012792240851389587
ck_e05e91cc180063d4,0.10075593704777386
ck_c7f6f45710bc050f,0.0037230831186287516
ck_055fb9f2e1c8c934,0.041493961321953994
ck_58bb02d98e2b9cd5,0.03038086091578191
ck_d9f8efa6a7800f76,0.004606223465026019
ck_69691226c68fd50b,0.3137620380985706
ck_6f2f0396e5b1c538,0.978092216577837
ck_78bc3f1d0f35ea6c,0.009419671906804348
ck_2d5a6b6636a2596b,0.0029809746410172522
ck_7878545739af0a73,0.0033202022978367192
ck_03c4fa4f3ed3512e,0.002651559491347211
ck_1a9e51d092d62c84,0.3387599900325103
ck_9f3861940d8d873c,0.01656049901831987
ck_4684fdd61c6a0fac,0.014509267036789444
ck_715966f86d5c913d,0.003918696380266172
ck_77f293d44b4a3d2e,0.028951029307604317
ck_24dae044dc05f849,0.036425014900736796
ck_00b9818e2064405e,0.14281165262735152
ck_c1c2cb49c3c1b0f5,0.12455184475331907
ck_bed50fc64fbbf8ec,0.006757652828777855
ck_4f6ed5ea5ab7c429,0.00457118657051564
ck_458531c22ec2f9b3,0.008836877377462839
ck_51c50c4c443df31a,0.5760719269856629
ck_732d45bd578dc39d,0.010008633995617779
ck_783fe5bc20cd02db,0.04911859902958643
ck_7f188aaa63d1d442,0.006880940844753269
ck_ef307a6aee38d1fe,0.9058830093708077
ck_e37196b20968b73c,0.03924268297422162
ck_4ef9de711c3d93b1,0.0684088697757538
ck_17946516d5df71d7,0.006080937280420295
ck_3534be0f4efd313c,0.017466381231546528
ck_29fbabf855cabdff,0.0017643838957120263
ck_191673540d8486af,0.019956766737916954
ck_5f52728d777ff2c5,0.012201811470684904
ck_a045a19369016818,0.9936180831465216
ck_4eadbe7298b15e96,0.011592140058510596
ck_a3a0bd59729fe619,0.012396203331870468
ck_a1e77090b1c6ccf4,0.00862263469878687
ck_69ab9d4784eb77bd,0.010277267047102794
ck_baa47383ffd50f04,0.006414200032206606
ck_e35b2ed08b9e55a7,0.003961404891364564
ck_b6e3af0a5119d9a0,0.04256081931746031
ck_a7c1dabf3869772f,0.07143465681464824
ck_80b8fca67a14e0be,0.5726494681141028
ck_dd9c5f0c42878e67,0.00828351056372573
ck_41ef7967faf5ce82,0.0025421135827968476
ck_a93560aa348d6225,0.04614452651230271
ck_ffe91d6f0bd93fc6,0.05241171368955425
ck_fbf630c960194033,0.011117959082813763
ck_497ed60723283c0b,0.011048757488969302
ck_2a46b7ca55239413,0.008763846072104788
ck_1a4e5ace078dd782,0.0406816273338438
ck_616cc31910f5de50,0.0047527680197825386
ck_0d65bc749eb42710,0.019119123619004478
ck_2408db62e4395ccd,0.010667496700661288
ck_5d7721930106dce8,0.013122151528584897
ck_e8a6acea22b20312,0.2042901823179179
ck_e2f792fae128b18e,0.05867242226454181
ck_e6d3ce445b86003f,0.003168356185684786
ck_263334d722ecbc97,0.4026216371847483
ck_8c5b29f6666d4874,0.02627222355703059
ck_7ea0bf310fc20c7b,0.9022193325612844
ck_54d463f7fd89ec3d,0.015337913901333156
ck_79e45040dbdd6447,0.01622696606447302
ck_60b4d59953505682,0.7243109950913169
ck_fb00dd5021642507,0.019523404675119357
ck_f409ff994a210601,0.035918654387440505
ck_2ca0020038bfec58,0.2687030559831799
ck_adf84b9df54c3d80,0.013774579158150845
ck_942dbf632591b65d,0.09541664210097431
ck_454a7e4d859a3409,0.001660324316975931
ck_2139062d4569aa07,0.004380720699505116
ck_e949a0f4df0b3902,0.1392455339066876
ck_bb113e3e6716ed65,0.01793920973351629
ck_6a28ea6ce69cb869,0.09171070750609343
ck_7df9910af2bba21b,0.006444430747463333
ck_78aa4b731cbfe251,0.003984958745013784
ck_5839f5cbd8165b1e,0.022451928158450908
ck_7158ad9e58769ffa,0.03132990303858295
ck_acee218cbe61df69,0.01445116995746163
ck_f8dc8473c2772729,0.07267225593413515
ck_f34c93a8173555b1,0.04018950051550403
ck_7cf301d075e4e709,0.006863268429437108
ck_b87e88ee5512ea17,0.0037295349255634233
ck_bed0c020b10afa3b,0.010514722306860371
ck_ca10102961f99eb4,0.004943167150072751
ck_393287947b5c8d79,0.022057578384097123
ck_2fe6cac002142f67,0.0738117615193957
ck_79c7f0d29b1db1cd,0.021089260419181223
ck_c735b643d3cbf67b,0.010298932110698758
ck_ea4332c8fe48e2a3,0.009096656542691834
ck_d39864119cdd460f,0.0025995768374819962
ck_3b963d6be2773861,0.007427927367584551
ck_df39e3b8a9fd0bfd,0.4546193726252994
ck_6236a461dc0d11a3,0.002682649170340084
ck_475ebccca25e30d1,0.012731719373016582
ck_c10c8bcf5bcd516e,0.07429393871695297
ck_49ccc3716a564256,0.009737757913305382
ck_4e4f99102f6938cf,0.004793642134426731
ck_a97b481ade6f7972,0.05046654161823672
ck_3fa559c679751b3a,0.012665808104074399
ck_3eba1fd2c7acc4c0,0.512778065109472
ck_18c179b4afc4fccc,0.01602478779507131
ck_cc1c0b93d05b7d20,0.07113091896908608
ck_742f7c28ddd019e8,0.014837583550433525
ck_04470bc93b8a0d71,0.010750414368540344
ck_6e8f8ef7a03cc6bf,0.020930012459402757
ck_eb1ddfc353b4da83,0.006493732435033521
ck_98831b57c7ca2e4f,0.001729432957105221
ck_a6c7b8d6e8596d4f,0.031697405128973344
ck_cd7d24e3b095e96e,0.07059162321887766
ck_3f5ae4673a9f858e,0.005192010901377931
ck_05f375fc8ae0afb0,0.008009489372297963
ck_1fc98436281ee39e,0.001606010040906422
ck_6c48c58678f64bae,0.0016142293838753478
ck_8c95aeec6a4c75b0,0.006483215643184001
ck_364cde38958b7af3,0.15753873185783523
ck_85bf21aa1a00452f,0.006581025615005762
ck_796d3eaabc667c23,0.9923467480646252
ck_ac449ee0c315edde,0.00430731664876776
ck_6f9fd15ac6b163de,0.003889414322763062
ck_4087065be2a45ad7,0.2525502571966953
ck_ecf006bbc78ee3eb,0.19691544770217384
ck_8ca808cc5a49cb5c,0.010797169650480998
ck_94b90ab8b2dfb50f,0.03552950045157807
ck_59fd11b3232de9dc,0.7176054763412336
ck_67f3794d93e2dd67,0.12304054181243068
ck_b7f5acf5df1bb13e,0.014280602361318234
ck_fb04ecbaebb774bd,0.0071558289110873665
ck_68ef3e7301c621b7,0.009996858580423987
ck_41406cfa209b6bda,0.006507189092414616
ck_b0f8f5408662337b,0.005465715407061306
ck_0d2901bfe585c391,0.09379746861932384
ck_3398551e81dbf3db,0.040010724175238634
ck_61c3e3e277629646,0.01170087055487011
ck_2825e34dd3e7ea2a,0.011661113870192443
ck_20d7571ba830009d,0.0033140819735910983
ck_c98b16f9a72a6568,0.0014154795236436797
ck_e7c8a9e4641eb9ed,0.0018568256291273807
ck_254a7c97c36dab8d,0.024242854334629693
ck_e98429675b46272b,0.004987006745222686
ck_c2fc0ac460786d02,0.05731649061357353
ck_fba15647b3a140d9,0.010791022865083062
ck_15ce50f2704227be,0.013772965419271385
ck_8c748aaa4a4554f9,0.011796101582636647
ck_e00e82a9419ff086,0.03597136554064933
ck_832341c98254bd84,0.016768936240246113
ck_27466468d06db4eb,0.025872800846675717
ck_9d7b9e3ff1f3e71e,0.00578023145853072
ck_42c6973d3a6fe983,0.0022741212215458165
ck_877c85bad118bc62,0.025749760268858238
ck_75d2a2715259c4d7,0.025547406848494998
ck_37d3e5c681a2214d,0.2646988719905281
ck_bf285dd49f372de4,0.027275548925230535
ck_a5bdd026fa9c50fd,0.00690170339802747
ck_88d9244a9cf7a77e,0.4271793058207362
ck_5881b174e49b04ee,0.0028686302239429437
ck_5b16d67c5ea89930,0.01497123756839338
ck_b75b936aafac56b9,0.00425429720899752
ck_aed2681e1646a0df,0.052562345918223514
ck_f63cb5e8cc702bad,0.007934057748676188
ck_1805fcfc4a9e4ffa,0.8488902431038103
ck_25c355da356c730d,0.022601138345412178
ck_70396398e4a96449,0.00428420881350525
ck_0f743bd13373748e,0.03245528238659505
ck_4b387765f0e916cd,0.0046786642478738125
ck_e971faae8a10a260,0.0017193445899279995
ck_9eb08369e983abfa,0.0013988243223265243
ck_c30c5844512e429f,0.04143270256347216
ck_59e77e3a81f1fa0d,0.009662164779685919
ck_ca4465f2b5c1a52e,0.9827189942980191
ck_c89b9ca398402f1e,0.003090658083941613
ck_36e72ef9273e7a95,0.007254003580763066
ck_2bdd8616870e5e1c,0.0015517236693268627
ck_216e87a41de22b5d,0.12838023826276806
ck_60f4fb44f5efe3a0,0.002401940779197577
ck_05652e8ace6ce6cb,0.0033565058017443537
ck_8c136dc691e65695,0.0017498325461658103
ck_a08f8dfadbdca112,0.0022075330011429254
ck_bda4041a3e90d860,0.007402719895033544
ck_15dd3ecaa8ce0245,0.6599348286264932
ck_3e3c64b3b7876ce6,0.04506439028911018
ck_46225858a38b2e57,0.006897179764943076
ck_0cb9f54928f4feee,0.01463606570057062
ck_152671fbf8a9a78e,0.06663484671186323
ck_ee7a515e87d17d4e,0.012593751024107622
ck_f7276091bf513d22,0.0016298707794914053
ck_4f05daf1cf0d5755,0.0038153084684834945
ck_83a69c4a5d55ef19,0.028026219293540433
ck_c50fed2a7c9198c0,0.010695536313129276
ck_70d19d5650ddc8f5,0.005750954475951454
ck_4b4d99e443618904,0.014258345446453005
ck_dca0b6ca93311ca2,0.01792732291154641
ck_b7431d4706461ec6,0.017393387601386257
ck_7b59d22cadef3b05,0.18485177864801144
ck_53428573abcd606f,0.03366762379611583
ck_f538ab6aecf2adfd,0.0013516760503797195
ck_d321249fb065d2fa,0.020424837744316332
ck_72fdfc7e6d8e1436,0.0021008505110462886
ck_b52b99dad89ecdfb,0.03382677331149138
ck_d2d4282f9d256b3e,0.005073224597208216
ck_c8f2a1dd8a6141a4,0.002486597128816221
ck_8d38747058d0aeea,0.4075256641220443
ck_3ac528caac74f563,0.016159861898447418
ck_8dbaaa00ad829ca9,0.0214209931617358
ck_7c38ec898f0fc21d,0.0021320321188000695
ck_8171ef803f5ff604,0.016088335254706505
ck_01a750db6fc1168a,0.06252513807472505
ck_ceb017baa26e98c8,0.025438274017373093
ck_e2c66c72cc0b0f78,0.06600385189782906
ck_8d9518f64b222416,0.008317202562025453
ck_804c5a1fa5753617,0.007235113446698574
ck_fca7cc9c42695453,0.002559141808923142
ck_3a632cdf2c19051b,0.009411494059642558
ck_b2b63ea65edf1dde,0.02603148888086785
ck_27b07021500ee841,0.011003717614864642
ck_9724718fe64c6557,0.9760743826393028
ck_2786cbc3e75ec034,0.41931051104414474
ck_d9c2622cb6df380b,0.01760633112613843
ck_ae1da8ee98e402a4,0.0079902908269222
ck_62967b91504149f9,0.005197204193169842
ck_6b255bf68709109a,0.005887857932995726
ck_c55afc68421d85e2,0.029822256403664357
ck_7c7266f6ef2a8466,0.018993359329289444
ck_885cf685a9541190,0.7201582022050401
ck_1a4bb7d3d2ee3227,0.015721579097064745
ck_b4911c42f3bff740,0.002951367237202399
ck_66f9f78d4c6a3edb,0.016353642218127483
ck_49bdba9ee1899dfe,0.0065709294837333655
ck_79b235d51718435d,0.018592248255042493
ck_d840db8cfe2ef6f1,0.0025225998300926608
ck_610c7bcc1cd7ecb0,0.01700136367013163
ck_cf49b6544aff6c50,0.1350563486478381
ck_de05f97c3d40dd1b,0.04378857335326453
ck_0302f67d75973dce,0.007286914041270183
ck_54c2604c9ca6256b,0.01671646559906194
ck_a1c88c0568f142d0,0.2079930347867655
ck_5d72ff6cc2963d1a,0.003088304772950262
ck_0446920a1004c596,0.004033313017342134
ck_71044c29ef071570,0.01060121826908863
ck_2122e9bb1afffef7,0.008610038846667665
ck_d1e3de178601d3c2,0.03292779325958611
ck_bec8324a3587ef04,0.0018753584148523106
ck_b616b6f45225f319,0.03235751364487746
ck_ce1e695884511479,0.0849526089700891
ck_a662b4bf900781e4,0.0016945208738951235
ck_b5a84c5547378c10,0.0017263926944339624
ck_f80af368cfc6cb7e,0.010539449865763672
ck_da3526ab6c5c884a,0.004365963999434841
ck_bd20be9a3392d79b,0.006610318685567117
ck_b8266dcd90cbfa62,0.004300303433369781
ck_ac84b33304362c06,0.010766383602401858
ck_794d8935a895e33f,0.04477975511291582
ck_8fea7d915259f1be,0.007967022891211177
ck_7a1519ad5ff45312,0.001510607755915501
ck_9bf3ce30b65f75c7,0.08696013439921976
ck_5f864d72d1eead99,0.0232939236434518
ck_3c48e0cfc2a58041,0.3866786058005902
ck_d902183f80cc81fa,0.06236320674093993
ck_539cb0d117db8cd3,0.24190692157550486
ck_28f530aec8e77130,0.030795746232026605
ck_e7d903c50d353361,0.24412252943136098
ck_d288b77d1e227970,0.035014170343352316
ck_017208fcc01b5d40,0.006107028661270808
ck_7e3923d278a5106e,0.009948132681277446
ck_9700a00ff9e66216,0.022805927499725855
ck_5c36c78b7a4d138c,0.04634342539540663
ck_c457e9c9224b773d,0.015873449546061957
ck_1dfa91405d7e66bc,0.0032047113383256182
ck_f1d8a2695a575e56,0.0067783485364127545
ck_3b92a46daf8d00d2,0.012447306722516047
ck_aab23b5470469649,0.00568480081664423
ck_ecdd01a391610d99,0.010313139630137663
ck_abd3aa292f8edb4d,0.05523395567906676
ck_7fc9a0776e1339e3,0.003378549484026186
ck_c0389ebeb0e65cb8,0.006881937959776438
ck_48d0fc4f6a2109fa,0.9515274558025762
ck_571dee4f3336c7ce,0.018163043946554852
ck_4cedf26628c84f26,0.01832934467681356
ck_63356762d24aab81,0.018228717613640675
ck_2c5bc11bb7ae5d2c,0.9611407586510957
ck_6d26a152f900fee8,0.007920481035610183
ck_c972b0e781efed3b,0.004815804721056359
ck_fa0ecbcf9a33d6ce,0.003291428680110251
ck_fa3a766e49dc77ae,0.0058716136237597985
ck_7baf1e55db0dc558,0.010798295990193716
ck_e8bc49e6494c1f37,0.002284564685417956
ck_8ef1d05cc1e53e7e,0.03809730808836251
ck_cef2a485a77e0723,0.005937541036003876
ck_228a583f23abff48,0.014410446833181809
ck_ac32c6e374782b27,0.06552812462118134
ck_b9485218cef413f0,0.002910747560560768
ck_7f15503048915d6f,0.010172850091724403
ck_b62f5144db15ad34,0.10366038307455402
ck_917d82c552f95a23,0.012562576051193375
ck_fb4797045077bc6d,0.003210585256326925
ck_2cf8a44e041217de,0.008741721462963759
ck_b7dd681eb3d2ee38,0.002987427811137593
ck_e9e8cacd2fa35e79,0.01858869183478381
ck_342a79f91de5d1fa,0.03905855351895096
ck_2c91f62c05685ed7,0.003913421365832527
ck_e30cb64302939f38,0.017483645614591065
ck_d0e95b90ba86da10,0.004796926387615013
ck_1774faf414a5d49d,0.8254494262570011
ck_2401e8ff89e574fd,0.7428407885645806
ck_0cd8802264e0a1ef,0.016967431832542054
ck_da84a0dfe947fd3c,0.005433478972693558
ck_c8affb27ba7fb5db,0.043090917057677994
ck_bc7ece8787ca7200,0.006378049052617237
ck_469a0578d05990c2,0.00738468745491053
ck_eef67f8dea702338,0.025052421390013766
ck_4f490e379e9ded9a,0.0028594043733406937
ck_354379de065a8ff8,0.006787469537675947
ck_5db1cb368bc41ac3,0.007594826643187353
ck_9b1c3742dd6fcb8b,0.011275538380930743
ck_63ce4f44c92d7143,0.03184306426980056
ck_e15e3390f5ed45f3,0.006361282871366988
ck_da645ea91d66aa6f,0.2619574212957359
ck_834ca727df855f07,0.05986450902668365
ck_e1d5ad20c737c745,0.03322410856494117
ck_ff8059ae5fa5f1ee,0.001029846420998294
ck_8bb9e75393954a1f,0.0021262000821489586
ck_4e1757d1347ab387,0.9924293744645254
ck_af3f74b1d75a5d95,0.009283817848315225
ck_6b1ab0742ff04c3e,0.050654017415315035
ck_f56073911c9f1ab7,0.0037489445646152215
ck_51bd5f69b4fe0b92,0.4624770056562693
ck_fc3d95030b81f416,0.001291406878622062
ck_cf78169633a1600f,0.002367554243130029
ck_ad7269eaa65c67f9,0.007994499967380195
ck_cc6d33890d47a6cf,0.018942909007763145
ck_bc8f31f4a2ffa1ae,0.004592573733859609
ck_720776a46e56dfa8,0.017812572935887103
ck_e2d1f212f259539b,0.00917220472805396
ck_eaf6f7082c3db2bf,0.027781989439899936
ck_773efe58c6278c3c,0.0212245260306705
ck_c4a72c09f2fdacc4,0.01576219800093441
ck_8982888dd6611143,0.003227094328841635
ck_9d5049e195eda029,0.017080780676440498
ck_de58ef6f9fe2b546,0.012831660749760589
ck_c0b50c11e4f5adf7,0.05006925376636198
ck_ddaf228487858bb8,0.07612677201329976
ck_eb2323215ff70362,0.03872057143784833
ck_168c96a1a636ea15,0.013751787474437734
ck_9c46711b14d9eebc,0.0024463961335573136
ck_de8af660806b97b5,0.0026082546592606014
ck_6ab83f45bf16eaa6,0.00464405728243357
ck_bf2228a052815840,0.012522088552186858
ck_3f943f20a9da9bff,0.012043662617638565
ck_3baae40454c00938,0.012447076755089022
ck_bc2e771a1d8d2dee,0.02469193414966568
ck_e55f5ca37f30ce8c,0.012847413350659967
ck_4ad5937bef176d89,0.0034435676407281344
ck_126531a9126c17c4,0.0025835878013498884
ck_7ec423cb56257516,0.010030642258568317
ck_54748ae0f2daaf10,0.04031022202505752
ck_ff24776280ceeeed,0.006357037711160339
ck_3c3a1a1365741bba,0.0033045530296110124
ck_615277c8a4e2b18b,0.020622437797136184
ck_a96aaef34173aee6,0.0925467159405373
ck_bea56db7f3e930e8,0.005927198632707254
ck_ca491debd3b32a59,0.01748837269098149
ck_d9ea77f4114a389c,0.0031163585003712913
ck_322ffda3332d08a2,0.027836044740129694
ck_c40ffefe4e30b001,0.04537951363712965
ck_3b1d7648d4580bef,0.005911870790342812
ck_23981a3261674131,0.010317163042308383
ck_11667f5b9fac7bc7,0.0013058407966910612
ck_646bb3c7be5f0817,0.03494406153260643
ck_ebd0a45712dcf07a,0.033778424672229704
ck_baf43bf1bd963f9f,0.040502465595561726
ck_e0ca2c819658f6b6,0.983177106961791
ck_f0d6633d0834fff5,0.01318137477372422
ck_91081be0254878a5,0.0038037278598496422
ck_1325000bc7f35b5e,0.001954959060418493
ck_c624b9063400fa3a,0.08328058307200309
ck_0ad6fa0e23c3bd0a,0.4814714989263752
ck_6ddb55b1f23c6cb1,0.030948537047789337
ck_dce1fb3acd65562f,0.003708959949719272
ck_a9aa389688ee5aea,0.00900440580718909
ck_5c5284c45d9ad8bf,0.044335243144262654
ck_9ce743dd3e92549c,0.0338218526964595
ck_8342e08cc2f9bcb7,0.009655544521825207
ck_25e551a0a8d2fcc2,0.02177469237821649
ck_d4fd0e438c97e0c7,0.05212749612769574
ck_ac7fe1c344190c50,0.013478618598289645
ck_ddd65711b5651f89,0.0027432287165437682
ck_ec7406cb5cbc8f10,0.0046037799295371995
ck_1c65e8d5be3b9c60,0.23918525673071234
ck_38ee42f15a573e81,0.011602853020986034
ck_0e5385c70c6de025,0.010561191739402313
ck_d3137f0f7629040b,0.0074403297472599135
ck_9129c92c12e0c8b4,0.001774975743080211
ck_c86520a00e50a926,0.021239540837988104
ck_87f82b2b5fee757a,0.014829009538058947
ck_643abfbd7548d0c9,0.022467044136556827
ck_be51f4e5e6b85768,0.11684500961018418
ck_132c16312f37810f,0.0037651219958883975
ck_c78c096ca8cb33ac,0.0011127110126355
ck_2ce5afbc014763b8,0.018346121904410387
ck_50ed8f4e7ae6710f,0.007554902414889731
ck_5a4eb535c9a11993,0.019455569942041902
ck_9b665ef46d785324,0.004572556263564875
ck_e066f71f8b296b7a,0.00260827722678165
ck_560bc6017870ab06,0.007008939861287219
ck_fd78f8a8663646d7,0.012326478766002643
ck_4af5ec61ddbde1a4,0.017028370550632013
ck_c2ed04a9d218410b,0.006829656235260518
ck_2455d43bbdd2bb69,0.007358763819747574
ck_56eed7041add49a1,0.13670760235660145
ck_5f0be7b468a72333,0.0058737158641626475
ck_19660cec756632ca,0.007014482460419006
ck_fb90408f4892a21f,0.011389127963866503
ck_833a65b86a5d9bda,0.0024768914584605995
ck_2ac36e1dff211d38,0.021440098893312227
ck_c00e70606904539a,0.004080559633501706
ck_ba8affe4b9505a95,0.6617938131448672
ck_0c3dd22587b08018,0.04470703059617595
ck_618c4e5cfae99dcd,0.10000391856657345
ck_c9690baddfc4177e,0.0018834653267392318
ck_59fae092fb0c4aa3,0.012087303398016187
ck_e03b7d0fa0b28f4b,0.004933917682993714
ck_d451d24c780b5884,0.0043127127628588835
ck_e980d325b8dbb8dd,0.001387105224242516
ck_cff18e2d8c520272,0.002475706052209874
ck_a0e46b67e986ab56,0.02536539160567898
ck_3a469039a5b9d963,0.010316404275845794
ck_12cbb211ebd2b437,0.045069024349216946
ck_b8cdd6d6dccc4554,0.0027992343203977746
ck_794ba5921cef50c9,0.020469017073383694
ck_2c7667f64edec2b5,0.0060263426869616174
ck_7262b4e0c29c942d,0.005914311670398563
ck_5d818522cbfe2a54,0.06050254132660411
ck_de39c1947fb675ee,0.2676088779629219
ck_c021495606b4735e,0.008112239036683355
ck_1fc03ba33edd9e67,0.017250202215015373
ck_a6fe344bbf67f14b,0.01168760607938641
ck_963762210edc5694,0.050193282064778404
ck_d064428b7e7dc409,0.006006929272335048
ck_59be61b53d971611,0.0077948999974172106
ck_ec8738ec663cd2eb,0.018246383596783138
ck_59d086fab5998646,0.007459067211979269
ck_bd32dd3b2cbb7888,0.9936927931920724
ck_ce0166addb93bbad,0.003057031610046336
ck_7c0fdfbb447cdc04,0.013092587484410795
ck_cb1bd7635968ed8c,0.1566597136951372
ck_66f94903177f20eb,0.009713607657422482
ck_1d7cd5dcbcdafd7b,0.6073418576398435
ck_5e418a7c04437b4a,0.04065968109583609
ck_631ea1ae91ab333e,0.03004816908808226
ck_0a8029e79a5ae7ce,0.0276220300037272
ck_c4cca8278bdad9b9,0.0014311651159927214
ck_4dec3df58077a257,0.05559456262861789
ck_609c249edd88c565,0.008104962393581105
ck_02e5f9cbbbf2f078,0.039127135861033585
ck_32e486859130458f,0.8700972691057115
ck_21ed2ea6386c5a07,0.0014852304937482508
ck_1242aa4496576a99,0.006063753264799078
ck_475ea9aa6d3898b7,0.04311497669179026
ck_fe1b1adae3be70a6,0.6328986036743206
ck_c5414d7a8031d4f5,0.00551472676304229
ck_ca1f6f01868e978f,0.041652954711330445
ck_5eff0208c74ec714,0.015756100236376122
ck_a315c9619a317609,0.019619669208906607
ck_2b87683c90acb852,0.012244219316378757
ck_7cd9f39c50748ed0,0.012218144971359795
ck_16a06d58d71935bc,0.16731664516352002
ck_d116e0e7c19b878e,0.7482697704206792
ck_931510e384b1d0cb,0.018102052422380117
ck_e7651fb87bb24132,0.0023720221403992097
ck_88ef9f85948e1a01,0.0043958120049872144
ck_17bf38d51115a8f3,0.006032729313647216
ck_2659d1d3762a2825,0.009982263169110175
ck_a7285955e2852686,0.02424624182411901
ck_f2c33d5b65b321db,0.03322775289119265
ck_83e5979334345622,0.04849284116595991
ck_629537d8b4d0f395,0.010751701167684204
ck_72022008a92c9386,0.027375007716916925
ck_2973b8274f0bf69b,0.04434662915338177
ck_565e3418d2f4061c,0.016210945454407863
ck_54bb53b8f8ea32ae,0.9903093007802032
ck_af0a6540ea7a36b2,0.0052657777724158476
ck_888651bfc2c8cf70,0.022742746689006787
ck_1dedcb48ac381a1c,0.11477025238102154
ck_f73273e220296be8,0.04190483547710082
ck_8424bf65223a5a9e,0.003265291487264577
ck_337b930fd149a696,0.0083892238630917
ck_8a4952de8a123ef8,0.010157352120052426
ck_884168153c9c0c81,0.002684505561454882
ck_fdda581aec411010,0.002488304013142599
ck_2b7cadbc8b180d32,0.828056241556466
ck_8aa8b9968233a1ab,0.004974439029939855
ck_0af18b3ce015d294,0.002194121919639836
ck_8dde670a735d1e90,0.12157978761260685
ck_62f46226f244139f,0.06615801263100234
ck_f948e8a8fdd79b4e,0.013760712428078203
ck_fa00aa0f3e859904,0.02222248475711272
ck_fc7935f784a4f249,0.004523147575447644
ck_e7501307c0698e5b,0.011747987965228343
ck_549ed417f2834cee,0.04692047500657545
ck_fb2a35571ec719d4,0.15411902215093173
ck_25822068c86c856f,0.0021607146113934474
ck_8f35d229b62c8f23,0.008620781964546641
ck_bdcf049c1e7d0c95,0.00458854585084352
ck_0aa9db36eb16422a,0.0023519882892965743
ck_42dcf92e9e016922,0.11916275579498814
ck_42341cf31c08c981,0.007715445014594242
ck_0b20bfc515ba42a2,0.014093995540465355
ck_0ec820b670d48098,0.004609141659995831
ck_1f0bafec397da8e4,0.024999551860144003
ck_82f07504ab59ed33,0.05542975974175059
ck_337b24a474010abb,0.9861770812073326
ck_703703bda38fdcf8,0.005786837169686282
ck_01e7960c63dca3a4,0.9247120442618513
ck_be5bd81e3715cb8f,0.8239853480116148
ck_197f8058cea1fbea,0.0037193744604796844
ck_eb3fb1106f2f1b21,0.08141028822742469
ck_658b4b54be09a4bc,0.9857012216316929
ck_266ce7ccf41ccc50,0.012302379176259332
ck_110608c3b03d4038,0.37533583862112413
ck_1be8cb95d6d9bbf8,0.0020603341039728855
ck_8e16a64a776afa82,0.13961922250907707
ck_34bd190d37eda534,0.06310649349992632
ck_4f521611ae14ae66,0.0013738994464640515
ck_d839798f9520363e,0.08892929597994664
ck_d1bbfd246c0ac9d5,0.01032798760083496
ck_f19030e6e85a6776,0.05997861835863975
ck_cdabe60ab59f9d5a,0.013626519324901377
ck_bb84b2b30293f566,0.49674120154265355
ck_427b91925952cb40,0.049575475099443975
ck_1078b1e155b5b640,0.008093534523884768
ck_95fdc264eac72fa0,0.002806661055547021
ck_e35eb857c61548b2,0.6404256333548182
ck_69bd0b1abea7e1f0,0.13984893871776924
ck_59de511b20c842ba,0.04567118399079406
ck_168e7ea341a36b80,0.0026322400349024573
ck_4937cfa6526ea138,0.022421734174478663
ck_bb1a981306b750ac,0.036415426829726316
ck_f42a43e4c3f34ccd,0.003977385307270785
ck_c7ae1d4b3ab38185,0.0038893510264950528
ck_bd23cf9bba1dd33f,0.037667609222209394
ck_0fd826fad7ec7cd6,0.02834003733311639
ck_f143641bf3dd0414,0.03221110603481381
ck_ad6d48c20a3688a7,0.002293220872028559
ck_7bda5b5b927b2905,0.08687840885622022
ck_a337eb38eefdcc88,0.03088060739733019
ck_403da2a2d800df9f,0.22043370279930036
ck_aa01d5aafde73d0a,0.002470224523004178
ck_494954023f0eb309,0.024934298194326465
ck_1c6820fc38135ad9,0.021915198214854922
ck_0e0bab173622db9b,0.10970196207859881
ck_547090bf35a3b243,0.015247429666795341
ck_d69455220b21dc9b,0.003743827229635407
ck_90b4ac695b9c6bf7,0.00853759902790618
ck_8d2afe17c0082e6a,0.05498412397279935
ck_926b81c0ba528eee,0.010247745852903199
ck_ce36b0c287bd198e,0.10150379396819423
ck_8026e017909aaa6c,0.004383675378470287
ck_dfba788f35d4c372,0.003334057588266329
ck_f09f9d0e0886e0c6,0.013915807220916026
ck_4ffe0366df388604,0.004342663020590231
ck_75bb521de55644c7,0.006974889869338204
ck_81a960fddf79ecf1,0.9456277630334515
ck_8f43459991ea511f,0.006655212499970105
ck_f878b68d66fbfd4b,0.00277715958218746
ck_e84abfc0c747c9dd,0.9338217115083679
ck_3ad3fd3cceb56b66,0.9604879789302116
ck_7cf562578c7f158a,0.0030762079300237655
ck_f81a97d350397306,0.055609777569291564
ck_255d87b7fb40caa5,0.03242995510799469
ck_b3905153b9eee924,0.012085655175120679
ck_2c80a592fb4cd6a3,0.0029147224187323416
ck_57deb202d4188a29,0.00921621003561485
ck_e3cb5f31d8e94448,0.967057546855137
ck_0db62d5f7f75f80f,0.02163379424526525
ck_ced9163ea85589ea,0.06390347314102471
ck_e16528edc694fb33,0.9440335453413182
ck_78cc5ec4940fec3b,0.005090966495177032
ck_31742076e9a998f8,0.05704649660760065
ck_5ac335f02280271e,0.01150251702142588
ck_7cc2e091806cfa5b,0.020144663905256766
ck_3152c7115257f084,0.007706693580696748
ck_ab1b9d019921bca7,0.007089530072388035
ck_c33a762d98f9b290,0.002118007491705704
ck_b16a7c51b6f7a6b1,0.016561999672653028
ck_97402a153348e68f,0.006867744310319264
ck_95391029a21caa24,0.053867363459253526
ck_c2015a1200971fe9,0.01856984632364434
ck_ed4427962c68918c,0.9704879317858961
ck_c5e4a17d3efb19a4,0.2208032020785181
ck_8aec3d3dd51517c2,0.0019978243528561697
ck_f5178a658225d8e4,0.0021218045267949064
ck_8594f165e95316d2,0.002375967206484613
ck_f0c4aac04076a6dc,0.009953583951503975
ck_ac2f7397801036ef,0.01713472944672549
ck_d1ea4bcc407c7d5e,0.008306535099808682
ck_cce8b6657a538fe0,0.010981306190334196
ck_66d0c6d6b67a8d58,0.002585134740494317
ck_1a6b30320835e57e,0.012293349302699028
ck_8cd274cc85aa35d1,0.039752752100820396
ck_ada46085a78280e4,0.015253629963494286
ck_ce1b06623e4a815e,0.003995033066061969
ck_45e70c8a9686580c,0.02969397864678487
ck_0084d8ab6b1044f3,0.0025528606970782377
ck_a5f7b6fed6df2aba,0.10324258845791331
ck_94940d783e7988e6,0.007978893047465806
ck_00f9ca84d1d8ae7a,0.0028320115571679938
ck_0deb56f3f6452818,0.0031463905493978655
ck_a58e900469dfc3f0,0.01112148296435923
ck_028c41b195280980,0.012318177214170532
ck_7661d7ceaeb19f97,0.015677296267312825
ck_6957905a65c47879,0.02484620255565322
ck_f7c6c26ef3c4ae06,0.021718667465584304
ck_8777beb11aabd66d,0.009830921279677215
ck_7db098a17374bbf8,0.9177110952041643
ck_66aeb00e44486cda,0.05057082259288167
ck_838c52cc1d315ec3,0.012407975891639595
ck_1745847cd4e5dc83,0.046022180435533654
ck_201687857ec8b3cc,0.006520964751863242
ck_81818169208a8cda,0.008665347721830231
ck_3303fd3f64632c7c,0.05220910833230652
ck_edf1096809e83ef8,0.0025953643335398136
ck_235ce9603c7dccbf,0.062076635686676686
ck_9df7e153868bca13,0.0099416180010467
ck_3cfeade2cf270fee,0.018457006457785342
ck_982b0bf2e2b6c4f7,0.001684170375487952
ck_faeb0da678bb86c0,0.005630153343715786
ck_e86ad2fe815b6ed9,0.013124205889548244
ck_70d69e5d1bb99e85,0.00833348081870974
ck_7e9a8924eab779e6,0.9545775488148951
ck_019d5891103e7da3,0.003919059429508225
ck_14f0484b3817eda5,0.0054745071327060215
ck_85de63d278f0fbae,0.0020186712169727988
ck_ae91b4cff57fb3bf,0.008188915902598397
ck_2a6d43b9f883b78e,0.6570950832909876
ck_7a4e3d553e8ab5b7,0.36390597441270645
ck_fdf89dc69f700f84,0.07020875180413552
ck_f92e04024bf13558,0.0036711844378937383
ck_4a522ca2dc4831a0,0.002163848415982026
ck_68ba25dc3385fea1,0.039494649360216225
ck_22128a4f0d033422,0.01352333206755561
ck_5b52ee0a13c71590,0.004568914320118353
ck_59472d17debedafc,0.02234438613043053
ck_9dde2c63acda3ba3,0.007079224762529587
ck_7510b1023cd08531,0.004273162061801708
ck_071ddaaf2e4e3671,0.005066975557530771
ck_1355db6f4010232a,0.005120741999552484
ck_0a7adc2f27f98510,0.0716050241197996
ck_68250033717cd59e,0.003980713503898352
ck_7c12de74de30b788,0.5151659819324913
ck_65491367584c730c,0.011840187598620173
ck_e9047964952bee70,0.022444388254932383
ck_5567779d6ba184eb,0.015499975092962047
ck_d6ea026357ec6477,0.008173918785227288
ck_cd7dcc884e283746,0.11424770337870596
ck_0bd77fea8ed75a15,0.01180791671761204
ck_e80883208e8d0453,0.008748274274718389
ck_2ad0ecbacd5acf8e,0.9614172892346893
ck_6c1dbee7e8fdd5c8,0.004508272120153695
ck_ee4d9a7449515908,0.0019523831478053498
ck_636111f7f030496c,0.01155736294566746
ck_2c629c657f73941f,0.014683394240591374
ck_c1c9d3842d758420,0.07809131528497648
ck_e4df7faacdfe8c40,0.024474639207591718
ck_94e8142728e44380,0.0415274276534003
ck_765aaf42c5088545,0.00941832935508535
ck_e0f845159b6e6a4a,0.038380744865094046
ck_5bc07deb82edbad7,0.0025728074658849147
ck_713159c5c6a7a4d0,0.9934473542623745
ck_b08afc91d9ca55db,0.027417567590618683
ck_a7bc323ffed2ea97,0.3533161666344282
ck_85ca825f905a34a1,0.020431990616796136
ck_33160c443d4b3f19,0.02043200037240574
ck_832d39c590a3ca75,0.9208538422869215
ck_7d1661a34164406e,0.9716246310880547
ck_c2466fc40fc9d5ed,0.9828792013714881
ck_ed0e776c0926ce67,0.05951308747943895
ck_cdd2ebeec75bfa69,0.10108709821951285
ck_d7877684c7923ec3,0.004375351302145937
ck_7384d4d2406aabf4,0.009231229483188982
ck_b8e5244e650aa81b,0.025914144707588224
ck_25a1ea40b2d59254,0.0017488128853682563
ck_b9e5b318ee4de68d,0.006121718039106692
ck_620d7ae27af83cea,0.01105987301175703
ck_40b4e264d1a12b83,0.8377572675467894
ck_b694c803b62862b3,0.006959202714190643
ck_cbeca201dbade3e5,0.07691506643554968
ck_f9b439c9161c3e52,0.0030817058183765633
ck_9880410fcd10a28e,0.0026004704563058366
ck_74928f5f91aa12b2,0.09252545408117305
ck_b6673bbe61d2680d,0.015738864561920203
ck_53c8315b5c30acb4,0.0045156038104633735
ck_78f01d78ea79642f,0.009060462683352434
ck_8582490d6e365a63,0.01107756141631483
ck_af25c72d16299258,0.004440017443285907
ck_7905fe8e257b0449,0.2923004631969508
ck_0d16d9349e4a9e08,0.040258664466740236
ck_31b16b8848584e98,0.02248240834209106
ck_67207e3eecc02d76,0.015255645606935962
ck_e6b95ff91116a592,0.011962643078848555
ck_c08f622bcd6de6e7,0.04022453893481316
ck_f9a68da9e0f0bc85,0.00268828049048154
ck_4072b59388976896,0.005819557936087915
ck_8ec86e853ad52828,0.04831635145690184
ck_4fecb87eaffd5cb5,0.005521532527865041
ck_d6880578428b965e,0.18481080099616598
ck_bfc82b3c1c9f2897,0.8926925404628281
ck_c340644176ca03e7,0.02377562048546404
ck_321e740066fb05c3,0.506494470351547
ck_8929d2eb09872052,0.07723858056356414
ck_205c107cec528414,0.594275280158776
ck_e76db7d2562f9836,0.010730412448850198
ck_9ede51c8434cff6e,0.024848524556023675
ck_492e4b89c61b7b6c,0.007014992864431606
ck_9385f5a1eeebefcd,0.06660048497343712
ck_ee52c7bf88f952ab,0.014113398557437002
ck_d8116c34302021d7,0.004090376932125762
ck_01645ea51972e99a,0.03585720835500285
ck_7b45ed23304a854b,0.007794857081826333
ck_2096d32f3d497ea1,0.09699724041192939
ck_dfbb2056f1ef7d3b,0.00874366471867454
ck_938ce30c864bc7df,0.0014389562921304766
ck_ff30dda2c881a4bd,0.45762181609090014
ck_f88c79186a082beb,0.024846675509047123
ck_08c7bb0f9851cb76,0.07292888906165435
ck_2675e7a008e584a7,0.0473030413482588
ck_cbaf8a954281d4e3,0.9451350289450704
ck_8b24eadf6c72b30c,0.41811081738101885
ck_ffc8e3c1377d0706,0.003017265484826148
ck_5b59e859bed5b40e,0.016786201577529948
ck_7b61717f172f9317,0.8823792814966285
ck_e5c30947b732f661,0.07464352569404206
ck_bc273f3ce79f7e1a,0.004777865029050244
ck_f69e93388b3028cb,0.06519668819989387
ck_3837ad850996ba60,0.020179632517619943
ck_36d78ff3bc033ee5,0.008204324503666038
ck_5e20953547ba4135,0.20191967500635483
ck_258d661e450ac870,0.0070853119341364006
ck_1df66f537496ca59,0.03841030637156549
ck_361f535599110201,0.010572864379403642
ck_337e98c69f6e7886,0.009629152422926434
ck_d3d5b2717cfc3913,0.061282656619736905
ck_b1dba768dbe7affe,0.025192604378104937
ck_92d782bd9ce0d1e3,0.017155211568145572
ck_26bd0f8898afc8ba,0.001970256274142813
ck_7916e53daab36745,0.03993568948284412
ck_2caf553b31831a50,0.020527085854338947
ck_c6200734c7f9b2f9,0.9578259661542183
ck_cdc55623cb16e6a9,0.0030579522211974805
ck_57849e15b61c43b4,0.0035778390438162815
ck_b7af9b2ee0eebbc6,0.020686801801289463
ck_00aa5fc3b3bc66aa,0.03290661691309133
ck_9929723f65636c7f,0.9942991857288003
ck_8f6cce9f69912983,0.007494555723743867
ck_c422ba389ff00781,0.0016756127787187105
ck_9ec7f334604a228f,0.007580127028393002
ck_5d01200ba3341462,0.013931935858087476
ck_2bf10be403849c9a,0.009211284123123165
ck_6ca018259f70858f,0.007027499216214676
ck_a54dc042ebb7c766,0.16991973777652208
ck_79da63fc100830b5,0.019315176880810855
ck_67ab6f9e05c85085,0.01949555986138702
ck_fa80da579ea9afc0,0.013989028857819878
ck_4339f86c87289222,0.5607564209952596
ck_a2299b4f530be0d6,0.15489349344572578
ck_19db0bf788697c2b,0.0063047671454536745
ck_fa4211c4d826d830,0.0018795755270347193
ck_96100d5e8e051e91,0.005628896364114063
ck_5c3a671883d58b3f,0.0010769592253419397
ck_2d9524787cfe1ab3,0.7346318349174774
ck_47ab8e51e5b3a2d8,0.0019160839226291726
ck_c924f36bc1bbbaa3,0.01487907775481445
ck_5c58e7f8fd55e26c,0.005888227539178659
ck_a07e7409d6d5aa06,0.01693810283119221
ck_c8413898f5f7cb7d,0.03674443187513456
ck_577c816b41cab002,0.7747432676942525
ck_9f7807ed64cdb728,0.046935421315918754
ck_495d814d6d6d521e,0.005368483187552073
ck_7aa8bc018c2b003b,0.004259692443988676
ck_7c3a6a82f3c3241d,0.004899763887730643
ck_487f7fbc290e4ae2,0.020176904437712022
ck_e556c4d36aadbe03,0.0014269013957455014
ck_7e6569a1b2455cb0,0.0012028106809095639
ck_de2924955926d046,0.02082312658187445
ck_73d60b4630e3937a,0.004912456650969094
ck_805ee564bd35ef15,0.009150295275490983
ck_0d40961e47797027,0.0030863291363698656
ck_f06d00a4f9c87d80,0.002583274798600671
ck_5ef50fb07b6737d5,0.03169960091486651
ck_16541fc15683e21c,0.0035244446258677893
ck_09fd43f1b7e2eca2,0.002030896932127876
ck_2a2c336a69b8d68d,0.011188577137349751
ck_2685f38930866af0,0.044760754178336
ck_298278a9da874437,0.008175512782429416
ck_00bd7803f2530c68,0.010021091446571984
ck_c2b4a1d8c0b6c1cd,0.0018370811207778686
ck_2acb54ca20c3af6c,0.037436880506345555
ck_e3d4b6f681c783ab,0.03250276499605945
ck_f90293f1eba5d7b6,0.080111724370731
ck_e69d27e8965df0be,0.005356482423998704
ck_b7f5d10b427346ad,0.0040127272150940595
ck_1ce20e4223a936b1,0.013219047983331286
ck_6b97d1ab90f6bdeb,0.02047751030632624
ck_e30e17db5473c7b2,0.0017250164513070627
ck_154c8efb19dee665,0.0077868175301367
ck_6f5bb0c930644cae,0.9921227507371242
ck_9e17699baa83d173,0.0019784036176808068
ck_9693b1eb70880205,0.009853116984316807
ck_1e97899875bb427b,0.0057255973153628225
ck_558a82590f65df69,0.00166914191207961
ck_18df83242ff3cdbb,0.07725468079355736
ck_80ad4396e1084c68,0.018686141373997586
ck_0a993bc947bab61f,0.027315434316455573
ck_5c2d43ff841632f9,0.005888849081782199
ck_6e4b99fb9725d9fa,0.007161359679824968
ck_e0983999ca26c19e,0.02349553559894553
ck_6573c4947cc8607e,0.030939986782286634
ck_d879d645d6e44207,0.008763138083187225
ck_1375ad9f10688e4a,0.0020639352049502896
ck_7501ebbf4e21f160,0.01306857015421325
ck_ca60d61cd4dc3bea,0.002388728659173805
ck_ab9ea095a5c58b4b,0.009590010365394497
ck_23756522b58df5d8,0.0012829579833714359
ck_90bc176c43d85fd5,0.15599057070271471
ck_908b663b2dda94ad,0.030244256757786636
ck_4df2fb8e4b649e27,0.007904658160205464
ck_5615c6bbdef05291,0.07483982118905158
ck_b62f3e3185251f71,0.001065512007895513
ck_38d1a22850178f33,0.00263826815741519
ck_5b3ba20c8bb1383b,0.008108873291778815
ck_5576ffc6aaf6f22c,0.0025802102758306607
ck_cf7a022178165e56,0.00731693161754691
ck_f2c7a4c50e2ede96,0.02734110211808624
ck_285719c77eadf915,0.0016531619740998858
ck_f2aa1b677619ab19,0.007977633509334545
ck_3830c58d841e9e69,0.5540538175334734
ck_32eba3510c8eac5e,0.014472306742838986
ck_8955d7b9030d5eb5,0.04423082575126504
ck_6775e387dace7525,0.04573772172368805
ck_0a0cd7f4be606a93,0.0535484368200837
ck_a9f700eee5d638df,0.004496477430610283
ck_3d7db96995745472,0.01740311179928727
ck_aeed557007d52e9c,0.0016534059114820948
ck_79b6a86830156b5a,0.01512488512042882
ck_6a1ff9d69466181c,0.9948452937818684
ck_f11b1565f986f5e3,0.011693008786678175
ck_4819327a78615485,0.002670512970587879
ck_3ed9e081959b2f5c,0.015811049069750095
ck_16af4be191c47d3d,0.0021928927518570698
ck_25122cc0e8b1a662,0.11861935398118613
ck_509c22828d467ba3,0.024898469828532704
ck_31109c899336348d,0.15605243446538986
ck_c51131e53baa59c7,0.002175304804492504
ck_cf8ecabbc61d3e11,0.005626913557916729
ck_eb6baff0f85ba936,0.02133582314230366
ck_777669e2243204f2,0.903299030944078
ck_ac0ea27e692acdc9,0.008106586169000507
ck_4c6ea04ce8ca9e2c,0.010874113690917186
ck_ca54b32fca7e94cd,0.005886089051264521
ck_4dfd8947f540eb24,0.006855064550092482
ck_95aff1fe27fb24bb,0.019969815925906294
ck_c7550723b90e5615,0.004022135295476905
ck_57b3fee69bdf85e8,0.002642997397641472
ck_f823407ace7ff064,0.03359282890571413
ck_a69084a068bcc8aa,0.03485068885643909
ck_c7b17f7b24bef5d7,0.01702655310808701
ck_7c4e588f927c27c8,0.011955636471969372
ck_77fdac602d0c6f95,0.02478805673895306
ck_e963d8525018d072,0.015272246769315101
ck_6e8ebaea8f7bffaf,0.002525084991039501
ck_aa42976a31cb7770,0.00794701172491843
ck_22c862a496008c96,0.9925597511701971
ck_527550dd15f38782,0.01355969891179671
ck_b3ab3c210e2c7c19,0.049875357573221805
ck_ed9c56fdb9f45ddc,0.10187131816480906
ck_b53281da70defcfa,0.010374723830915443
ck_03009b721568ee98,0.017896113528398594
ck_3d9afd862b3f4053,0.1874131987263774
ck_ad3c4be96599554a,0.007390242972083665
ck_d1c787c27d50af49,0.047789708292091435
ck_c7a9c7b2eef46a99,0.003868462491397351
ck_53036d3c6c74446c,0.10748473569404851
ck_1b1efbd9c0964c8d,0.05133182820674108
ck_d66f42a269d5c1ed,0.028596500521927103
ck_fefc49a2b8ad993e,0.013112702119968865
ck_8b3b874249adece9,0.028403332913787185
ck_193d9c87ad3f1dad,0.001910047291423965
ck_0c6a50d747593b7b,0.013564861113090125
ck_c830f3830875b47a,0.016548289826192608
ck_79e202f06d8dfe42,0.06093182585104496
ck_5c0fe988b8aa7fcb,0.18290193804451738
ck_a8382d8345f21e1e,0.004169459165641614
ck_8cb20053914692d0,0.03282703055808951
ck_1da2f69023ca4c13,0.0016727614991442503
ck_38abb60995114f8f,0.027773543326137004
ck_f5791fd8fd8fd191,0.02275053476648123
ck_a4e6fc391b674335,0.7893354884611452
ck_bd771efb4a7e15d0,0.006574671304534342
ck_38ba4a6b6a292054,0.10390095518869977
ck_f7a07283345a0dce,0.003946817462563882
ck_87dc484baaf5a23a,0.0009903893235419037
ck_c84ef83489badbfd,0.04139263934955265
ck_a397cd64ec5d644b,0.0062465245245427944
ck_7977135c2ff61e92,0.014010635846380463
ck_52174855b243a8b0,0.06630271562140866
ck_0f35e930d0614613,0.987744611986015
ck_b170a7db522a0d6f,0.006180203339392269
ck_7af748a23775bd54,0.2940801225512424
ck_52f641c9ee6fda70,0.007665359319106439
ck_c3719a30414bbb4d,0.008792612283467218
ck_2baf214ad6bc0dbf,0.022831784026413133
ck_8b39d8aacfdd72b4,0.005178235898632788
ck_d39b0152116203be,0.008762595316510526
ck_ed33f8a937f9c7c8,0.009063802130412395
ck_8ef97b55a5fd6ec9,0.0032052868503166408
ck_8247f008a14bd1a2,0.003537124339369602
ck_f0d349d68249d5db,0.0024296808161791083
ck_a544e766540861fc,0.019212307139194945
ck_9dfaca4c7c80b10d,0.12095272368230706
ck_7e5401c362b2216a,0.0018189077021760485
ck_64ff60c073fdb6db,0.0706212327248714
ck_fc5ea49518e5d637,0.0026500194651598854
ck_580f136ced341298,0.001690121627377595
ck_9cbef9bc95449dca,0.00605363797478353
ck_e475a3b8ba870a7e,0.0077693642256822515
ck_97e94708bcf43563,0.005563543061308853
ck_13f03ec785cbdae1,0.0018098179782860362
ck_152820d8817f478c,0.009390731446493496
ck_d20d4ba60eec9945,0.026771760512717863
ck_5c45968a805132e0,0.044274391781276526
ck_bebea2cf3063fb24,0.010712525219411701
ck_c3c69aefe7ea1d2f,0.013883430719836526
ck_02028b72f26fe855,0.011901014740432807
ck_dfadff70a58a9133,0.00138332440045434
ck_6482ed4491bedcaf,0.007257910561503191
ck_754cd7b4a5ae3f94,0.010603130587524271
ck_3132857aec8485bc,0.0018292456989984327
ck_7ce4ca91b8f9f1c1,0.009631710864336049
ck_41938582f4351772,0.007443121827917808
ck_f87d66946252476c,0.13431757533992278
ck_8053f1879a9b4e43,0.002850594902855918
ck_93892e91387f5103,0.013503030398837781
ck_15254db133b28371,0.0183006140513491
ck_d557b9feb241b3ec,0.004236099616298618
ck_71c3a8e4c12c989f,0.007108989198742781
ck_80e3041811033443,0.021317642952050526
ck_3380d60067b4634b,0.0032201071617234973
ck_a9c2cdc758df8510,0.0813109423803426
ck_3c0031d7514da17b,0.010326399822123833
ck_18d214b1418be39d,0.009915450922046584
ck_7ce768407fd48321,0.01786735310690142
ck_7a50abd42298133b,0.012202212321250468
ck_2db10f987d137582,0.04059300428851389
ck_e077d004cd1d80ae,0.01048532485837047
ck_1cb6dc67f9a321b5,0.05660197535679154
ck_b864f64101149c35,0.26144341784148134
ck_9bedf54df9418e4a,0.007913715115365894
ck_c47e32c47f0e6578,0.08845100541529566
ck_71f382d5e338daa3,0.006486963753174599
ck_14b4bf7be6ac2b61,0.0418384780232562
ck_5c87eea1cc07cc92,0.0573402214237162
ck_5f445182829ef342,0.03354591638655653
ck_a5d7311291caaa54,0.003949394155955954
ck_b7df99aecef385e6,0.03576299529197001
ck_3327a0582407068b,0.0234485181374412
ck_08dba09fd7dab896,0.014707351966139533
ck_f4ec334be5266378,0.002265493423229471
ck_240f7f894c5a86e7,0.0038702243764609508
ck_a9d994554fc14a02,0.0006738115391933402
ck_13648cbd306eee6d,0.02447583870370318
ck_601edf9105b3c321,0.9814605699534348
ck_9527adac182abe57,0.21978448613975293
ck_4e0e80f5cc271bf7,0.0015490929416738172
ck_96a89e720176b389,0.1459059596423074
ck_63560eec94b76d2f,0.019209044330959053
ck_c9c99e5b19aeced8,0.0018054847388740125
ck_bc32655ee5ed643e,0.015371752803591442
ck_edccb5a93b741744,0.005192081605372545
ck_f786cbc987b70930,0.0054026007901351505
ck_0e8f26536ccc8947,0.014229669075426533
ck_b87ef4b98cfcec4c,0.018204613307663972
ck_1a9235812de4b2c1,0.020462725597715548
ck_d1ed88ea4211ba4d,0.005652853413715489
ck_a4ddac49657a4450,0.031090647307635326
ck_d9ffca35188e49d8,0.026453741438649467
ck_3db73bbe03c3d240,0.0029471234860553104
ck_fffa0622344a36ab,0.0014281851376294467
ck_148c28df51bba5e9,0.8719434502373367
ck_076cbc25c8f15fc3,0.9490336952940386
ck_e5ca550b39ed45bf,0.34360321350559
ck_8dacf3a2061ca17d,0.020086833051458624
ck_2d7394afd61643d0,0.0019572849293647086
ck_e42206e91f6a1752,0.0038895575092444457
ck_2f4f94827984c426,0.001510397219531627
ck_edfe8e90e8f4366e,0.004379617052081534
ck_646b15f753e5e9c6,0.019849413924251033
ck_66600620149c8799,0.0038486194060097655
ck_4ff6fc70bccfba96,0.5448561746209448
ck_41af3729590c2484,0.016792913422562884
ck_920a48ba8c583e96,0.006097656603094845
ck_0253b3e7be021306,0.001107771394954936
ck_2ae6949246ea2648,0.006430832557805853
ck_db23a5100f338d72,0.008967859458801884
ck_fcb2a559474c3493,0.02026017757718684
ck_0a4d7acd2a53cbbd,0.002489447207879799
ck_c5d62b2b7a6f3bac,0.901853971355298
ck_cf59f4fc0ea690b2,0.010151770607492217
ck_837be8126bb19250,0.0025052466300949346
ck_58955542edee1adc,0.007352285844008965
ck_1b93381d8eea58d1,0.0071080896143091606
ck_97b8e05d62abdc14,0.013861707007903897
ck_71a0d645744302a3,0.0041437193490305516
ck_a7b57882ab66b111,0.00230392317336624
ck_65f76421be648549,0.022820864023942625
ck_b53ea8713d32ca7c,0.0378480527638185
ck_991c4c924a1d85ff,0.8124259572514207
ck_8432ccec1a4ec7fd,0.9902797678327215
ck_64c1633297f43788,0.008235166390240203
ck_4291fd9c1161d8e1,0.016515950345115375
ck_5e98ed6391d9f429,0.04089730650886259
ck_c7baebe4549fdbb4,0.028008713157163155
ck_6e67225ba59fa5ae,0.032519054348583265
ck_719602def4d35fe0,0.022792921280753276
ck_bdee7c86f5ebe81f,0.016880867214439266
ck_8de38f8c7f91961f,0.05066505295103402
ck_b0b5bf9254700402,0.008898998030909995
ck_7b55d9bb1a250d4f,0.036650433733242616
ck_3954b7b0fd1d6614,0.002340109034938808
ck_f29471fe7c818d6a,0.0035884790609289107
ck_9e65a8a2f587691a,0.013730559262735583
ck_eaec5f1a83b66eb0,0.2019165934887902
ck_004fe0daecbe2c1a,0.006225297981172882
ck_d17653a4a2d4a79e,0.04632110746029572
ck_0dd417fcbf19e424,0.01900401914732647
ck_4c99a6eadea143e2,0.11780757331652296
ck_74d602c907ee9119,0.0015229291966042603
ck_1aa87cb62acc0ac6,0.011459673879221484
ck_094974d75e29fb2f,0.07318449186759973
ck_5ef935ac3d4d3332,0.012057117799425386
ck_b26e4ae47c9107ed,0.49619310922069715
ck_396cea6f95186ad2,0.02013509222880102
ck_48446a9e8184c7d4,0.004794966699574363
ck_31e1ede23247d56b,0.01877565191369411
ck_7afefa349b960a3e,0.008413756707991073
ck_f5e02a3432571b20,0.055583579695961075
ck_64eefec062592c43,0.008588365738928405
ck_a1201284122c141f,0.016339642156883466
ck_1b34c420a4c85a95,0.004932954525068631
ck_d637a011332ba67a,0.0055716518975045416
ck_99c0004d8b7079f8,0.00597193487131467
ck_948517bad569b40f,0.03582237773750986
ck_a28d6b1601b472a6,0.02840939922498834
ck_a0b4209feb31f5c0,0.9953565973136829
ck_d6d2c1f6dfc455b6,0.1832645445033096
ck_3f9e6d356d3dd3cf,0.0018187036802876162
ck_d08e00c842b75176,0.022102515437660505
ck_bfdd232a7c5f2660,0.03829862026080974
ck_2cdad03ed069438c,0.017757656895474098
ck_42317c3eabd0a285,0.752398513593407
ck_3eb73e56751c704d,0.017811880682101527
ck_ef33c04f4c9e3758,0.02937183936350417
ck_1dc23dc870f1773d,0.013285972418398073
ck_76091f357974a152,0.009593342382155843
ck_4d9eb75e8eee90fd,0.034835131426932606
ck_578f67e69e5d2cfd,0.002163260985392666
ck_3a8ce1cc724229b8,0.0020589022883333663
ck_a96887f841e80fc1,0.02717102955318422
ck_d2d4a8f4a9f2c33f,0.007696324850248632
ck_11f85bc705dbe036,0.04126264597128415
ck_7429b3f87528e335,0.0031107945125955654
ck_26df74feac7ec51d,0.009240265131818897
ck_c78b2638fadd91ab,0.020698098950067086
ck_7eaad325abe3b50c,0.003753175096281541
ck_fd44e34af620e606,0.07451795119834065
ck_f99738dff854e25f,0.003848340698135765
ck_1ffbce3a239bb264,0.0030239035707893495
ck_96c7d52ba0a766ef,0.032074784848265855
ck_cb1c00c300af3f9e,0.008458416843077136
ck_ec3d12848ced99f2,0.016706876994213516
ck_26cfd7c3c6c7bf69,0.009320046041586618
ck_7ae86b5a885affc3,0.015218927207947751
ck_3edaa94d28cd48ea,0.004447609513813569
ck_3209c530c9812e39,0.004292583390542575
ck_ea62ebfc1f04b49a,0.009703169051305985
ck_5fc90b4668ea81bf,0.012693563875840128
ck_95654593cdebd141,0.0038151222198058374
ck_958c0bd61820147f,0.052219529317424594
ck_8440ef1386c07194,0.004799893724171517
ck_8cd1b68dd74b1375,0.23767841370979875
ck_c9eb4df91ff07f2c,0.038972229765128846
ck_c29489366c01fe65,0.9199430811710751
ck_c965fd6bec0f0ecd,0.02358232555493368
ck_84c402b23766e1f2,0.007096802121434384
ck_181f3dae03b87136,0.01589460234990902
ck_022a8ae79eb28cf6,0.9467828211790265
ck_469c17407d17b706,0.025736176577592862
ck_1fcc5843f39148a9,0.0030541188505217283
ck_5debd55f361b2ddf,0.003966078072552932
ck_28cb9b03e89263f1,0.001475364781135336
ck_f067470743d3c7a2,0.05529734776026085
ck_d5d225ce41a1a762,0.006689591158405981
ck_15b4840922195ffd,0.006612649704018046
ck_6bcfa37c717f19f1,0.0501179852294648
ck_8d501a0386c66be8,0.14497083936358277
ck_1a9d6190c57ea7e2,0.5388275238703106
ck_c49832eabdac5bb7,0.002410573680535355
ck_b4331140b2e0d4aa,0.0030270874090162015
ck_5efbea1befdefe1b,0.20372267546055922
ck_72ff52c4824072ce,0.06496181367212756
ck_ec3715add8bbb6e9,0.002856223155234058
ck_9822f8ed05335741,0.004494481038727745
ck_c3d7d3d12a1981a3,0.006462870504398102
ck_a115a7919ac5875a,0.030831662406791104
ck_4dd4ed23e0b927b7,0.4891435956493132
ck_4c76efcc1ee6762d,0.023441932747819232
ck_3ad6e7bf452c9b21,0.017325500251781832
ck_dcbab304b55a42c7,0.017421283023668042
ck_24b53090faf722cf,0.006937249660274339
ck_187317383400491d,0.004069136471842449
ck_e07fd57565c94c28,0.023588356222601282
ck_740e760fdcd27835,0.004045338915107581
ck_d3796aebda1cfed5,0.856710956385476
ck_e541967c681cb929,0.018579501456338895
ck_431118050b834dcb,0.0016863538746657485
ck_90f3655f0c8a0074,0.0012365787826499133
ck_13cd943777651aac,0.01789509590267492
ck_66accecabf3901c0,0.017173557354840416
ck_937f0da2306b2eb9,0.005089783993639935
ck_105b0c93573fd5b7,0.6127239473383017
ck_00480407160e0743,0.002734542670599689
ck_e032068be7b77d15,0.056257603950194565
ck_991b7dfd69098320,0.003328409701280779
ck_37d47cf0f34574a2,0.002303879419295618
ck_011551a596544f5d,0.001954161197065488
ck_9acd98f4fe2d474e,0.17747201959380532
ck_7c88d3d377bb61bb,0.021793775543537185
ck_e2374c7136c964fd,0.04654450550144071
ck_2fa8f2577116e9ca,0.06008378784841081
ck_d07c5b0321c685ea,0.2240509981268458
ck_bc736114a31088a7,0.011412467533809697
ck_32bb42f9bff197f8,0.004038787141768859
ck_66267bbad1f1415f,0.9864609358842836
ck_19988702ccd79201,0.011076885949579745
ck_f473a03fbcdbc4b0,0.005243070661171449
ck_e3f1d85fa5d49396,0.015069807545355939
ck_c4402ea6291df271,0.037807913578395275
ck_243bd5ca8c4ae5d0,0.007001826905849769
ck_f271e855925e8d6b,0.1758800682208756
ck_e424148c6f2223df,0.0058405125030189416
ck_e4d0a9e1102a58b5,0.005243680905372404
ck_91c2a5fe69b9b1d1,0.004992678879475786
ck_5fd8924732fe403e,0.20007303605249513
ck_9a881d5433126ada,0.007429754299392944
ck_73cab88b29c7845d,0.022310891900183587
ck_5b5dea6476d4e182,0.009501862391524172
ck_ccccb17d2ca6ce94,0.06870938696791089
ck_cd1dc68e441222b1,0.8077647093634588
ck_8312c49b1431a406,0.02060675586522289
ck_25fea39897f2a559,0.018735249897670794
ck_f56200205280bddf,0.028959750059981925
ck_7336611650dcc088,0.002230365372443021
ck_590716322ff147ae,0.03742317036094113
ck_c82364d87875a1a1,0.021799056230137694
ck_fa4b60387d744fc5,0.0017157824945518265
ck_d841eba8906e9a15,0.004732125589827845
ck_d6df562a79b9d0d9,0.008953935897184653
ck_59a14d2564193101,0.002829338657161581
ck_8530158e3d7f59e7,0.011849622081134104
ck_ac68d707006c12a8,0.009939289443532374
ck_976fac1bb3dd8c58,0.041786739211565074
ck_f854fba8f4adae3d,0.05886887268880882
ck_b98e9c3ec6e7d1e7,0.007181323165302889
ck_803c0b4cf9d4bc1d,0.011428648079394779
ck_76997a33c3ea5107,0.0017351173019036384
ck_f1a9d832b700bda1,0.9812667339631738
ck_2bd96ddb8c323d63,0.9907185810810653
ck_9e5b7acf51b1b743,0.028492361629299547
ck_09169f22194fd6aa,0.02766460435844389
ck_6d69e092f9b0848b,0.01634996688471558
ck_9f83fa5a2d3b9049,0.011279672021013997
ck_57bbb19eecb4b87c,0.0034342308005740237
ck_e0e9cfabb979f428,0.005402248075525546
ck_b1ff9edc51d42f97,0.00775980573821522
ck_4682fad271d47eb0,0.9450864730369708
ck_ab33fb754c818ae3,0.027989042596652997
ck_b456f62b80e21557,0.0015186953385360516
ck_16340be3f2a7fffd,0.0022868993280390176
ck_ce66831f6611014c,0.007677305904628927
ck_4610a073bb54d1b1,0.010252973201455268
ck_fd038a7d33a9d6e5,0.0022056941979474937
ck_c8198cb4c461304f,0.03183411739566566
ck_1e7de58822000dea,0.0017666528891608206
ck_b2a79dd3df560f14,0.021824223352585985
ck_74a06f347b32347f,0.010356284149417987
ck_c6fdb2972417c9bd,0.016621908030361017
ck_d7607a213b800bfb,0.0948384311412857
ck_df65967b8b40319c,0.0019943562763292504
ck_329a73dbd585ee09,0.00411638730200835
ck_74991a9e85c3b07d,0.01915061397831465
ck_bb76609b79e0bc9f,0.006924263195596743
ck_f7fc1bd0b9ab1fa4,0.013409524018490823
ck_d111c98b36bdb791,0.005745384065777456
ck_f07e27d125497b66,0.021949731851475855
ck_093e3a7134e11d6b,0.010665611913313867
ck_862c7953bdea48b0,0.008279201337642692
ck_392cf2cdd515c34d,0.009153479754658586
ck_80eb91b0b4001084,0.04368553873078382
ck_5923f53b77193a58,0.055352069552371805
ck_8049f5fce32be185,0.7137192030230036
ck_ebc5a2c6cf88e252,0.04759304527005732
ck_9ea5872f14cce338,0.03095172538194331
ck_f7fbc95ebf584379,0.013257690967716469
ck_bafe82c870356706,0.974431368336027
ck_278b36c5932d9bff,0.001813226941074564
ck_6a892dd5d05c1649,0.005817597448139365
ck_0734fd90b2cabd43,0.00560083106466321
ck_9b552204498b6762,0.010105262544647277
ck_f6c909c205767956,0.03819866958692779
ck_32f590e87bc3d715,0.0020838923999633757
ck_66a8325f28be7562,0.0032539504380517652
ck_b129261da9c3c3c9,0.0026120270817173103
ck_a524071c51ddde20,0.011304431062971
ck_ba576d6d4cb6130b,0.2916518876554533
ck_8d8226520722af78,0.03630043186037667
ck_c5b0f0d4f1655a20,0.024697066559982248
ck_61814ae9b6d8eab1,0.006387209089639552
ck_382ebf136f7fa337,0.14061664657381812
ck_423ff4ede6a9f066,0.012296372491537928
ck_546ad962d04b7de4,0.9648372836584809
ck_9473ea4a01c95f9a,0.01614798077219553
ck_9eb1da8cd35a50ce,0.006793259199654147
ck_de5eaa2cdbcb67ff,0.09064782736501048
ck_537cc97d0398c922,0.03788946245222445
ck_998475a2e4dfad4e,0.0026599868416228353
ck_e62eb708d2688fae,0.028195923209565214
ck_ea623358f704daa7,0.12566652646422496
ck_b911a09f328dfd4b,0.006125543481885845
ck_4b3506b624e5193c,0.052696301737229834
ck_448456f96788713b,0.030894945879737828
ck_5d5ef9e75f65d076,0.02134628659137485
ck_3b74512f774a6e5a,0.004267436636896611
ck_a032e8ac1507c6df,0.7130775203121953
ck_7e2d6b22a0ae20c2,0.04457600888346264
ck_d80283209c963f11,0.009151612881099835
ck_d1157eade2ac3975,0.030717070833548927
ck_be48f583f79427f7,0.02106441056975496
ck_0027b5d4107d65d8,0.028790000244624858
ck_94fff69584dd3b2a,0.04254897259842197
ck_75fcda73f0b43557,0.009234793955404295
ck_a1c78972e4ee4082,0.027771605786153158
ck_f0982bbdbd122f91,0.012611710547981651
ck_3199b471575aeb3a,0.007689368764931308
ck_7fa947a0b1c1cf74,0.04549032916425037
ck_a60c618b7f0e4252,0.005585249881130927
ck_722ac47c8ac9b6c3,0.1330000233385677
ck_d44dc3839a195c8a,0.03612839299461995
ck_a2c3e82fab520483,0.01203029556237492
ck_6f8ae0319c07cafe,0.002406117785386953
ck_49886ff1e2c759d6,0.020540425309593862
ck_150a1108f936e6b0,0.00707816180752892
ck_e21f9f96f597695b,0.019621178320037597
ck_7297bff2b7fdcbc8,0.0012017508154385146
ck_ee949c71f4f702eb,0.9473033006949807
ck_6fc37dea4b4f35c6,0.05692098307741876
ck_e76257caa98dc25d,0.9846598996511864
ck_828eef2334e17b3a,0.010469392109640447
ck_604e1b8a8c693aa7,0.004368257528545425
ck_7743c9fe037d1f9e,0.025107615039852593
ck_864a11202e19e812,0.2047935663501797
ck_4ec040b9e3785e4a,0.0057479215550396544
ck_7346e4f820d9c00a,0.8943094436445789
ck_48d4d63beb26b623,0.007965500937463746
ck_c423aa6de3ed1e01,0.008203756734915482
ck_d74b2ead8aaa3f73,0.040646720406040227
ck_1dd69a11daa7bf1a,0.029504037927152078
ck_d9143e236eef177f,0.0077511104346805245
ck_f790d91e5ff0eccd,0.17463983212952217
ck_69b5620e00ef5dec,0.0023658755150502003
ck_cd32e58e8a1c0e85,0.008804578163252183
ck_064013b0957d87a5,0.9923730524157752
ck_a481385c2e60dc4a,0.003129962557205719
ck_d72035cb29db3aa4,0.013539563658301189
ck_3759939a0205306d,0.009167202157429877
ck_f437a53fc832ec95,0.8983742087337532
ck_260ef2f3e6434819,0.024664909711462214
ck_35e411b05d22f663,0.010795603624927007
ck_8bf46e472f3e20de,0.11076339862964693
ck_d546994fc5d3e9d1,0.015118868395926006
ck_6ff0fc7487e737e7,0.25634972453574134
ck_5c67f27816ae0b6f,0.02076536455679106
ck_c5517923458106ae,0.005648777438421449
ck_d9735647a6b0b0a7,0.8408345748794337
ck_541a734fc457246f,0.031230493315982773
ck_2f6a639468f41043,0.0035820024192860962
ck_bea2cf7a6b7bb900,0.0179207999624363
ck_7eebd0e6ad6c070e,0.01566687255405347
ck_b64c87d5e3b10e6a,0.7774341054931047
ck_9dd7daacb7833233,0.010886512993984873
ck_396e9ea9a6c6d7d9,0.03338749767653629
ck_1645e6cc53fa99ff,0.013519743320159563
ck_ea2a83ccb8d57490,0.0073205527992335285
ck_e64f0df63e1be595,0.03907375480478443
ck_fa0b234481cb57d3,0.037795952184633747
ck_63379e3c9fe6f711,0.013152960027031117
ck_c67f7944896a0310,0.0628756720432718
ck_c10e54c9db29e6ef,0.9940492967277396
ck_7184ad7709ae4c80,0.026831851853021896
ck_f8b6069d7577fde6,0.0034664616971859293
ck_18444be153bac1ca,0.9501775166586768
ck_d0982b4e0e118e4d,0.018726831376402145
ck_6faf3e6820398866,0.02204276334751752
ck_97e980463aca4644,0.005445701565266478
ck_630c835243c66b19,0.9764217541969377
ck_fe429ba3e1aa0e4f,0.011258002571134039
ck_1058129ed7b48c59,0.018979387936495833
ck_04a1a46f07885296,0.012846902991846772
ck_f01e94331067edf6,0.009399451512294425
ck_77b2fb17c29f5e72,0.01977151416598455
ck_4f0c5857da45fb28,0.11738817785286076
ck_2cfb9a7775e8a5bc,0.9359269480870807
ck_6846100e43659bf3,0.005004454430149898
ck_f89719a854fe11d7,0.011651547273518888
ck_bf47375e41ca3bc0,0.0033243309846917044
ck_2770b0400a7bef08,0.05578885607060431
ck_2a09d142de1c77ff,0.01624608406716347
ck_857a1f5547b9ad68,0.012286349105035819
ck_185f15b1523bbcf4,0.002482566244611079
ck_ab2aed614ec1cdf8,0.0065452862302428985
ck_a9e7f3b2d5dfd97b,0.00845542726310623
ck_0eeb3d9b3e697edb,0.05458593271005492
ck_fa5830d81bc8ddc1,0.0027741662369541427
ck_231ae0329ebc3220,0.003654023353268374
ck_1587763dd54688c9,0.007656312043559197
ck_9f85fea4490c00cf,0.0133113950236864
ck_a2d709e7eb91e4af,0.025739214059495218
ck_43637d28c7216453,0.00239388158425379
ck_f3ab5dd853d38252,0.032526200371389646
ck_4a1f0172d3bf4fd3,0.004245394075794017
ck_517620ca16505af0,0.008674272168568455
ck_9ae904fbef56065c,0.003349308261159872
ck_d5ef1f6e34bb35b8,0.06832832467365564
ck_ff42557857ae3aeb,0.001790224982652312
ck_ad9a18f58589faa7,0.005570679145371045
ck_df1a6edaa3e6b271,0.005414600760684558
ck_99021fe7225b5a68,0.018038907579781806
ck_99e52c3c2530b69e,0.9845881559866394
ck_3a4811dc4a1a891d,0.003569610394710771
ck_ba3a6be026c87079,0.005795562502273772
ck_da6d1e5cf6aba6fd,0.03181429974111896
ck_ddc7c1f3d45fe6e6,0.013257381251400314
ck_e1b1e7a7e4a15b3e,0.003857495089496222
ck_8288f7f226e08b89,0.0100601440190921
ck_c4524993ec31dbe5,0.001954035718968097
ck_8b19bb5b23b6741c,0.016787765999623082
ck_d21b38231a8a9f4a,0.17872361410636486
ck_3f730318a9792292,0.02354579546427748
ck_a4db6e94a8f77f9d,0.03052358412148845
ck_a8cac8d480306839,0.003495476864116615
ck_5472214011fbc2a7,0.004422485917205696
ck_7356f47dbbbe7904,0.003943852660784844
ck_16801e628e883d78,0.009762848260895672
ck_0dc1e536231c4860,0.014451573684192871
ck_7cd0634a6e60af83,0.006120742318645767
ck_ef6f8e048ae1bd4b,0.01288434153455589
ck_82f3f744209888ac,0.020540256791860945
ck_f33188c232a03526,0.19929543463408478
ck_4a59f4e10bf45d7f,0.0029286393150835793
ck_d96c893721385e4e,0.001666926503575052
ck_f65ab819373edb37,0.018776864989492874
ck_21cac21fc10b7768,0.011707319478141064
ck_139b54e6ccbdd7da,0.07034089317580083
ck_d6f5c8741697abb3,0.014373729798424885
ck_a28d9bb5590d458f,0.20059247813478143
ck_ed26d906883bea0a,0.011385614822797215
ck_227602ad072b838b,0.001965154013940218
ck_39d5f6c17c745ab1,0.002428352085563551
ck_744eade757ba69b5,0.019049785746708445
ck_c1295d97cdf35ec2,0.012298924156309635
ck_69105f881da3c821,0.024423523703208147
ck_933789b55361d7c1,0.792327368683664
ck_b667952253503174,0.011426625649648196
ck_7bf668e25abeeb05,0.004999682451812477
ck_91742711dfdffd56,0.019316776620065697
ck_af32a0660090dd68,0.035837717992773785
ck_2122f201e65f76ee,0.007768081367234161
ck_f48acb73a5d6af07,0.0363631127075842
ck_337c5684510cf432,0.030100911179897005
ck_f7bde7265053364d,0.012514316264288075
ck_c190c7b924edba75,0.013367586520020689
ck_044fa3b3a003f0b5,0.022300715901316916
ck_87eb43e3b9d96169,0.1042555392526972
ck_2d3d6c9364362017,0.0017842299083395924
ck_ac55dc6cbcdf8228,0.007384596450960917
ck_61d7b0568ec5d6cf,0.03025162858956921
ck_89c74feeaffa7d09,0.003503381024759753
ck_93776b0c113f41f0,0.0692585936775025
ck_15e0b679931f7a8d,0.008036091575252728
ck_77b56c49cfdb1d81,0.25103112744752065
ck_73188a826b5f499f,0.0067348221535261585
ck_4f463ef25325ddfa,0.34830452260266026
ck_863db2e394dc47d1,0.9813166008786713
ck_d52432ed597f3cc9,0.003929836692565976
ck_04fb61e5739642f8,0.18586750746617162
ck_2e481d75d110c06d,0.10046812122512205
ck_3fa1a523d77cd619,0.01944878589418955
ck_466dc6274fecd708,0.02129867580100918
ck_e1790b3aa2241b10,0.7964655271047553
ck_84ad096a46e1a960,0.03253055893259498
ck_3be72c9c178fa00d,0.009947448329683778
ck_5a17c89219d1d9fe,0.009976812653308487
ck_4f639f4ee6ce8d9e,0.06321415752350074
ck_f4ec4a935e51b4db,0.016494504565500865
ck_f04040a830f92bac,0.012164356978631538
ck_3e4d02a04be2aaf8,0.015153521916944404
ck_4d1baef193cfb900,0.05964097807640283
ck_0fb3153d37626b75,0.0016296257630955032
ck_88ec57a11b11f702,0.8482314689242119
ck_dca9dc465f759db4,0.004780768757810809
ck_64f5fba6af67e024,0.032603475644238974
ck_896096cb167254ef,0.043356187802853274
ck_7878679065876b98,0.010251855939404406
ck_fe8e5a6c880ceb4e,0.005434222068077596
ck_a5e036327d3d1862,0.001806611843339512
ck_310f73940fc4cf4f,0.02424999105137187
ck_46a8db16ad00b749,0.025714466812122333
ck_0d33977c3de8cfaf,0.9938981839377603
ck_c6fff412f531db0f,0.001033719777046221
ck_bac6dadf428eaea9,0.038827723371670286
ck_1b96d9af0d7da2d5,0.0062023352815653654
ck_fa8a4a9e77799fcc,0.004863923526386094
ck_0bf48607a874b4d1,0.006690589816791252
ck_eeb75f8a6439f65e,0.020342617826323836
ck_a209a5f7d172125e,0.004903115611509938
ck_8f346b72fb40bf14,0.007035909195361371
ck_bccbf9fef367f00f,0.021382477707811428
ck_2d1548f1ee405cc9,0.005429856841961637
ck_e8298ff2dc1e9d50,0.006413442985424967
ck_77c0fb524edb4a94,0.00637064998291976
ck_28ac4c5134cb8e77,0.028124234925047294
ck_db23a0e3e54be60c,0.7581986389516682
ck_a059d00cee5cee99,0.004022061303487332
ck_3e9e3bba8bd363af,0.004878765693694274
ck_0428728df24cdab4,0.006739001994118659
ck_88cd35378075c84f,0.0026799443977626293
ck_0174d76398d9dc0f,0.012156251817900844
ck_3f1287e6c27de0dc,0.009162919892279422
ck_ff822700f3605e06,0.9968221111500464
ck_4563227b2038ae07,0.20943762943103553
ck_788e78065526ee19,0.019732157097029697
ck_8a16eb584093b12f,0.0016942305492428878
ck_cc276f71ab6c08fd,0.02692594637057896
ck_d61d97b21002f3e9,0.053272175410325195
ck_4b2e87d86a5e415c,0.03809990921553649
ck_3e6f35e4500d2f2a,0.0022815399263812464
ck_3acdb083e0d8ad61,0.002360525513149479
ck_cd655202db489010,0.0024950764832224305
ck_829cbf5ccda481ae,0.0097884063417438
ck_f5882e6f98b8b4cd,0.0018898190149127356
ck_767947540b234add,0.011973210400921657
ck_a6e8e8f535b1f1d1,0.028559178720149826
ck_58412a2674fea506,0.017940268933076264
ck_fae7e518a585fa61,0.02974611852059068
ck_9c60ae6958d68dbd,0.11021668681025096
ck_328696b8f5e54ec6,0.05200976159338008
ck_7df3f8f4f1068d62,0.0023392543203774444
ck_cfadd21458230ef7,0.015451419030816278
ck_7048bedd554c703b,0.003858710619354317
ck_50422466f145bfd7,0.002573139435563443
ck_61e1f7168cd9ff25,0.03898118893746459
ck_733aff0f56f5b3c9,0.02173163399548604
ck_e14892e424180549,0.0015211112331723986
ck_03f6664a96de7d0f,0.014819140905525986
ck_b7f4baa2cc82fe61,0.0066008173152091515
ck_1e51199a075ca0fa,0.0066611704542021265
ck_0e70516fa07cfb17,0.9059107183796837
ck_0f37c554a5057801,0.5917606461120896
ck_5576b725de38d106,0.007075443138679386
ck_82f360df1e9f4eb8,0.022045858298326365
ck_395f3bd4aacd7ca6,0.02256506320098002
ck_5e8e857b63966609,0.20233648969734874
ck_93470896f0804b6b,0.9505401726329454
ck_3be854e42e76569a,0.005570360779698528
ck_0567302c57a2417e,0.20298653578804843
ck_ee535461b5f05539,0.7542756572177685
ck_94a096c36162a153,0.0060382351162056635
ck_dfc8f5c141fd7c63,0.01322298247679559
ck_98b34f2d704c1c2a,0.01601082813037114
ck_96dff7a09d45f116,0.035832748160535596
ck_79557434c129ba52,0.006511207546645776
ck_4596624a7c01d501,0.014384262194752997
ck_04e89fbd739243fa,0.004094329717182363
ck_6149ffaf18872dc8,0.0025884970507431175
ck_cd78f0832a09bd8f,0.4592928633878479
ck_7e29c10d781c3b41,0.012274653671491921
ck_1f7ee7b23fc6f2f4,0.005606411023587296
ck_c49b685d2b3ab89a,0.007558532457186406
ck_84569a8fc50e73ac,0.009261250545253855
ck_b92b11d205af91eb,0.0028013400682446957
ck_06280e6d6d2485b0,0.006801702934642766
ck_3c08546dd0c92863,0.008324589890293835
ck_99d3983f907828bf,0.0034364738394349822
ck_eccfd552aa652d3c,0.013665754979866352
ck_0cff8153881875ba,0.028968942344256052
ck_c1aebbeca6ab5ff9,0.005239734345012521
ck_538fdbbb3c2bcbbb,0.031225290527670247
ck_8c0210322733c718,0.011494878247268903
ck_0b0c93039f987abc,0.01094777033861101
ck_6d07d6d1bd227d37,0.10377996134232212
ck_9b6ee35e8cd0b11c,0.0035361325397657863
ck_d838491d3d4f5ecf,0.005133440860604224
ck_0593ae243a9ebee9,0.034178911507557405
ck_ef261fc09be8eb0b,0.007153750913152287
ck_d0935b571a4a3868,0.01960904678305768
ck_97d04a67a104af39,0.04590631104006931
ck_e25f70d0b7229420,0.015622489681987574
ck_9b71274ff83de482,0.9472986025185252
ck_6de2aa2bb60978d3,0.03635506470073968
ck_eda55c8fb47593d7,0.006904779426027463
ck_924e572517515f19,0.14193352983207047
ck_d6f27eacbad310f4,0.005598974377064744
ck_8550f229b5eb03ab,0.0035570101489560673
ck_e3e95546a84d0ed8,0.04175054019475437
ck_3135c019696ee6af,0.9321415600814154
ck_41ba315d8fccb559,0.00789724916568919
ck_72b86e4485da2d0f,0.9801099212929592
ck_daaa995f3c2f0e47,0.025558140405454913
ck_053746067839696b,0.03420082240289113
ck_a15fe7d0f4b65c33,0.6526277751172354
ck_15de11438732bb05,0.006762827889123629
ck_2c4d25acbe3fabd9,0.01008549339643219
ck_7f08078908599bd2,0.031699971600671575
ck_e794741742fb2619,0.006588455810573153
ck_238e53b6dee8c301,0.003147547799574253
ck_53a6a33060d5c8b8,0.0029182014754123905
ck_0e0919292ad33472,0.9018418656222751
ck_d86ccf148c06c8c8,0.0963478938938285
ck_c881f26c9bf9ae42,0.40121018338275355
ck_4b0947bf94e9d847,0.026717499945505978
ck_e10ff5c38bd18470,0.010154526811678454
ck_b60de9e97aad9e45,0.7693524315728671
ck_190bc849e5ff5401,0.02067009112514836
ck_e7be077aa0b2632c,0.0022496997546039587
ck_a51abde881ebeff3,0.04302056184215504
ck_2208392a9f6bd249,0.024744181621306816
ck_0259da8f109017e9,0.003319102835455853
ck_05e01ab9c95449da,0.03034785501397628
ck_c82897ebffb6ae66,0.00637522083132899
ck_b4a6bb4689cd7cfa,0.02786819600632879
ck_9e21ea33018ce538,0.01261473569204177
ck_caa348f0e65db062,0.9605112921241279
ck_a964e6b5d8415334,0.3338725240902779
ck_510bfbbee37ff436,0.01769843796827195
ck_9741a82faf5c7889,0.011262205233254694
ck_e7f61b4a39ba98ac,0.0014473764755155278
ck_069d158665a53909,0.011180752237643048
ck_6426427efe3228af,0.030490667994469346
ck_ab4a8d02ec3c0fd7,0.001489534703751693
ck_aefa0d8d933e0eca,0.026222875910895546
ck_232325ef6bce92f1,0.01105134471256283
ck_14e58c3fb26a2b4d,0.013649002910689784
ck_06e73afdec26aecc,0.08633351777563528
ck_3168f4f2778d64e1,0.008440361373024816
ck_ff3998d6858daa21,0.0014207399160256682
ck_bccff46fb0868454,0.07170749653354386
ck_c7d444d90fa86d7c,0.4593994350926335
ck_f0bc3bdee6bfbb94,0.015431542719019887
ck_f7112818a6d81422,0.03575806530563993
ck_aca35dbcb835ad02,0.02942373082833415
ck_f637fabf0f60528f,0.004486422489757367
ck_53d17ab97de1ac3e,0.004062644930383625
ck_c8c1bf16d9113493,0.02086498435893746
ck_e842fb0cf055a83b,0.0984418547328183
ck_93c0cb3dac4891fe,0.009150981343024226
ck_0c1f088e17e46daf,0.017474456235806637
ck_8f4b384955bf57c9,0.004357636164602308
ck_09cd5c4df1e81ac2,0.07253668767603177
ck_1e832a5b2342554f,0.07488297632223442
ck_2cb763a881aee27f,0.0047536011451841265
ck_5875828b11406398,0.03468376790944443
ck_48e84b0cb0b90fa7,0.03192833490716292
ck_833688de8629c5c0,0.0033738384559764576
ck_117d78ccd5820f36,0.024486460382352852
ck_668ec61c4c39cae3,0.0014326925014056366
ck_73a7794b659d7a34,0.0026033263770342575
ck_10f90d879209734f,0.01224361195899858
ck_d1d079913aa158bf,0.004336170584054876
ck_01c631b38e8a9535,0.0028458706281825038
ck_f6923088c17a04e2,0.0791836213311767
ck_b447badc9138987d,0.002051922422037075
ck_8b772caed8f1541c,0.006300350713933373
ck_5403c76fe68a08ba,0.5069652143330325
ck_3e6833574edf1736,0.017756688455824864
ck_e527fbb9450a4581,0.8285900174516466
ck_cc90e219f1ebf390,0.00610210761331368
