cookie_id,score
ck_315fb710a0e371e7,0.0011222010740134188
ck_a76ee3b3e3e522fd,0.022620730504321295
ck_94c9a4d382689e82,0.014779252205774534
ck_8eaf9509ad9462a0,0.001059554527712478
ck_9a88a5a989cb5bc6,0.07621116237279046
ck_15239ef0689c1a35,0.017193499842790956
ck_8de69cd219d3b87f,0.8784459151325222
ck_f92cd37022b0ce21,0.007411909881289024
ck_1a3ff7620580a514,0.004263858120995405
ck_397c03aa33a57310,0.0867189430511689
ck_a7cf6c3b322f6b7a,0.009607979609663687
ck_c39a9e75760e3201,0.002264563065795777
ck_88ab6d245228c38e,0.0006380627537653017
ck_17733f75ebdea93e,0.002029485917833602
ck_58eb871e8d7bed52,0.04613899692373139
ck_e55b7fa67db1ec27,0.0020840907669361372
ck_62f5cfe22c952694,0.0030624104316216974
ck_7fbb709a0fe95759,0.0022545580558830333
ck_87abe9cd066a20fb,0.01934317093159981
ck_d58e058b5c553dd5,0.009846772142554045
ck_d27b872648b71202,0.008029801967936822
ck_4b4a3c5b95c55b43,0.001029493155742408
ck_66dd4f4b4127256d,0.0019094763789386563
ck_93cc12703b500613,0.0776510701936455
ck_d28806a2179092eb,0.9886808586724959
ck_0595c2a0c7881e05,0.003342849922331063
ck_50087d8666191144,0.46360361743580364
ck_b08b3f089138c901,0.006520035433538042
ck_fe3b67041dad2dd1,0.0016425562627341214
ck_8449a28f7d475d93,0.019873011859629478
ck_8642e3b6d84f49d3,0.006779906134537201
ck_e49b5e4f2f2e79db,0.4450813564005999
ck_437afe412ea4259c,0.025526743096682958
ck_569b83668d74042d,0.977364806233591
ck_233a487d31c3e631,0.9823660482572698
ck_1fca72e03143a645,0.93623142513266
ck_79205e31223df2ad,0.016679938513638488
ck_9625a64406ea16e3,0.0020265165317917867
ck_079bd18dacb704a8,0.09364525453703595
ck_4db6d4fd2b49aa81,0.013651006889447856
ck_0dbefdac0a1868fb,0.0018336579669148332
ck_24ff97ad90bdd69a,0.04554858201979334
ck_77f8c5042065d506,0.004075248445846643
ck_f11be8ce05382cec,0.004607003286414968
ck_c9d72140b0389216,0.004734717152266252
ck_69eda24e931fb36a,0.0021975086940635258
ck_ed471e496916ee15,0.0010856474022141141
ck_ff090498c4b17ac3,0.006774148816070444
ck_c3c19d6a0720915c,0.004555802430269156
ck_af02e1817cfa40b5,0.02625547300355215
ck_2df5a9fc87553eb1,0.006558475511643932
ck_4ac918e884cff336,0.013428793083209736
ck_ca149244b54ef3ad,0.0013130233693200845
ck_6babe5b8674ff51f,0.006059861235956
ck_1573878386886290,0.004828580603424821
ck_3925f8565abb7fe4,0.008486216244474315
ck_c4de808ae69c771f,0.002200305161857917
ck_a777c813551281fe,0.0019591237104402705
ck_df4424f6dd85080d,0.03342010607335959
ck_85e5494ec20383ae,0.00922753349660176
ck_f71a4094e889c3af,0.002894782061309941
ck_f2f3cf9cd23b2809,0.006449457709529152
ck_18e2076397bcc211,0.03492957432635918
ck_c9f9fddef39bc664,0.011178702420041025
ck_7e826e233d6ea028,0.011238993155047113
ck_62fd7eb46bee9210,0.008985365610922516
ck_206f8e3cd72768f3,0.03914128731169639
ck_aa295a11b0a6ab36,0.012213293647152314
ck_9a56739d81f84a53,0.001703720124490065
ck_aa075c418ed9fe5a,0.013912342900536296
ck_62b9fb3db284941b,0.005554922978286463
ck_f4f83b1403ebea46,0.022220536506090745
ck_16b66bd803288bc3,0.8436294358068255
ck_c4ca1434f3778f1d,0.9957616466227479
ck_1b823610371a29c0,0.005132795735517633
ck_c2bd5a722aa637d9,0.0018633469761510373
ck_7890208951df34f0,0.007548284789895747
ck_020eb0e454524ecd,0.0032060826622320503
ck_3b66196ccf436c35,0.004812270895938884
ck_109fc467ec0a4af5,0.03908345651998267
ck_f3dcd818db92de7b,0.008002992901582568
ck_31e7742f160980ef,0.015221273950985926
ck_77fce5f86f00b8f4,0.6299445722288733
ck_46bc797b4d07d607,0.0020092395816981574
ck_37899b1b571b1c6b,0.009775940987641665
ck_ef8a6af43fedd464,0.003665798333959699
ck_bcc8519fe8521038,0.037735859805925163
ck_90696b7182dd9129,0.011949240274677605
ck_4a24ad61d017e1ba,0.014244510090862545
ck_0acc3d8c67218b9d,0.009466309041089697
ck_05c97fc9de11aba6,0.3629122993985713
ck_f8ac3a0500c0ec62,0.008680341265807402
ck_617b65141f546a1c,0.00478159613132166
ck_9d00823bf60388d7,0.015260584313958334
ck_123c15d93f1840f2,0.0391748686114105
ck_573feefba6bf78bb,0.024805424349440504
ck_b25657bd16739036,0.004509693227390633
ck_bd26d2bef14a8597,0.003951275758143686
ck_a553418f2fba1440,0.016976826642173558
ck_89f3e380b0686963,0.004052777868360785
ck_b359192aa659bdce,0.02245777883572569
ck_02241f3dc301bebf,0.011997353641835943
ck_5ccc1a1c78cb33ee,0.020706815865655336
ck_349cc5edda1b8853,0.03307300982424574
ck_e9f228845bf6e28b,0.02299467926928984
ck_0a45d033d4e280ea,0.02766598365862503
ck_7e63168dda612235,0.0733774966237161
ck_676fa5f6aae5475b,0.005262498266158726
ck_74b502b20690ccfe,0.013619632515669314
ck_073509af21dd7f5f,0.8600811176567609
ck_498a0acd450944d8,0.0019875879921002594
ck_7f15b50b29dead01,0.008825351966754443
ck_8089fe7403c5f537,0.007476144187193496
ck_05b2b04e11d9ae9c,0.009751508988013895
ck_31e70f2f04b48b88,0.0015998843343930098
ck_994316fa5a02b319,0.001256058833308678
ck_b76510998b9a2260,0.0034786938852808926
ck_4db95c310e105d30,0.0012772491660475872
ck_6f730b77dc6cdb84,0.0014167101450874783
ck_2493ee8e7b91d304,0.015353164827617477
ck_92d679d6ac7dcdcb,0.09324014793480769
ck_3a0e0200cbb185cb,0.009993899844619994
ck_0b2eeb4e00ff7955,0.005428516587671477
ck_9843d0e61c37ebe8,0.9890598806034413
ck_e61c8721e3ef1921,0.0028803353244695714
ck_2e0eedaaf2980c2c,0.0024655274039426535
ck_9036b2e5e9298a34,0.0028704135081125378
ck_3265442528d51728,0.02917742811640641
ck_f2ddae2eb1cb29b4,0.005657364185703366
ck_6cfa71d27fc27f92,0.023470681920018194
ck_f3199fbe84a28b9a,0.016777319019047325
ck_b78d785ca3ef773a,0.011982932666645893
ck_374865697f1480eb,0.028183309800921735
ck_06d0e4a9189302a9,0.029682023435361887
ck_9c9884b9bcaa552e,0.10101263553103279
ck_fd4cf578e87703ff,0.01563217899507185
ck_1917ef3e6e345549,0.06272930218586957
ck_e70418b00cbbbac9,0.05200978266995167
ck_a60388296a47062c,0.021645916998464944
ck_d598fe8d2c779ab9,0.005189678919066451
ck_646dc03de4c31803,0.7961696445371232
ck_e4fd8cbd842b6993,0.0017078403508683359
ck_2225b555aa2a42ed,0.018623898642522656
ck_6be8ae9d78148882,0.00516666912490992
ck_4199342d3aca74e8,0.03187184833908645
ck_779581adb573261f,0.08099199488117799
ck_bb303568b6915205,0.12272908735070928
ck_17c4296276448afe,0.002938468792251645
ck_a60a61ac829252a0,0.008859787494818786
ck_6ea70950c1cae00b,0.9554999279609901
ck_1abb93f6924645e1,0.005465607789755746
ck_faab769cce19879a,0.024531782123944516
ck_d5b8e74e7ca6355a,0.012479616360689083
ck_f11f7691af16ad07,0.0011023905877979218
ck_188fdf2be7c92e9d,0.9912675845599723
ck_4a103f8254b366f7,0.01857807651663115
ck_bfa17a0b1760e616,0.0014302370026686505
ck_a4d7f6a5869d440a,0.9560777829798047
ck_58e20f5a3e7f11b8,0.47565700968657093
ck_4becdd3d2696c7ba,0.005352278855284842
ck_dad5cf32ab9f243f,0.006204642981263947
ck_7d9f73dc7c4f90c3,0.0572039383238096
ck_c19371047a2d011d,0.0011703505237312436
ck_247589ff532f7aa8,0.006296034787526494
ck_7a9f241d5f082567,0.0017135318768471638
ck_0a2b7078736b4dda,0.002344889059195216
ck_687b412e2aac7eb6,0.05034912737042224
ck_fce0b6855886a0b8,0.009495683590393617
ck_e291cc60920456d0,0.529530659148824
ck_04219a7ea798db51,0.031770499230515906
ck_286bfd719836e9f3,0.060536458984643916
ck_55efc92394fee232,0.027143876960443097
ck_e36c8da1bd359960,0.055202661327594174
ck_34b0988a97d96902,0.0054279366719410934
ck_e0fb11fc9dcb34e6,0.01016316488049429
ck_bcc9cbc9ed8b7c31,0.014382097217277328
ck_3df8da6f60a89a5b,0.008497319533046355
ck_b1495ee5c59a6b28,0.010123299592116091
ck_58f4c3ac61fda129,0.05468346208422599
ck_735f244b99e3aa8d,0.003996835817911409
ck_6b93bd8abf87b1d6,0.976041492783771
ck_12107dacc6d05bd1,0.0009005643289057609
ck_f96db2a1f3448d1f,0.013348342625403593
ck_8fd91a3c99e19097,0.5289517488369506
ck_910205d25388a0ae,0.001280688968388248
ck_d229dfa0e4442628,0.0015145534957753503
ck_7cdec61e1c488798,0.021823897949184635
ck_f66f06e24ff32671,0.00962171693278718
ck_350bf14e90b503f5,0.006130588398606772
ck_61fff5fdaadd394b,0.005257896185212161
ck_e934f984bad2ff91,0.8281492361435836
ck_ff6a6d3547dd2d37,0.016981681519416862
ck_65ad9b15979e3247,0.009173303797085915
ck_bbe1a2ea5a403ad8,0.9078123188471933
ck_6f3a28eecd2c4031,0.00615602469278814
ck_a89b66665714058f,0.009392658012705762
ck_918c92182b6817cd,0.01777789001818864
ck_64f5eb4be9e7b8fa,0.8554503017591921
ck_d021fd497ea35fb2,0.01797093994595819
ck_004de16f7d8a42ae,0.009870506747029198
ck_a33d2325f86ab12d,0.0016695890773029127
ck_89790ff26c844bc6,0.011276478402825554
ck_e6e7257377c37b28,0.034737984289403126
ck_a2cc3910a641a808,0.9198943947835975
ck_646e270e0195bf05,0.005770201854252135
ck_baba5d66def0d770,0.1416419580074894
ck_67cdcdda3033842d,0.01671751329895565
ck_b5c3075c811a2216,0.02195345076848589
ck_515379973a8044b8,0.001715189651690669
ck_c0ce85fb4109567d,0.05589639717648161
ck_fef850553862aaca,0.0015956908984060415
ck_55d7217b0aff9fa2,0.006406769360962228
ck_8e139f8925ef7968,0.00881062706291508
ck_9e35b908fca1e4d7,0.0035526151793397
ck_59735f4ab2ad3da5,0.01067940263922823
ck_dc569c1167ccec0d,0.9118719678024025
ck_1dade5592f90a15c,0.009453857221770723
ck_793048d11fb8b328,0.11062418723248268
ck_545b71eb4fa594b5,0.0013816562289528066
ck_bd30853e9a57b544,0.011003611964800089
ck_59f46321ecf6d306,0.007549306982508641
ck_260cfe9141d249f1,0.11889549863434316
ck_3365a0ad1a8aa83c,0.006990712078082531
ck_b0ef193195a2138b,0.004691013768326268
ck_0f909705e2e60f2f,0.009323034461999629
ck_5a540b75c866166a,0.02150038669338742
ck_87c26b2f41025109,0.9917261487620948
ck_27acc9f320cda104,0.027746784757550064
ck_a27bc31eecd9cb9a,0.00692623194280266
ck_115d86fabde77b65,0.00099807832832678
ck_eeca179341d56f8a,0.8206458471236016
ck_8e5999c436cf037e,0.000790501701139309
ck_510e7c5df1f95d90,0.9959255840845206
ck_f1acf73363925958,0.013152630865018677
ck_3c177f5970b68bd3,0.007200874595149903
ck_9cdfaa1c30cc9d32,0.0017046849323492641
ck_c8efa1538b37c359,0.00505350009311842
ck_a8a2e296f9804bd7,0.016341255435194595
ck_91a0ca45f429568d,0.015706671728027765
ck_5fdf8a0bdbd3ed62,0.008884899065088322
ck_0f4e2ec66d50da5f,0.002925152122561476
ck_28c53b214b2ee882,0.06829139792068448
ck_003148504557f720,0.05248780210839817
ck_01d840cffb870615,0.2894267469054149
ck_555848d51f4b5f35,0.012933895761394306
ck_df20cc23b8fb8e22,0.0104243267697963
ck_f9604adde929beff,0.0011431429299098663
ck_d66952b03591bdec,0.003172971325017785
ck_ddcac1ab765ff61a,0.0031496557475260826
ck_347386629d96c664,0.004950330759824015
ck_ab01db9117acfe3d,0.002965967458780242
ck_58e5359efc52e0ad,0.0015602145946189273
ck_1a524b5cc8da71b3,0.04032161460390874
ck_e9287b6d909d731f,0.005763799087030469
ck_bb41a66e3d90263b,0.18657430996475205
ck_e95c8cc1864bd584,0.00596682791054251
ck_7a3f2961e9a8b6dc,0.016851917869483167
ck_378a9df82b1e0bee,0.16485743757467458
ck_42633573639a3f02,0.9823795083831903
ck_2a5a4c18c2c7274b,0.011124062969757447
ck_77549c1a41f837c3,0.03683647964380234
ck_a26704b5b26258b7,0.009126825077811417
ck_9874ad160efddf50,0.015232729292577579
ck_9111e3a04b14dfba,0.020261753158725127
ck_651e076ee43aea85,0.010957449016101411
ck_391639c0f13932f3,0.0019055122530932899
ck_02dbabda93c8c13d,0.04417889051406711
ck_0adcb1fffcb0a34b,0.015579774818212846
ck_7a43ef9c7b1c67b5,0.0016735220621299923
ck_4b9dd69946438d0b,0.004107846030461123
ck_90bf017cdd37b66e,0.05037658076350869
ck_61c74163eb36556e,0.013273529508273454
ck_13376c59b5bd6943,0.0019424127654218992
ck_62337eccb1672737,0.004520801815063629
ck_16077934338472bf,0.0016562967599140662
ck_0d4dfd93086e7330,0.0019138207112005957
ck_3865b7525b910893,0.014592950204898623
ck_7e2ae8b69ebd5675,0.011004704647548182
ck_b4384b6c11766ce7,0.005267638651816836
ck_3d7fa32dfb9fc692,0.02216045824306801
ck_f4a6a7cadd6e0603,0.14158945077508286
ck_212525e2828a6c45,0.011330618979763122
ck_33ad8d53394ba77a,0.865034470899883
ck_a5051eafe8b51224,0.01243675006295252
ck_f65e5ff7da565f91,0.003487136592173399
ck_5c37f7563fa7591d,0.006943207163374801
ck_f1e0a006068aff29,0.014943835400208568
ck_c646cdead6fb79d0,0.0111534042163519
ck_f8b3cdffef535330,0.009218355214742848
ck_e5cdbe3aa12c97f6,0.004170003959473182
ck_986e4e61440506d0,0.7717901006596862
ck_6da9c5912e15d9a8,0.0027082907450959592
ck_51d842e6dae74c71,0.004760276183174241
ck_5fc65c24e0736d5d,0.9690838988557069
ck_babb95a76c69509d,0.02342164120605756
ck_86a2d852a9715432,0.022498453970902933
ck_db4083a0d043def8,0.3424975368261582
ck_96953b8945b7d403,0.019962201200352754
ck_7831ca5c31fb3859,0.024569486895931837
ck_60ac5e5f375daa38,0.0051947572865928895
ck_05d44eb1f5f085ce,0.0056191863249639516
ck_432cc19c7eeaa46e,0.012342002162263482
ck_7fc513033af061af,0.008559262937996238
ck_ada6ede84c111719,0.003539154411588377
ck_6343e0d3b1c2962b,0.010175886862773573
ck_010264ae04f2e902,0.01913108345995777
ck_e9dcf535f8c289eb,0.0477770964606349
ck_37143d9cc296e6fa,0.0059913062853216145
ck_61fa051192f3e810,0.02715000322588701
ck_f9f93d1d41be1468,0.7263797261432599
ck_c4f4f28457be8a74,0.0015013688458152157
ck_323a71f9452d21cb,0.9209319781702787
ck_170f4688e0acd875,0.06426198980678051
ck_869b1878d09d230d,0.20956812235659786
ck_2f6b33bf46976229,0.003254797526231813
ck_b11e22e75d9b99de,0.0008944863792093121
ck_123d75ffb75b606d,0.0020352113578714056
ck_94295287a04c85d2,0.6182816656322494
ck_1b0434f096795328,0.0043233579014850245
ck_0a4e191cd0a57ce1,0.0012762743746349376
ck_d2fbd0df99634676,0.008338147762658826
ck_d51df5e9fbbbcc94,0.0198513383664967
ck_2d3d7d64a6f443f8,0.016564963856838578
ck_731943c682c9394e,0.02280227376177725
ck_5ccc0c94e5e1f849,0.012534844136557758
ck_c3476080516db25d,0.015887521191281638
ck_5010ffb1c94187b5,0.0019786512834595173
ck_7ef666d67bc70223,0.011561682911019366
ck_c1b493527224a27a,0.0036184126220434078
ck_5d1e25d7acc5af9a,0.009479028327039769
ck_ec30b61cbf517db8,0.0014673874423727004
ck_79323eb5d2e5efae,0.008476106480146677
ck_4085cd3bf2661518,0.015523199178241595
ck_2ca91214c357c072,0.06858295524158588
ck_7f3132d6be389657,0.034072601232327034
ck_e7a6b925c8f39a85,0.012896416553230136
ck_c886adec7bac250a,0.018542706157117318
ck_c3f360c2d0ea0a37,0.004835214322136985
ck_a7acd5b015823793,0.006744237363506827
ck_9d64187c0800f84e,0.005942148293469704
ck_5d4ed73b9efd7d11,0.006837272269374056
ck_874eca6776b34dec,0.0020066497302451947
ck_96a9221a87be93c3,0.03190707920183321
ck_68dd79a51eabf5e6,0.00780419160119479
ck_8311cb6755b2016c,0.008523355392314053
ck_16fc77b2bcf5ec03,0.9891626028570617
ck_ad9e2088a33c8c72,0.0009058746172374623
ck_7176bbc97b1e42a1,0.0048838949534198255
ck_80dfa54b30f65fff,0.9201859782894155
ck_31c54d540b128843,0.002679203960416858
ck_43ea894480567274,0.0031651954347834965
ck_9c9e8a38bd5a6c88,0.015438035762804028
ck_1c2dcae19539e148,0.025191042516419716
ck_b0fa8b84e94d8ae0,0.013389885165690068
ck_4ceb43ccd0a81c2f,0.011269080988981198
ck_ba845332b730b596,0.0026019114195032756
ck_73d3e8c6077f61e6,0.02452196518671899
ck_b5d0d223ef56473f,0.009606404105183658
ck_949f08f8e80e93ea,0.0014303226160211917
ck_73de0b49709e5f8c,0.01069742676438374
ck_b5935e9722a39819,0.07507466933977136
ck_96247fee0eb44420,0.00964312252032785
ck_a6def1e4b2d57e0d,0.04663795310556311
ck_aecdc5a96321a2d8,0.01335998934964488
ck_bc61c59970f8de49,0.009123887393056546
ck_c43b4175fc9ac5bd,0.867296204632621
ck_8ff7a9b23a55fd62,0.009291996958553022
ck_20c99b645f462449,0.006582751081015842
ck_a5ce2ae36fb410d9,0.0012950753207127282
ck_96fb9bf556842bbc,0.01711271675139099
ck_b5e4c6dbbed1b773,0.009280763725921216
ck_2085433978e72ea9,0.03423744604004788
ck_2c6b174b063ec637,0.008010481302253248
ck_b20b81b88dabe28d,0.0014678262169665233
ck_243c18dbf150831c,0.0023208111036728254
ck_2bb6a17e8eee35cc,0.021619091094601868
ck_66147fb994495396,0.033598332310097574
ck_73f124f075ede0fc,0.00690899880292057
ck_2e315f1b1e533dab,0.002029418314770301
ck_16c7bf94ed3e7a6f,0.0012305699016749879
ck_4a0eae220a762ac5,0.03363344580058588
ck_dc16f939c2f44ad8,0.06581345805086546
ck_817926b449754917,0.00519172981234386
ck_0c0dde42ab64ef87,0.015928526161385705
ck_cb3a40594da6a2ee,0.04070613872802918
ck_d0dc156441fcfdcb,0.013504260081266931
ck_66f0945add423e9e,0.007793209377202885
ck_a74f6a3030f5d495,0.015299656558995161
ck_1ae460f331e49ae2,0.016692498805824758
ck_2d177b2f4f0b40c9,0.13575929796814074
ck_92e474e4368c4791,0.07708181898354885
ck_3dee83fa2d109484,0.001095586478748707
ck_80e5ea27848069fe,0.00415219756535588
ck_ed0c4a83701ca230,0.012605496814990671
ck_0b8b7c5c581fd161,0.0010519124916423036
ck_60bf8a2870956fb1,0.008560294300542783
ck_73a54b56a2bf35fe,0.7725402011557068
ck_2296d7a563424883,0.0022084794965449143
ck_bc19c383560c7477,0.010974102848503494
ck_861d8e3d88f1079e,0.06999687536010696
ck_3f090fc96c24eb28,0.00361086009720264
ck_9a6a1f8102febfca,0.015509114471070461
ck_541b6ad5d2fa5a39,0.008251153010053639
ck_a760d38d1bc4de97,0.001867435447200496
ck_7dca4d7ee10b4eeb,0.0029104452106674733
ck_15220e78d1545e40,0.029430439347731152
ck_ca24bb0de508efb0,0.0027865058378276387
ck_56b389627d8f02c5,0.9879498849977983
ck_48a6754977a44db0,0.004310550014086903
ck_333a43ec339a04cb,0.04030081808002134
ck_f22aacaf86a65d7e,0.035716975220066546
ck_04bd8a1ffaf3ffd8,0.0021062124001537783
ck_2737a72de6b700f3,0.07182288692801107
ck_c35e03b0dd0c3454,0.0037371897044776404
ck_e0571312f395cd94,0.006050523692172539
ck_09fab6b9825001b2,0.0030771369883259804
ck_18c3a095606209e8,0.007665963098975584
ck_2a97db9377d01e36,0.004398678495452076
ck_f29dbbfdd2786bd1,0.02253008162052999
ck_35d6c510ad29362e,0.8418859692413309
ck_5468fa99c945d785,0.010014204280293409
ck_6f8102f62c876cc9,0.01923316284365924
ck_91955aab3424ad16,0.0021949379119082365
ck_9a43c0c73a39d759,0.0637438093595991
ck_60b023af6d1e30bf,0.6994248357513766
ck_9704c5cf8659cedc,0.00906951903802293
ck_7e5f02b51b9f78bf,0.07322691126985917
ck_7d3a88d1aa649708,0.4432004938085156
ck_8250eddc1ecb07a0,0.09326505684055389
ck_d979ef95ee44023d,0.021616035061555017
ck_5e5461dac83531ac,0.01283491625242153
ck_d1bb8890081e0a31,0.02452397288896662
ck_32246c62640648d9,0.002123514160159308
ck_77a40c7d2f862a32,0.028875422000786855
ck_1c8b94efe9238f5b,0.002036948202862162
ck_eaf3b6d11bc3cb11,0.00237408218806597
ck_a4a7ef3ad799c380,0.006303043444001387
ck_d5bd8f68da073cd8,0.006270520782170955
ck_6e6258227fc8db7f,0.001502071570191087
ck_c35d444e05799db6,0.02258508902033937
ck_74665e1209140ae8,0.009189718528781135
ck_353a272478f7e903,0.003814702966492621
ck_a2c9796ea229a4e2,0.00603208173257227
ck_e0171f91cb3411fe,0.00789808320324584
ck_703499f5410280f7,0.0016137146153161412
ck_ae3a763997f8f385,0.08953528327994524
ck_f7ff94c3df5ac874,0.013246207898447404
ck_f3c16d8f747db046,0.01973983966759525
ck_7ef019ed77276496,0.003221340679921851
ck_d6a4faadab58a3de,0.005904614340674267
ck_ba7b78d31d74c794,0.008990796238145958
ck_36287d063350ce9d,0.004892044426449589
ck_5177fc7137ff26ce,0.0021167799649724718
ck_dfd4e79aaa967b63,0.009701829619842704
ck_fb44d15fb93a7157,0.016113192361062935
ck_fca478361870a4ca,0.006196973332709606
ck_e57b94fe57341058,0.021114692378273816
ck_5448c946cc4758fe,0.008393169846952564
ck_c5ece5ffb8800ad4,0.005873412903701282
ck_11cb98211b2ed134,0.9090612154757689
ck_f655399ac75c4450,0.006218308140946085
ck_c817259019588d30,0.006400451610885235
ck_8740a14d8096c6e1,0.0048462604388873134
ck_0c5ba86f4e05b38d,0.014546133379762414
ck_ccc917533d4b73d4,0.008622022259451594
ck_9eb80edfa43203de,0.004001195071433476
ck_d1a1cf4cf61d6801,0.012490195775845212
ck_b17c239f160e6017,0.003825074558494482
ck_410c3e13b48e0415,0.002579886997704281
ck_ab553954435e8854,0.9014011172918698
ck_bdbb4230c91e1604,0.012166696585035202
ck_8fd4937eadd64fb6,0.0016675504071194482
ck_e0e90b196bef3c11,0.0026483836667545633
ck_3dc4d464386f0eb2,0.04563265405856328
ck_51bbbf8f8e8ad005,0.9924196500269197
ck_c05737ab74cf03c6,0.41109010525167644
ck_dceabbe04d99afc2,0.0011823184533644288
ck_5b86fd14e85bc9c7,0.9241085352337246
ck_d4febf0083800424,0.049214612719156794
ck_77d9f86dcf251739,0.009619890218406153
ck_b4dcebc543deaafb,0.03909235096873426
ck_cb856e75c949b0cc,0.0008558573902981388
ck_61b067de8ffc1ca1,0.011091615714165459
ck_c0e8560ccfd9dd9d,0.002776570732618074
ck_173e1198c341087b,0.00404172531251275
ck_b4d55bc809000276,0.02270859291734812
ck_839bf139296b5cea,0.398957814324829
ck_78cd402a2a4f2e35,0.002074676772784615
ck_c2925c50ebacbdba,0.004259161675938905
ck_5e3bc76eddbdb0a6,0.0033120988831639026
ck_b7793edca26fc512,0.0064452220636996
ck_d79bdf04d6f31cd5,0.002312015029411342
ck_4b97d19ed946f503,0.004303808561378316
ck_37139b41c5370523,0.20036950834836653
ck_8c346eeefa9ce692,0.011845756249973118
ck_2ab7eddee2d8c49e,0.0035080796502607965
ck_29da59ea3bffb9d8,0.04176992886783
ck_c1d05ef0ec6e4be7,0.004865980893286212
ck_3882423b449f6291,0.9484398518320475
ck_5647030283171ed5,0.6490377024968513
ck_efbdcd9c181e72ca,0.007668678739990243
ck_192fdad892782daf,0.04714316117854437
ck_0bf2e13b9f2601ac,0.03476149714197842
ck_3d6046a533057795,0.00968565047583089
ck_279a1d3a3836e5cc,0.009114664729234442
ck_c375e929becde422,0.004728016002888052
ck_a59e90219939a1f0,0.0029777606344963846
ck_4e9fba1ec54c3ff8,0.00781411079450961
ck_bcbd8588a13f5eef,0.0006682862703425868
ck_5f9a7ff990341bdd,0.0027069941161826506
ck_e0403d507519b7d2,0.005670499793102914
ck_c9490cb61aff5112,0.0407437399293615
ck_41dd44308e6a665a,0.1329202456605829
ck_76c23726cd7ca947,0.02219529036763395
ck_9be551300209fa83,0.8048144567376723
ck_a98848eec6c9581e,0.011641684528459517
ck_61176dafb33b2d8a,0.9430281328161809
ck_92de019e05971ce3,0.003554157083941976
ck_5d644224135d7c65,0.014614456231302753
ck_c767fc454fa215d0,0.008913244315707277
ck_5df85a8924e11f27,0.026211993298571858
ck_da2729307af06ed5,0.02279256796177684
ck_7c6b577174af7a78,0.004689912120260778
ck_893b8afbe11301e1,0.005559356471550364
ck_e06f6fed020ae014,0.004734684915891788
ck_386680372fb54857,0.0020503513280603855
ck_7a7f3c4fe0c9d2ca,0.002685246965366866
ck_f908b527c4db422d,0.01871823145945909
ck_ec2eee6a133e9a6f,0.044338159186718046
ck_d98934f9fe0b02b3,0.0010283436740549754
ck_398a1ed77b0130e5,0.007711073937460761
ck_d960af7a55b892b1,0.006004827861054576
ck_4637e54a9f79e2e7,0.0017500676958229825
ck_02b9f418524f6650,0.018845868606889492
ck_d4b23804cebb045d,0.007530915808018556
ck_35b1939c48182a9a,0.024471676782876362
ck_2dcbb71e39d64305,0.02028147350529573
ck_47a884dec960ff2d,0.008276108195800469
ck_71fd8c346fde5cca,0.023303614734261367
ck_98e1992ac8e7d2de,0.06033424497821913
ck_ae7780327e210522,0.017895499655519266
ck_e6c584b4b1ad6d9d,0.006881017118101215
ck_344b2e326a6c3dcc,0.001606442560224157
ck_9aa899a5230b0963,0.015772291748111327
ck_e48d14d5b70ef5aa,0.014160091796143474
ck_59d380a0973b3951,0.00893743865118413
ck_11318f7c041a5ba9,0.0034138423313416857
ck_7061786fe2f22f5a,0.021577297426795
ck_e77529651c416cf7,0.020828498664105636
ck_7f79878197340435,0.0031523182085900167
ck_b0a0fb0ee9ebf106,0.00435630441464706
ck_70c7679199776a90,0.009191656207492651
ck_b9facd2210daca5c,0.060706795145642055
ck_9949f53c155b8dde,0.011892325050668423
ck_1c607e24f2c4397a,0.044974014351003934
ck_aefd1ce3ce093cbd,0.007933782779693784
ck_5a29b7018e43280c,0.0008648549802630643
ck_69eb0b2ccfbe5f95,0.019919309571993688
ck_fe037765aa465c58,0.004033457767232233
ck_5e512ef5362a3dd6,0.002455002536590519
ck_544a9e80b7fdc279,0.002894050926561699
ck_7825494e654d5695,0.0086613941582965
ck_f1f2c3c623553f0d,0.004982005601804002
ck_52730906e5b461eb,0.8877398519260252
ck_01e0689157fe9617,0.8290846509999297
ck_9da82e567074da9d,0.009295130569499176
ck_6a17384072f904c0,0.016634020337366044
ck_8d84d771a21942a7,0.0013585475862942097
ck_39638880292782a7,0.011887958703314284
ck_7d51c86e0eec72ac,0.010460004138853613
ck_45f4c821c70d134f,0.23856333177426703
ck_0af3c13ba56ce57c,0.0008173462072823547
ck_0789a05e061b2784,0.15204106967980147
ck_6ba091eb42ffa9fb,0.03599548566446434
ck_265accb3c5c32620,0.016746561880376078
ck_179039559ff7566c,0.006903880694776404
ck_17c0a6a92b5765cf,0.007997543800849388
ck_59371c9140239fd7,0.007234580165912202
ck_f9c4f8b4ce2691f0,0.010104023006529165
ck_a2637e4872cf4811,0.18362090671806192
ck_1de43fd6c6c22a5f,0.0688183646200553
ck_6e4f31bd108571f0,0.001168173170796843
ck_da06d97db0b18851,0.0015862099672562069
ck_e0346d5081e640e8,0.031810455644566096
ck_c1c7d4e62c9fcded,0.006262888622427782
ck_2595669e421299f6,0.020757790876925607
ck_3b6057d51fd4c7d6,0.004776321405938599
ck_c5f8ab515840a0fe,0.008569102149106556
ck_435cb24538c6f77c,0.04936408806923572
ck_d84b5403da4cea7b,0.030103496021878968
ck_c2b61a98d1c8f6dd,0.7410195817163071
ck_c9dcd92b2f836b61,0.03812385318857546
ck_9eb5b3f5f672c2b1,0.001267702396937627
ck_e4cf189a8d31649a,0.0031581170096281856
ck_6b114f2a48152b96,0.001750104645463853
ck_3fb95862b70f505c,0.043779721372878014
ck_7f780f465c29398e,0.005249340672831927
ck_ee387f9da79e67ea,0.015368026768924296
ck_fa3b1e85d27af2ee,0.03141162994059985
ck_e739eaaa7a1822f2,0.05767559096883845
ck_dfa0ac11fcb1dabd,0.004501300526732483
ck_6e8751b571ea54d1,0.00825064241481841
ck_2d695f8358383092,0.011583521179723529
ck_e7dce27edb700f27,0.004723247261209722
ck_e322da8b213eab52,0.003186302386804285
ck_d0b32e039abb8200,0.15127635787884203
ck_b354003302b272ca,0.0055147558384392534
ck_f7485cba392bc294,0.767718351776059
ck_d6a290ff8362c7b9,0.05187054003190579
ck_c56a44fe315c0389,0.004940337299743697
ck_f77dfe6512eae322,0.01600115115499063
ck_35fe969c58b9e70b,0.09416253103300257
ck_4c518637db2322d5,0.6204638159372605
ck_cb61902798ecc4fd,0.024260321265220663
ck_56e6cfa32156a916,0.004324351873580236
ck_343e6ed2b9d35c01,0.007126905625760624
ck_51440f64f7250ad7,0.031452494875507615
ck_295bca29c34cfe2e,0.03691236758993384
ck_dd30558576b45e7b,0.012569433642652342
ck_3a30132a57181fe3,0.026152436643479004
ck_4a733aeb833406f4,0.006153558543081308
ck_1b0b7c3d35ab1259,0.012485358459906854
ck_962c3bbf27cd4b80,0.01239579442399152
ck_9528e1d6b1707870,0.014486659226383541
ck_b3263e7f31aab45f,0.023507944265929778
ck_e69195a3c885053d,0.0025800765436140407
ck_a907fa8795cd4baf,0.005114666827795275
ck_205c3405045bd835,0.004955139205827167
ck_e81fc223bed3c46a,0.03177665749245316
ck_363751deae40edfb,0.12797213712627262
ck_6176baea8cbebbb6,0.007889798251451998
ck_633e6579f5c74a5c,0.9636033248978408
ck_ddc11fc481eef58d,0.02103351422636595
ck_e975002c979e12c7,0.05258055009412248
ck_8e039b23acaaac00,0.03391883911840729
ck_1d6990d94a4d2ad6,0.0030473413124389634
ck_e7b583acaa3171a2,0.042787423623263834
ck_c0133f60d39b2fb5,0.014074697783199253
ck_7d6bff85e7a694bc,0.0015898696647472347
ck_d305b4d82f63f647,0.0013528963315365655
ck_22bd0fc71f95e048,0.019555339583176796
ck_9a65fcfc7916f93f,0.0022191676250508654
ck_d61c837b0106085a,0.027334769574951474
ck_be86a1db08dea456,0.009141497800893447
ck_90489c405e6886d8,0.0014204808872348516
ck_0add2c321d579d75,0.016553222193764785
ck_482dea6eed92cbbc,0.0038166836208864455
ck_c24b47184534cc2c,0.9592712330019131
ck_fa04ac31e596e7d6,0.002453513083958583
ck_084322dc5a3a86f0,0.006148970779567581
ck_ccb72a33cc1877b7,0.011999381899418593
ck_afaf374009d3b248,0.010181760674142233
ck_b53084ffede19a8e,0.0013961805824001374
ck_4760216154c8cac2,0.6149540290614162
ck_37ad3a65db673e70,0.001308019375278124
ck_0c2932cc0d553694,0.005081956962210516
ck_86b853c52f20fef5,0.005818164628037993
ck_38703b7546d35a80,0.01856257799392406
ck_218b7e6e6dbd2da0,0.0014087114584900758
ck_402db4184982fdf5,0.009452960312475653
ck_f917c82af80e4a79,0.03265068383388796
ck_3c6417a233c68c73,0.005704600838900277
ck_98068c397d70dd3a,0.005626300212255718
ck_b1cbd6679c0f8d95,0.009258635302754586
ck_9e962f9bb0e7bac2,0.008729624297921781
ck_b08247c3ad567d92,0.9372577153341647
ck_3ef7a03ebb81cfe3,0.0009513010622775053
ck_5d7ae0e3562e99bf,0.031670556350021944
ck_c91a628236baf91b,0.02208048776695175
ck_7f8e816ca51755e3,0.9815504319862308
ck_5aadd286d188f5c3,0.0060207930932501055
ck_a037aff5f8128c73,0.004294878191361665
ck_5df6529ce8290906,0.011962214261134122
ck_5f3609511443e5a8,0.00152924370592925
ck_a6f61864fac3c8fb,0.0042578553860472415
ck_2733fc6ba23ae46e,0.016701945420807558
ck_22bfb9246646eb41,0.6430049513480094
ck_bfc2a57d8fd1610c,0.6050949015634446
ck_49839e761d0e74e9,0.004322930872717056
ck_aa4ba931dd37481d,0.0008710466836514216
ck_2f9fa0d61829f815,0.01994155397878012
ck_5b82c774df10d49b,0.0008971651445308655
ck_411219470d0a195c,0.00961091273995027
ck_d07485ba10514a2d,0.19626607324367312
ck_219bef979ee21bdf,0.0013299583624837704
ck_eb1006e7285184a6,0.018630056551683927
ck_fd242b18575e3063,0.011766810667873866
ck_95188150ff059c70,0.032437746781483215
ck_a9ca2f447b984a6a,0.010751662653507552
ck_2dd39723c4088b64,0.0017681756200249976
ck_aa2b4c662ff213b6,0.015491840707413104
ck_1867b1199c864db5,0.034260451175012065
ck_850ec97a5a0dab9a,0.0152736326788559
ck_562320295fa35875,0.0008486677781631622
ck_bab5759b07fe2bea,0.0034761811917501982
ck_b9f1465d803e57b2,0.06398835522016652
ck_8f21f2690c32c691,0.02926820301550844
ck_df87d6f61a63eb21,0.005283169258261502
ck_770475876d0e7e6a,0.003347770532243214
ck_b4c014d5c0cc9eb2,0.002693225373951779
ck_3add4d23124c9290,0.0031947426090032224
ck_bce5b7fecfb6264d,0.05027915643536157
ck_604c17cb97dc89be,0.021913327383120646
ck_e52cbcd9aafd26b2,0.004426943661992097
ck_0ac9114076f5bf3d,0.009345266327129878
ck_dcc125b178b79566,0.0008891341964023722
ck_4e333c09f0c37dee,0.022099022083139963
ck_ff7e31ff8ba731e5,0.006145041038885905
ck_8d0532d24f1070d1,0.0007767674936249617
ck_3689fa41748a6f6b,0.04139999571188543
ck_7509eb97c1948b16,0.006718218674930941
ck_a9161cf1ca22a6bf,0.00924169332702891
ck_bed3e3db135b782e,0.03233153258107468
ck_9040edd974ef8e3f,0.8956995666916713
ck_fac32d76ed40f683,0.005346618538667712
ck_3d7b1078e2d57c69,0.0017432848169048672
ck_dae09c4e074af5dd,0.010164998522329986
ck_fd84507228467b40,0.0690697492588355
ck_e2a2ce9b8cf44c63,0.01068393029499129
ck_cbe716f351d660d4,0.005996512927022369
ck_cba4162ef29a6d27,0.012441329247044866
ck_4f1e962ff8a29732,0.002800392415207861
ck_39a81899dded61e4,0.007536537518448641
ck_25382331551d22a5,0.047607320870833414
ck_6d64e1c07b19856e,0.0027922618769814873
ck_165a868bdef28ad3,0.021859087822228784
ck_88774ae52e30e877,0.01774302687339268
ck_fc7a9d0643570053,0.005163368774036359
ck_c2017120b3b88a46,0.0026732251237633594
ck_d115ac6b9fd62a7e,0.0010774745455691566
ck_439cf7d51ec7de0f,0.008325388373116171
ck_2468a7e9e68a0927,0.004923701639514821
ck_7c418947124dee8f,0.04049039418827932
ck_fb0cf32c4a56f740,0.01267109511893685
ck_694eb6c43193afd4,0.008243226490920868
ck_993beb188dd4abb6,0.010348976630160867
ck_77fa39d3b733c226,0.44667865982869925
ck_49969a9abc47cb69,0.00871711081126051
ck_d3f44bbe2f7e9b2d,0.009229523888545556
ck_fcf5b8216d0c18ef,0.0014388564338692963
ck_daefe1e2d2bc362d,0.005388193072439299
ck_9c9287cb28950eb6,0.007708079044005474
ck_c1d1a625b885a975,0.03341112082632681
ck_71b37fe47490b4ba,0.005487356328701933
ck_5d16e257c0635f7e,0.832917338909567
ck_15918075563eb074,0.0031935525755199985
ck_9a15fdefc47e8d11,0.005484504393866174
ck_6f04d047d1dde75e,0.0011159809742673943
ck_1af2c0b3b8d202c1,0.005841405631491484
ck_174be2231c5fd2b6,0.0013822344648332058
ck_bb0713a2a1d65982,0.007281606402127737
ck_0daec63bd5b0729d,0.04708696585715496
ck_c0b5cc3e8ad2ff44,0.00696024383194203
ck_35bee1fc12664644,0.5377650297529138
ck_a1c7cf63467df4c2,0.00281334766162535
ck_ecb1e15f0b185ceb,0.02184046820676645
ck_f280d31f54a4710a,0.018925499368631186
ck_30f4b2ee8abe1342,0.02573637583527321
ck_66bed631354de5b7,0.007458434760355336
ck_c2d3ecd7278eba2c,0.002344805443124836
ck_e901dec0e09eccbb,0.0018966045747522
ck_5d038ecb3c8748a3,0.007554883604836207
ck_283c5bea94b21e80,0.007540416438039587
ck_7956c251b85f009e,0.6901309514703886
ck_9f5f81d771146aa1,0.004271228360597111
ck_9323e6fc1e168eda,0.912578754974055
ck_10495d3a635b8d69,0.06688326360086351
ck_1982d571cd36eb0c,0.00694448586996192
ck_4f5d7985bcc2eda4,0.001571335101561843
ck_7df526b2b4410bb4,0.042755881465513956
ck_dbb498b1a346a402,0.00163629371640858
ck_ef059997563e3330,0.010391715050668406
ck_02ec4e06709e6b82,0.0038369936461210225
ck_9782c86ba6485f88,0.0023131408063987954
ck_d69de468b44143ca,0.0039609165703131475
ck_6430a8792f400e0a,0.0017808505209333386
ck_8285bd3c90af94f6,0.007842150175652245
ck_985c9ca112000e9a,0.01225808599055872
ck_e679fbf4f4f4aa07,0.004010850348641387
ck_016e8c8eaf9d511b,0.00983341866052347
ck_bc996c523944644b,0.015045758744999443
ck_5b8315726f6204e0,0.01302410503484878
ck_78181f8e998e442f,0.0008940233440256501
ck_71c68dfd011dbbbe,0.9087798214441761
ck_db32c95ce2b6f502,0.9701310130046734
ck_755010362a9b1bc4,0.006310343543512434
ck_114141d85256c9ff,0.0010728758640900682
ck_9d1a5cf5a3b87e48,0.005935911745807732
ck_ab640420858ab5c4,0.04484358989604695
ck_97a8dac48dd62488,0.0997784831445807
ck_879cc3166fe1bada,0.004722979126079776
ck_b0ed11080076e381,0.006980450512031201
ck_7334a9ec656263b2,0.0032060597647819676
ck_6494f0ef13ce44d9,0.01079426669996017
ck_724e459b9ece38f4,0.03290310147250293
ck_7fd8b1470401695f,0.3436372183342395
ck_292f81186358b0fa,0.02144386966417124
ck_fa7de64d37287615,0.02594700721560762
ck_d00e09e66ed6458b,0.06745416628387092
ck_b8d210e741be186e,0.004468282984083115
ck_3db59982cbae4410,0.04045478181784366
ck_69887d0a9aaca6df,0.0016975076504144218
ck_4feb21e2fb0b3977,0.005804598152682745
ck_08c6cc1e143475e3,0.005296993614581659
ck_fe6e168cdbb46b9a,0.050130249335669265
ck_07f1734be7fac56a,0.03254744265551913
ck_d66d59981307db93,0.015574117443516888
ck_f928dba0d587d7c1,0.0029119184641543637
ck_786448fe3004cbd0,0.0021466630373113346
ck_29ea329fa40ace62,0.015470048177929291
ck_7ea52b6f27edcb73,0.0245472362096189
ck_18bc51bbf3ef198e,0.02808426759796103
ck_44950df09ff14ded,0.0011305809274830105
ck_c1466b52c0a10b93,0.01269673995703521
ck_6cdac067cc4db5c5,0.03636991024222223
ck_53f55c6e8cf2d432,0.002642098426622201
ck_95945f48453ca532,0.023914494610328546
ck_87cce4126e215153,0.012707063863271658
ck_1ecd5516c92caa4f,0.0012860654536530835
ck_819b482bca14c068,0.8365017570282219
ck_a61a879dd46fc9f2,0.028023358498918495
ck_af70aa32c009c3c9,0.007205015787594934
ck_f4fe78e249092ab1,0.020699825326379217
ck_12c46bc52bf45b36,0.00863077700288626
ck_f05f5e4b40afa52f,0.023245217980463348
ck_0f8cb09d3f4fc980,0.06493005690585761
ck_80a64a7f0275a71d,0.007759039211521381
ck_683af7b1540a0b22,0.012093975495490517
ck_51fe0b613c076cbe,0.0033002132955820703
ck_da1a2450219dcf19,0.00930286868614795
ck_2a7eba01ceba6c2c,0.05039226884807033
ck_4e329e29dfa743ea,0.24318533810763263
ck_0274d881d6db82c8,0.007629862011440318
ck_0af5b7d128035b35,0.008300991124112587
ck_ae0a7be6b0a0ea68,0.006478227800857006
ck_de5bb7a4d091386d,0.22023801907154286
ck_2bb7c17168a9d17d,0.004968603462745559
ck_0ffdff7b2f5fdfe4,0.004337813772546698
ck_718a8390b3d42d7d,0.021606507337636215
ck_7c4f12d70f184533,0.00239130597008511
ck_d3e2c26b8adff099,0.006187350809760726
ck_ac9d3d9754104cf0,0.0015763767821138125
ck_3b1766a1d51f8f0e,0.8539217888964215
ck_a9bf75bea912027b,0.01640395472388378
ck_687eab3ffe1f8cfa,0.019233681520006905
ck_25dd0b02af5b2f37,0.04093312802139115
ck_1747fcc466f0ae38,0.0009216084336261473
ck_f6e9d14dfb6f3c28,0.04837963167553207
ck_c6a7bbd0adc4d5f3,0.02024067584734966
ck_46656a23f4456d22,0.7837771223041632
ck_7519260415c2998e,0.033532411715279674
ck_754f30ea19df857c,0.029619441911500222
ck_ba88a244d5f7380f,0.02084368249036068
ck_f268416945316815,0.013965618028991733
ck_21860dd2159dff28,0.002781156483032942
ck_7a86ef4e2beaec38,0.0015758446454205738
ck_0414507baeea936a,0.021608961859075754
ck_60796eb60fc3043e,0.001692175897093132
ck_1e0841ed17fe0562,0.004598283340048022
ck_0d641d32658d6e0f,0.0019833118572369
ck_b36086ae6d87eec1,0.004681377927669213
ck_962e65ab33b5c311,0.9154730581020537
ck_b046a42684468e63,0.008718258732934017
ck_ab3426435b0017d6,0.012669093257553323
ck_fcfe06e44d09a344,0.027444373770163472
ck_0f6d916c92189516,0.012807051376840291
ck_d4c8f0d957c3965d,0.014849651792851009
ck_2ca83dbd728af019,0.0029125422522349757
ck_2857a4ce9f72fbfa,0.004600797260061955
ck_a60e6edc48e3d0ac,0.17560515613654898
ck_0cbd3b27063d4415,0.028243647052148647
ck_612089ec90c37219,0.008963060486391998
ck_ec4e597f17f473c6,0.0035320033603478767
ck_1c93cc58f314bf71,0.019208204611903028
ck_2b359a979520276e,0.002501975971554761
ck_1496568ddc3b2d56,0.34086676229288165
ck_41d91dc9f5063566,0.03077987277249151
ck_4c5ff58afe3d7a67,0.0025523185405272424
ck_81709736281fa3eb,0.0022724817885010264
ck_d89abbab3d4957aa,0.0034326978719991055
ck_52453401f88935da,0.00985318593703339
ck_a477654d34783e06,0.0033471414692526637
ck_72dd0dbdf808cb00,0.005700051135674641
ck_c183dff3781746cb,0.03248816499155725
ck_c8b7f241810b45e5,0.0011503116090923345
ck_f88028c3f306bc70,0.012880061327657902
ck_91d48d69e4f5d9c2,0.010568074855098478
ck_b74b9ba6d7c9aab7,0.14971792662724787
ck_03e904682dc73bba,0.004559313978095926
ck_fc6fed6ea96a004a,0.01212276340606724
ck_51efdd240e34c642,0.014401525455979192
ck_e78ab4ff52b5fd2d,0.005362256517628122
ck_4af7b97c24d89a45,0.0167578823691382
ck_295c0072eca7f7a2,0.0031919541170200233
ck_8abd1a50a9227463,0.01274060037539181
ck_ecaa6f13304e3dc5,0.0011910401690989195
ck_de436e7b319be1fa,0.9877683842385553
ck_c802cf8f61466027,0.0021787942612147065
ck_3d83e0a3c1cfbf8b,0.0037691209638117777
ck_28d2003c2d16e4b6,0.0009439808409355054
ck_8ddaf745bbb9cd62,0.0012526669122149329
ck_493b6256091014cd,0.8283019948272375
ck_a2245822cfea997d,0.0030123066679818523
ck_f7305b3c64cf8a03,0.04072219206966033
ck_9937dad93a0ed3c1,0.0017877158320485898
ck_d654449f9231ad76,0.006059962794950187
ck_850e2b59bc535490,0.01544643881247385
ck_e55e5bdfc0242aef,0.06518828897066058
ck_d35c51e981b98c5c,0.009036943729661805
ck_27cdf9c5e6f0915b,0.013650540104746959
ck_d328db1e1052d820,0.008767156731892638
ck_0ea30eff5f361cba,0.0038168761700817246
ck_9994323f97109f4b,0.9883668693170558
ck_09054e97bdf9624e,0.0007405059225992934
ck_723b4afc388113c8,0.0022201227531566297
ck_588f6e6a6a6d93e8,0.011223958403225381
ck_e1d563fab4d6116a,0.013290896797488789
ck_53aca610e20598bc,0.005667508277827232
ck_c8131ddc7ed33448,0.0036980468370140943
ck_899f88464305824a,0.023994398014320628
ck_1c17c65804f8889e,0.005774885346486898
ck_45a16ce12893cf9b,0.006476321494012223
ck_f9d481aa4f9b2808,0.22643424200367807
ck_1d5d74169cf892ef,0.027268211056374364
ck_aba32acb61c1aaca,0.03102254515770201
ck_ec4dd3675a8d28cc,0.012366510398547243
ck_5dcd443fe0bbdeac,0.0031917805371974735
ck_3a47e3f54475e854,0.002292319195303968
ck_a9aa5c344c315532,0.015871686247661755
ck_9652283c9f61fcec,0.003064723746395852
ck_752dd3d2487f78ea,0.005951374453739951
ck_a821980ac4db9943,0.12983455590304174
ck_93e0d6befb67f7a1,0.017295160268976734
ck_e7a3881c3e36bd51,0.47358322103487127
ck_12631b78f8a03df2,0.0017678201764368135
ck_57b8226610b48854,0.005223501435358484
ck_352657008983fd4b,0.21106653370288103
ck_0841a5c24fd3dd28,0.015773320029716587
ck_db9b9d5d30f74070,0.2615244801736875
ck_a9dded7f6294e44f,0.02337888602841091
ck_91a16336ce3217dc,0.04911907490053856
ck_371bd9388b287677,0.0012255568729435454
ck_f285e5e1912a7c62,0.0027209746969955304
ck_368b65fca69fc415,0.03722250584633359
ck_d27a73596b6500c2,0.010228880312201125
ck_2d963f9b2c4d11e1,0.04035083045907534
ck_7c500e219af39486,0.0029445428043418233
ck_7d025dea5951cba7,0.0033118602606373067
ck_32f632706608859e,0.006926761924794416
ck_53816231f3ffb48d,0.004109098552540881
ck_9dbe184e81c1ca8d,0.050496625062259715
ck_d74123617f22a21e,0.002219645113588916
ck_275386782b1606f8,0.0035499096795716016
ck_0b0e79d33e50cba5,0.0018269800569938714
ck_ba93cb604f792915,0.021937106972032626
ck_a86cd653472eccbc,0.005367161228433799
ck_87771861e0447210,0.03141325499386838
ck_212380e0371d8a6d,0.02056349145522634
ck_ef0d702d7b0ed745,0.003239653147691237
ck_2b8f33e22f939372,0.8830998507284292
ck_480347ad92037105,0.004816739121456514
ck_20124c3a16c53ce4,0.018276768780150374
ck_c9e1e3229baae708,0.012433418362881884
ck_b1befe967f7a5ebf,0.029111840984369686
ck_4672167d7c989bbf,0.05439423728168276
ck_f0c44ee5e3a42e3d,0.010406307489262676
ck_c416357d20238a4e,0.006566045489235177
ck_d0f470f8078c91df,0.0025365380463499656
ck_3a70b4ee59084715,0.004739029435842312
ck_179ed66cdfc1ce27,0.0018338122840750536
ck_387e5a7f163c7837,0.010630535102047898
ck_08fb463e69f647c8,0.9768182821674859
ck_732f725747393ec8,0.03663581306217907
ck_7cc5e0fa3ca5a713,0.0021045325013560228
ck_ad4a4daa826ac68b,0.977949428693495
ck_472e0be7a3b533bb,0.031891792319138225
ck_7190177963eafdd9,0.005947597772434279
ck_647ac26c5900f082,0.004507019137080476
ck_272ae2179bbd8e58,0.005687366080313323
ck_09b0d8af304646bd,0.0011300386105319983
ck_ca0cc8ea9f344408,0.00403439263256861
ck_332ad134fb909869,0.00831821888395475
ck_fca2798914627dc8,0.043052501524741556
ck_4450b55f462ae134,0.0037580393501534595
ck_d67d9dfb60b286b9,0.0008847438194029579
ck_a9d2bb4f2bde7052,0.0023544795855355424
ck_929bcae878a3ecb3,0.6905449384094745
ck_59a9e000fa275e1f,0.028568002460813657
ck_57f17254e2688637,0.0504544035364811
ck_0508908697f60ce3,0.04483718675296529
ck_946afc2943298d26,0.006540175233012134
ck_7176d12b18f2cc0e,0.009022186890967347
ck_5c47b49c26cce286,0.019983614350827277
ck_b6a2bdb2d335e1d0,0.9903493519298845
ck_1d58f6caaa4d012c,0.009225286622714097
ck_71c917295020ccc7,0.003434030706337699
ck_bc89644ae3688995,0.004075650339458161
ck_e7c212f16d6df272,0.020453919324922437
ck_c6d2e11a368184e6,0.007481884932760569
ck_eed7f1f7548df15b,0.0034448935650445967
ck_75b69034000ca7bb,0.04404145845853413
ck_38da3bf629458682,0.004443310634953487
ck_90114c891239d821,0.0009935770748738598
ck_8ee08f6777cc155b,0.009182471953250402
ck_bd86132499defcd0,0.013885077780409951
ck_b95fbf2b5640aa82,0.009226751224466498
ck_c530235393360e3b,0.00508172039799482
ck_be52a7ec43241ba4,0.05979268764521811
ck_d96eb3cc55f2772f,0.024054343635086683
ck_dd34f0a844fb115d,0.15474271127192216
ck_17cc7b411f448e66,0.017992054332134653
ck_856ea65fa27d06dd,0.02289421215247709
ck_056d5f0301c30902,0.03598133961251352
ck_e662b14b2bab23a2,0.061943748844391876
ck_209f574c8d92274e,0.005071269234301314
ck_62720b81617896cc,0.016638869130699164
ck_041614694b77e599,0.008711799973831475
ck_461e3f7b97db8d16,0.014388488961974404
ck_1b74b798eebeabdc,0.009073542620452346
ck_0ed2739384f1d644,0.007371205795574728
ck_5a4d19f1b83feeb8,0.002207807514845421
ck_463937167965a1f8,0.01737593668597422
ck_9d7151dbdf100e0e,0.019938064279383536
ck_20a7d1ce6cc27312,0.009739440339060396
ck_6031211ff118cf0f,0.0025148950091249465
ck_a6fc92aa91e99b77,0.84375114590514
ck_0aaaa9d2f75a0518,0.005651732563963901
ck_ec26e327cc1848b2,0.00478465225954793
ck_0e6bebf8ae9b9b03,0.011965486098070549
ck_e107537a4cb738f4,0.007151283713444376
ck_e8ea56e122a5a487,0.06927321841065981
ck_98149ed45d38c4d3,0.025771003653551124
ck_0e719b3a6906b8f1,0.0007215188709427769
ck_0c6e7bd357e4a348,0.0030033194390154086
ck_d3b2b250da61db19,0.975113533907195
ck_8bb6b0a292754576,0.0331808923536656
ck_87d70f5fe48a6128,0.016059250158665283
ck_ea9edf9c107d429f,0.09329732218065565
ck_059806c52cebe4f1,0.20058750514499826
ck_a72d6df666e1c21c,0.003342448002559907
ck_1d2b80ab6c4944b9,0.0048311415900701305
ck_60557f077abc42ca,0.0739561779339786
ck_e5f5cb7dd6ce4a37,0.012194960842163574
ck_4c4a939154446053,0.002255408101407657
ck_50ede3eb561a202c,0.0064202716404954925
ck_6d03a542922b2ae8,0.009436958125186835
ck_d6fe761ed0db3270,0.00581392617533847
ck_7f0cd6ea3096f985,0.002018605906882894
ck_23edb6d938a3b87b,0.001807039207933647
ck_799aaf9f2b9ef621,0.003129734239699189
ck_f8f6a03613b6dda8,0.005714955309140941
ck_7cffb189f4f514ec,0.990176738555677
ck_c081e1967dcd811f,0.02946586824897554
ck_583d6ca78c97d91e,0.431541373983978
ck_9332bbc7125219a7,0.0043188462558575854
ck_956b5af6d7d86c65,0.9549299104386652
ck_2d634e3f24681c0f,0.06133553547421089
ck_7b35d218ed0c5a60,0.004732897540071453
ck_ca5b1057f8248f73,0.0167560895978126
ck_ec5ea81cf813597c,0.01376788101689535
ck_eaebaf4d28400fb8,0.010953711625943854
ck_ae2ab6be219219aa,0.0010047482794054948
ck_d99a8b4c820eb46b,0.0038368501988143627
ck_bcfb7ffb7cd428bd,0.0025252589492194785
ck_3dd542c2d31be2c0,0.0048123521679203935
ck_c7dd84401e29a7fc,0.001146792480993483
ck_c4bcc7cefd40f8e2,0.0018802726129720656
ck_c251898b5d51e3b0,0.0034985697749493083
ck_36d37be780c1291c,0.003596103239684228
ck_99b4f266b61ae7ee,0.012788726661504057
ck_c37f03995f0f0169,0.001198931077960148
ck_65a23ac8e44eb901,0.005398108987729031
ck_644b1c1149eea9e0,0.010127823917181268
ck_9cf44eb0237c2429,0.0026792952127841795
ck_20541686a94fb71c,0.02408930864511815
ck_c18245be844680f3,0.013523338027506266
ck_56de216eda6b7fa6,0.003973324342493298
ck_406c4442dee45cd1,0.000988545625086714
ck_df1585c7d72a96e0,0.000927517935801627
ck_b8e8dba20676d87b,0.019298420238867898
ck_0ee6965e68efc177,0.02520176111192044
ck_c2a5c54ad8d0d297,0.01797968330872983
ck_bf6fb7e6470e95cb,0.0009876802912265664
ck_27fa694569140345,0.0008705257324478227
ck_e04166b0ce66393a,0.0031771170229988937
ck_8742114f4f0cb22c,0.026029937370026613
ck_6eceeafd56b42576,0.022906322555521767
ck_34f9951b0eca1965,0.013328379371113619
ck_384ccecd342a24ad,0.0025074674175688894
ck_49c98bebd1338879,0.0011826304248574037
ck_6c26c12071c91ff6,0.003967847216984814
ck_01e5986ebb9a78f1,0.02510876783616921
ck_121db7ba3be29ee8,0.019447389859205345
ck_039e6d5a330cea1a,0.020228004364195706
ck_ae8c9163cf957d7e,0.011143908205681891
ck_3f5e8f3f1df0c8c7,0.07103792174904869
ck_b1c51fdafcd80122,0.024778544009571135
ck_12e2b5ebfe8986b2,0.006232685937481507
ck_d55eb81a4d543c59,0.004439377610326055
ck_f85155ca5c312c7b,0.24875926884485017
ck_133d8a1ac7c0e301,0.9856570921510045
ck_04212a9bb9b28696,0.9929370695249823
ck_4cc11c7d3ca61f73,0.0016621450233026609
ck_2df4854186ec515b,0.005456833248495845
ck_aa9b28e7fc43af79,0.8347066964109103
ck_47cad6c3def4c9e4,0.001635112841802867
ck_fbff7b5da8111567,0.005636329942188853
ck_bd25ea782e375b22,0.04042558945027328
ck_7989376f8cf64a9d,0.006311665205826803
ck_675c0ca1ebb1051c,0.003343277457369294
ck_1436f6e11d4008f9,0.012487004367437321
ck_812cb3a4482cc618,0.006083794271657535
ck_6e606f73a1094afd,0.0204042775166388
ck_1b708e2a4a0584dd,0.004862650937589863
ck_a60d6b324bae0330,0.015192173553145654
ck_706a4f673a9fda3b,0.3055544157030191
ck_a75ece9a9044eed0,0.0033787348916055836
ck_9aa45c4e03c8c57a,0.007961594232393267
ck_9fe9bdce982b312c,0.03690929139412539
ck_c6fbdc5ba68a8466,0.008965183737768237
ck_ed0cc1b1c28f9511,0.11047359037579688
ck_a4e2607b4c8021e8,0.001076088416398206
ck_e02f93f51cc8caf3,0.0030967487522574693
ck_7084ed3cf20781b7,0.020039251977167487
ck_cd4c63155570d6ea,0.003981604163272203
ck_d1b9e5d32d2d789f,0.004880414792063645
ck_68f56f6560a7a933,0.0021952396851522586
ck_8bedacc6233c6269,0.008251543417092257
ck_ab7cb50407d6b13e,0.005759987277234479
ck_f17ed7e0fd687742,0.023382415723663758
ck_b0fe4b92fc70f72c,0.003609286547098518
ck_84d62b8196da2452,0.008552036238348529
ck_9e298cae167f4693,0.0022219134318323106
ck_405b20ef9ad0ba5f,0.044894485815493726
ck_813e02e1ababd177,0.00414605323102587
ck_f234ab47061ba7c0,0.001191133191097068
ck_22b587c18363899a,0.004322562652692624
ck_4e862c2f48c38aeb,0.0019394619422773902
ck_b89cb90a420c9075,0.006938687186618939
ck_be2251640f27a3c9,0.11811118460304193
ck_46bec0bff167ed3f,0.021845981497822013
ck_c0032232c2868328,0.007656609649673037
ck_030cf09525dba4ba,0.0021100881772421957
ck_6ecf56236789fc09,0.9761574714313801
ck_38d4ed52cbe6d123,0.021744820808403183
ck_2d923d957ffd4d53,0.007330765790168664
ck_3af1eb88728ed8c7,0.019113714084501535
ck_2f8120ca80a1592c,0.008274082146023095
ck_6cabb1a133f0b151,0.00510506043635664
ck_bb6cf7e7b707731d,0.8305069885782963
ck_c8307fecafa90140,0.011026414851753721
ck_75f968be67f46d24,0.011665255478121308
ck_df6fe4ec5a233213,0.0031287157041416805
ck_b53e88c0e927d896,0.0010044066238583658
ck_f0093064aa28f4d0,0.012860598037318625
ck_ec9976cabc63ff92,0.0014977195573583975
ck_30dac0a58c5590cb,0.13496109161367315
ck_348a525791ae6475,0.057061588162555875
ck_b898d912d1181ef9,0.01937544450887537
ck_f5b1200dc6f95760,0.01547338452832554
ck_54978a073e7a0b1a,0.006184511762693376
ck_55933936536a4071,0.005036989415571258
ck_d6ba7ffd2ae08863,0.007484870824261
ck_404e2217fd87fdd2,0.0013469624502046404
ck_dfaafdaefa5716b6,0.028282080508950702
ck_556c62e92d4e7e5b,0.1073991971033432
ck_7ce44f4e06d58111,0.09404541431329969
ck_465cb8ce232c7670,0.0025069006242685126
ck_237508ca4fb37268,0.027191625939251462
ck_ba4a6b9aa63964ef,0.010563187461035326
ck_4802a0a7a1882c88,0.3520324879260323
ck_9478dfe4114c30f6,0.007553077488645904
ck_5138f6c575dec64c,0.009975312418567181
ck_aebb42afe430e2e9,0.006471499058077744
ck_004efa95555437e9,0.005231266868576399
ck_11af112667c98394,0.006624654059264665
ck_44e9a18a8645c9d3,0.001968330876932805
ck_2605fd571219e28d,0.0007914236856331865
ck_dfc933493561d84f,0.010562702500868302
ck_67674348e68d1f25,0.010238995362788755
ck_dd97429277a2fa00,0.007378592534532602
ck_d3eab7a06eb48348,0.021090342441905618
ck_0b9fcff9667ec05a,0.004396911564957071
ck_fc4bfd6e739bddea,0.004660460061530796
ck_43292f70a03ddf2b,0.015396114754570011
ck_5ff6108056a3fef5,0.002381115732546254
ck_767e0be086b5f601,0.020914636995332043
ck_b8465b1a5666155b,0.004726029794303444
ck_ab2e3fc56f5b3aae,0.004581237158708114
ck_1833c81d693c1e07,0.7775965470090058
ck_0308e0602b856445,0.0032425937426093553
ck_ccbdfe744acff8bb,0.01784978828388036
ck_b294aa27a0b586d7,0.0022152556462704306
ck_a3747201f377626d,0.9273846763852029
ck_edde1d7d1db24725,0.013754203484207661
ck_ae3b47d6e1063704,0.0023504851831209978
ck_3aabf5e0f4defb41,0.028513417664049738
ck_f034adb57391f3d7,0.022228826394422127
ck_533672fb40531607,0.032518172132242555
ck_2a244f1ae08ef83c,0.012338813385647436
ck_a35d81bcc54ece2f,0.04780115124124588
ck_78a61215675b38f0,0.00674863640737073
ck_e013d88ea7939616,0.0035755871553207383
ck_e5018f9418e0102e,0.020552172013029453
ck_d4e024fcda401a31,0.0023916751998023784
ck_f736cffbdb82db34,0.001513368810166495
ck_1507f5aa50cdf3a0,0.014930366987071536
ck_18270fee7c8fcee8,0.002431800499042692
ck_95ffa1a805a1c9d1,0.013994143010848562
ck_11132d245b94d045,0.003685986046225973
ck_7b93a622e40d8b14,0.029770399424491372
ck_3854c08d17704347,0.06938624966782576
ck_7717fcb100dc4b5f,0.012687529577349966
ck_ba54e0a1c328119b,0.8533169003862027
ck_a7afdac4ecbf2de4,0.3762945891220682
ck_ecfb771ed2352085,0.007607847172843437
ck_68be4fefc85a6b64,0.11056081618210156
ck_dac7c50bd6d0148f,0.0018184322727049877
ck_87cf36a03bd63c24,0.9333808813865835
ck_8adb40b168b59d7c,0.021151636489286578
ck_8d2f62930777416b,0.046468731696370724
ck_9958b58da9e3c21c,0.010826806654398374
ck_9440335375701f44,0.017318511985191635
ck_e2f88e202b6f700a,0.018739172459592314
ck_4c7c50684827a2cf,0.0019508100524677364
ck_8a6ea4a79b1c7a8e,0.004353927436607249
ck_186dbff4b24a3bbf,0.05840299126389163
ck_220fda3c11c59b6c,0.07499430629322701
ck_3acccc69f8b1fd14,0.03405977313063071
ck_9de191bf79afd676,0.008615581201240653
ck_6de6b1663f9457f4,0.0009394564960432713
ck_062754f8b79b86e5,0.002998017204678303
ck_aa153a89a52f7eb5,0.037259935641378014
ck_34a6bd3be642f15c,0.009128480254997542
ck_9371c700d9830326,0.016556983578460603
ck_a99e0c258ad7576b,0.0074082417480028275
ck_0a7ba51d626e932a,0.025327144477894283
ck_852c50bbba1ead13,0.05234589368762331
ck_43dc13b6b6d31297,0.02914955736055842
ck_7d81b59d615a6649,0.02191697584388984
ck_39a3f1da060e88bf,0.014848447575251944
ck_6fb2d142c09ed3ed,0.018294798731493263
ck_6e5752b87324b58c,0.005397951917429275
ck_9441d48a12e8a4bf,0.16400770042761542
ck_09e9c51eb538b255,0.016698761418477592
ck_8d0cd981ed3a183a,0.022097251590306247
ck_57c07c45269ca8c0,0.0025832984303368394
ck_ccfc9ab888ba933d,0.009210592425595538
ck_9658a6ef471053f0,0.004642224884812132
ck_dac3852758f4ea89,0.0020018190081731646
ck_b1ed2278f5f14d82,0.007812900844618085
ck_333544d173524f70,0.05081771525507396
ck_fd4582e3853ef23f,0.007116660176666309
ck_614d936cef98db04,0.0022574476540254728
ck_6bc351a3d57aac54,0.015350778106156097
ck_af5842fa7202ff25,0.07300937182998783
ck_81307759252571be,0.004345891931603045
ck_b4d2f02d2cd45720,0.9210505526830106
ck_1bd753a4681946c8,0.9647214383702082
ck_46d8c029d46867b2,0.00899718145190238
ck_b7da6640fa2f49cf,0.8982290007228698
ck_9ea3d5a5a91fef9f,0.004685153451138257
ck_7b922518f667f76a,0.0009705558163323021
ck_2a5b31594206eb30,0.3545979789186953
ck_d9506476ad3f9e08,0.008302315008410307
ck_c8791f7ebd4d93c7,0.05784863992312119
ck_b5a3e20fd210017d,0.006245401814916175
ck_8e54386f4fe22cad,0.005178077924725512
ck_75296704f5806f56,0.009755572139101085
ck_0fbbc7a6af300368,0.0019744398199967985
ck_d19bf4dc0627113d,0.002716199944022023
ck_7951bd4eb99a0175,0.0007879194764014964
ck_059e4fac6b7f704e,0.01045099560284456
ck_2ce8931af02a2ce3,0.010728835876539769
ck_9e665618a4860306,0.0026718357200298123
ck_6fce5a893613fd2c,0.001221136145289781
ck_9e3fbd04e3532f32,0.20090589774056
ck_55f2ef0de3420e3e,0.02110181957507521
ck_8d87658a6f5d204c,0.5219126045227471
ck_6d6ac1f5dd882aa5,0.002952008163481459
ck_55d0c7012d7ef236,0.015243817762792922
ck_7738eb085e5753d6,0.007448730345716595
ck_0e6e05c3cc8c8242,0.006657384821678647
ck_8d27ff8383d48132,0.0009057443798120965
ck_9afc3bb849f3a64d,0.014724657422406856
ck_27eb86a9898cdfe3,0.005070820112249343
ck_1d40e4fc541abe93,0.45200865859462913
ck_4fd9dc00e1913587,0.9895345036039005
ck_b26cdb2b7b165d2e,0.012560599401450873
ck_a79a27767a02e31f,0.038812071519299184
ck_f0c18cb9f951a71e,0.016444378141164197
ck_50460e0189de6274,0.9517081164744925
ck_5e5280539257c986,0.013301657285607338
ck_eeb854318b3a6f0a,0.005752724678131193
ck_943f66f28dd24750,0.0008371794889214153
ck_984dd7452aee372d,0.01846365043999016
ck_ecaa6de0aca5e9a0,0.018026711604552353
ck_8f1cbc432e2774f8,0.019278999967864002
ck_d91d9f8445b9769a,0.9038835470732888
ck_73c18e03e3c7612e,0.0009757719320673743
ck_aded05ada490da20,0.0065677854287131635
ck_f744e208183971f8,0.013653305355310438
ck_02d4cef6358ad3b7,0.0023446887098392444
ck_08ff5bd467226a5f,0.001444314175966797
ck_f824b326d5089885,0.1824563502463071
ck_3420f2fd520890f3,0.032996509027828885
ck_1838cf8d00f5b1e1,0.010557530692437778
ck_a85182ad90b6f1e1,0.000706638438565842
ck_fecb39c82c43e76d,0.001378781627572705
ck_162513e73782929f,0.023757199231393956
ck_2c27b77c59d8f23b,0.5900859744753968
ck_4221e07b17388fd3,0.012085107175708371
ck_adfb8472d5c3d669,0.030619938402188063
ck_0742fe64055d686f,0.0019295416356784763
ck_5060aefcc8b6f958,0.01328592188156329
ck_643f549b4ac78a26,0.3613940873570073
ck_dba767885bd6ad69,0.004255572823473757
ck_0dda35c0c64c7073,0.9932027571594861
ck_38ea56d43afa5660,0.009118197946316043
ck_d813e15ac91f487c,0.10580611595983225
ck_4c840e5585a7b167,0.047787752355346644
ck_cb8551453a7bb929,0.0021765553501853956
ck_05a00b1dd5a03359,0.0024300503246787405
ck_837cc7fd48453a01,0.010699656620837819
ck_49dd816b31fba6b6,0.5218658339613622
ck_86a61d9a39768e87,0.042209865040377346
ck_cd0e76f0e7bb38cc,0.006696979322867615
ck_dbe58392635133ca,0.019537542459100762
ck_3caec7dd6f8d02c9,0.02891687703495547
ck_bfd9bfc5b6ab4a54,0.014952186728169992
ck_2103399bdb2898a6,0.007767293819560979
ck_329f7de7279e74c5,0.007871350298709445
ck_9bf0d28119fc42c8,0.010005376191968922
ck_f781539b1042dc83,0.0037374382990367563
ck_9986c7d781ac6b4e,0.006746909874741499
ck_a627734880aca848,0.001573943223428477
ck_2106e509d77fdb4a,0.9052355134273788
ck_420d1a9c604293ce,0.014666043221781666
ck_fce0610c527e2b56,0.02677844545170096
ck_073da541ec3f9d3d,0.012995232757446013
ck_aa5f3ab48c17fed8,0.10069152530300458
ck_0fc1086e1c9e04b6,0.009027442055488508
ck_5c33bb46c1a5945b,0.015118466020111859
ck_500948a8d4bd8e13,0.08341117149447863
ck_19becd44f2c3d2b5,0.0025398829656386374
ck_7d0fe77dd5ddb656,0.012550363088681682
ck_f158d9e5f101bb35,0.02520609856952677
ck_cdd7c77823c2257f,0.03559211467931904
ck_6c7b41374f9b2e55,0.005964453716079144
ck_417090dbffb1a63c,0.009002891613642322
ck_dd0e17605f970319,0.005028023330012995
ck_3646515079e6be55,0.03104063575021478
ck_89c8b06aa8c84b2d,0.04677836958114047
ck_e4d6dedd97233c07,0.03322203797263239
ck_bc82fb1895fddde5,0.0189784149038566
ck_88a8b1d442ca3686,0.021777790914413012
ck_5791f8f76a629a4f,0.02351450735908973
ck_9cf5e88e97c8c7ea,0.013419426047031119
ck_58fd684aa5a6f289,0.000987702562515525
ck_9800c21dfbd8e811,0.0047551804146624575
ck_8ae64df60ab6ccda,0.008246440825260715
ck_e535fb0f0c00418d,0.043033516623089
ck_48011996d54855ac,0.5626482951866645
ck_ac79c72a8fe3fdef,0.033891483788803675
ck_b8cc2df5192bc49b,0.008903362340642448
ck_e96a5e1f08f8a867,0.0016577456498299815
ck_84df6770549e43fa,0.02815825538660845
ck_e5f7b99ba6ec5767,0.010834821453430513
ck_8347455ab53ff620,0.008228692155996375
ck_a84f2cdf695a71d6,0.005080778154844019
ck_90456160115f9ef4,0.051774383083021826
ck_ebd178b3f3a9c50c,0.009983383269522117
ck_e1140be6157bacbe,0.002363064038150197
ck_744ffc11d32b96bc,0.006884150359818405
ck_e12a9f7d027e3387,0.004657288931273174
ck_cbe525da0b69f18a,0.024500465404542104
ck_aa59702537557ff1,0.024503462166881363
ck_0348cc6908f7f3af,0.0020465065264171417
ck_120e995d50956bee,0.017906677409087617
ck_9fcde1ff46cbbea5,0.005051743931851412
ck_54b0b070689c50d6,0.002131604183245341
ck_966a167758fddfd4,0.046091331035290374
ck_d5194f2e92fd6427,0.010130165963983803
ck_2ee84f3fa27f2cb8,0.003798656226342649
ck_57d0a7eb7eae2eaf,0.014962467354766537
ck_6a2c4edd82e10969,0.0028729127408028466
ck_96e4d38ef670eaff,0.011546036237219856
ck_52cc2fd5095b169d,0.002976609093431204
ck_4b088920f3a844c1,0.05575390769423759
ck_8f3ccbd20d59f1f4,0.00339912926423162
ck_e5e5dc431bed6f9d,0.00687663604972869
ck_e8b5bfa6838e28d1,0.02138873645066738
ck_4bfeb78b47b7c6a1,0.042022044094619425
ck_a705c61bd679496f,0.012748409928591418
ck_731869a0c39cb2fe,0.012396887269833028
ck_259eb102342057ea,0.005306555101490559
ck_47a6005fabc33551,0.0031213934262336526
ck_682262b455a9edd4,0.0015614994620619595
ck_e839d104854945f0,0.0015384554403558399
ck_761989aa4c47d746,0.1199475153182544
ck_44211dc210139ed3,0.01749841184620914
ck_9915ceedf63a5289,0.016463395143787272
ck_da59ab47cb6284ad,0.0014554577787556193
ck_e5cdbfcca2456652,0.001561474055701144
ck_13f2560c6a1ec62f,0.0044548920378038055
ck_a0543e9b3abe1001,0.008806202806711513
ck_11c7a58e09e6547b,0.02448758770210898
ck_69587a134d43a4ad,0.029615487569771344
ck_28dc0de0ae291f37,0.018205794039025263
ck_298922703c5bbe05,0.03716086591910959
ck_fa5ba9ed9ed6a343,0.0344648841641001
ck_c08e64d424e56c05,0.015617001386858056
ck_598e036a28262aeb,0.03365011332731302
ck_3f7c870510083a51,0.00867032553626055
ck_364f8203a3e98d36,0.45806267356233044
ck_7333cedb61506ead,0.007505778481821426
ck_1d96d7fd65f208b2,0.039581011677203036
ck_63133a79f23e2627,0.01809306440832412
ck_901d820e0b72abae,0.0018920015453289829
ck_5dd80b3c01457bd8,0.010849364455447786
ck_c0b8067c144ed6c1,0.01320087849085086
ck_cebb8aa8c8f62c60,0.0015608848921414022
ck_79749eca42ff1f5f,0.007631856255715297
ck_2cc1d9b587f6da31,0.0985255144246674
ck_ccc7916b56d42195,0.003349117842514232
ck_e43e53cc7b8b8e41,0.00755328509143591
ck_4ab74a6e7450416c,0.002333998966044358
ck_6e44024e9de301c6,0.00107798484917896
ck_dd78cb6ae2866cc6,0.03520967870395073
ck_c363d3b050baf3b8,0.07753499410349397
ck_2d46291975f0dd08,0.002070372522895157
ck_76ebeb5aee42f041,0.014728426361523956
ck_8395f004cf4d4c08,0.003441942139977814
ck_de7259c3741db179,0.012671125963432991
ck_3938e92585df2b34,0.009593692711826819
ck_af69bfcf4f07d932,0.018500205418563974
ck_1723900ab9afe374,0.07999390430535236
ck_3d58628d1c853c8a,0.0030191016466422182
ck_12a074db100481cf,0.23089200076132932
ck_8716cbf892c50e29,0.010242071324487227
ck_fbf7351958ad9615,0.00593632340082243
ck_a50370907e6b397c,0.02984824540960046
ck_937402a60df0821c,0.0022042722381954154
ck_8ce9c5807acbef48,0.006272355468160289
ck_acf7d65eaaa4c31c,0.003538059410922903
ck_ec3eb6dd0967cac5,0.01684658121910995
ck_fc832b0c90c9bdb9,0.9183591100675292
ck_8129e81cde280131,0.00853774100659609
ck_52c0ef68aa2fb8cf,0.008783888303773768
ck_06f042e9b1b662fd,0.021141338442470438
ck_0bf35dcf7b38f650,0.0008565893993071335
ck_615763afc2e17a7f,0.0010074512374275758
ck_e72db9d4b2fc9997,0.9909405131857945
ck_13757bf0eeb353e2,0.006617908775630815
ck_abaf371ec8249c4a,0.18281613661105792
ck_9b7167da0920c37b,0.4689379039468736
ck_2e824b0b27494a17,0.06415757710838088
ck_9a0b605e9c3220c4,0.006657915742080589
ck_a5276af466b681de,0.00242852653582712
ck_9e0383e1fb6e214d,0.3270239985547688
ck_6a27c44b691dbfac,0.0036465968397016006
ck_af39767cf583905b,0.007844927148953955
ck_243b1b9fdd3f9a74,0.0008265829787015477
ck_c0422e638a9c6046,0.013011235291233287
ck_e0f3ea3373dfc4aa,0.04792925807974008
ck_d56ee1654378ffc7,0.0100657294549829
ck_20cd2f5666719baa,0.0014368337307552053
ck_4dfa1c1e9b69fcc8,0.01432534371552903
ck_5d22e9ca1d15180b,0.8148077622524224
ck_f4a7ac178fd55f0e,0.0030107072792962502
ck_fd5609bd23a1eaf8,0.00680495851920365
ck_49c3bf13dc9471ce,0.029662728791617698
ck_724085c3452d4693,0.10587006355920887
ck_e5d1462846154a75,0.026414609547669714
ck_c69ef0f3e7d6acf9,0.028830930395074606
ck_a2d0417791d4132d,0.006029426985673274
ck_00a07fc2a9183c3a,0.0032870744610531944
ck_781b8288e54ba8f8,0.06362029069114519
ck_d74a62ab3804a81b,0.009141080552351077
ck_abcbde211b6267f8,0.012371437061874588
ck_16dbafc035574654,0.008102300794691724
ck_018f780215ecaf38,0.013127853333520928
ck_0b259620eac51618,0.0028121868569500837
ck_4f875342394c110f,0.016419788587270685
ck_399e45e5fe9beaee,0.012229318253677426
ck_36224a2d394ebfe4,0.06448141998381075
ck_c189b551bd111332,0.000825604938784753
ck_125c5a720ecb177a,0.05509323272075397
ck_76d010aa02eb477a,0.0008745215411120669
ck_1071d14c46c92379,0.6948522492645136
ck_61d244b2cde483af,0.00499998223183813
ck_2ff1860da2004c84,0.0018901850088374164
ck_c5b583490198672d,0.008464558595728517
ck_1294f7af22fade11,0.08286882173578067
ck_e3a22799716df39d,0.0021652012161242308
ck_c77e22834ef97005,0.8140398947990141
ck_73d3689728270a2b,0.002332775561434463
ck_295565fbf77ef885,0.006767155257922365
ck_80c0a7f54ff4895d,0.0055066784453835305
ck_f1ef5cf7f10b16c8,0.024017575203319808
ck_a958b2461ffc21a2,0.06897462524661481
ck_0e7899a57cd617d6,0.0011588929650729464
ck_9d4fed252718f58a,0.0048868439550402015
ck_83c2c34add971d76,0.0012168341132958512
ck_9ccc030ba2de9fb2,0.017390342490903828
ck_cd691e3466fb3742,0.007267678329479214
ck_49df70f908dfd069,0.021780391000236522
ck_362ce13eec1e33a0,0.003577894071211914
ck_2452a30397dfc54c,0.0059446556862491565
ck_a443d49c2b4863b0,0.024272789713849264
ck_c8b2e2cb349dd0ff,0.003525962206247708
ck_354909fecf5da8cf,0.00815957513655523
ck_841f598bbd54c83f,0.011590712053037007
ck_cd6fbd4e8724f994,0.015791650455970592
ck_e0b3158111370118,0.008926652132905177
ck_4c2f2eb657c2c60e,0.004202005584796782
ck_ef346071f0b7654b,0.008460457638969455
ck_f3bc10e3decefce4,0.005973487260619565
ck_189b6fbe9b9192e7,0.010142095146447002
ck_5245cbc5ff4d4fa6,0.00363623547029151
ck_cb42e3be6fe87f60,0.003840287029562908
ck_966d4d713cbc7792,0.0023983853188204642
ck_1c8c969667cbaab2,0.9777169688396885
ck_d35e3aa9ef5d405e,0.060710639365726
ck_a1c39df50a5873b3,0.01835605196450482
ck_a152165caf295b51,0.00942786095369201
ck_891eaedae139828e,0.01231642578154504
ck_1a46b56f4734d52e,0.008491639742145386
ck_5e36042cfad96c99,0.8589508410108626
ck_02a8582c2603e675,0.015287017567218291
ck_6def9d0429e4ed4b,0.04544095478766251
ck_e137400825a1e3e6,0.004869115449132746
ck_d91ab840848a54fc,0.0011353952664487053
ck_becb6e1c608e0078,0.0018330324733197081
ck_6fd8c86ac719d7eb,0.040221667267443105
ck_3ed4d13f12fd9d0e,0.024191275582278342
ck_007337aa99a4891e,0.000944159011113797
ck_60c3d8306527a08d,0.0037953480022863777
ck_95458880a54df0b1,0.22983691056127858
ck_b48cd8593533fc1d,0.7829798276807384
ck_021c6a4a7e3f1f0e,0.0015359715501626035
ck_764d40f865e710af,0.00946266313375951
ck_4b84357ae8ec7777,0.008473338961441406
ck_3397c7856b4669a5,0.0015896451050827205
ck_920bb003b42e6310,0.004958825986606761
ck_8f59f11b512d5b7c,0.05262833483507018
ck_a3acf4b986afa98b,0.6191735445436127
ck_e89d25ed7bdeeaea,0.006086668972394317
ck_70e6bca473bf6902,0.004976103928269656
ck_186161ce152836f5,0.004315319520673008
ck_9191579254663f5d,0.017057459111896107
ck_1e6628879e9d653c,0.006313832109310228
ck_b498fa91a0776ff6,0.2206303988549822
ck_cfc2384f22954830,0.023781647721241275
ck_17673a1c2867888a,0.002382311814703643
ck_523dce06515b072d,0.013142875271180193
ck_c20638a325ead2e4,0.004366672318206062
ck_d3877e1f907cc148,0.02260944247464619
ck_e9a2495dea8675e2,0.006571505339182049
ck_7e561caa5fa1f3f1,0.015528640020618805
ck_455672e652fe1abc,0.9075797390075415
ck_7f8f864fcc90ca82,0.042124419183471484
ck_1ad36046aaeb816c,0.008034457149806214
ck_de056e37c82e8e00,0.012990330734607508
ck_7484c214c889fe7f,0.02452517127244076
ck_32430e678c4f9f53,0.007056893669863564
ck_6276ece8f80ea799,0.013821388509538526
ck_ae8e5dc4b725bc25,0.008977778130350764
ck_f01be92dc78a2dc7,0.051396557834428105
ck_233397a8bd40d38d,0.0035712094133655823
ck_f8124911450fdf31,0.8609639207294867
ck_aa0a3179f1111674,0.005795490286884501
ck_2366b29ed9887a5e,0.0011668795140692
ck_1f22f04dfc08cf27,0.003881391678885604
ck_b62276c3426d680c,0.011062470941173479
ck_d099fca88691f66f,0.018021510782210943
ck_166bd1dcbaf4d6fa,0.0014918522856505485
ck_7b1660e942436e12,0.032411627390712947
ck_4a9a791a1d409a3d,0.017220086360330254
ck_b003e5b54df65db4,0.017994925570978055
ck_64b4dcbf436f0b75,0.005796741350536541
ck_26e9a7bb2061a58e,0.6846432259184665
ck_08b77ad5f8f73007,0.017053773452522288
ck_366616a725afc6bd,0.019613412801569984
ck_934fb5064b6eefe2,0.001412278007720842
ck_c6abd5d57b1009d2,0.004327493999827222
ck_edcfa9e1cf29d813,0.021389758713154915
ck_c30201ebd003fdc7,0.007519675376833049
ck_c54643d94d3ce355,0.027134949326760964
ck_02adda6e91e49650,0.013990765338042142
ck_5b73d7c5255e58a3,0.1726605446740168
ck_129ffae92dc01408,0.0012615962170015181
ck_fa321945ebedb916,0.0147721619801587
ck_8da980cb2e1e2bfb,0.0035737730064465947
ck_0576b00d728bdf19,0.01221683330056086
ck_c543d82e22b3c8a5,0.001822174893531855
ck_0027ba644f9ae2cd,0.0392816131867462
ck_8dbf61df902a6bbc,0.0022820553459050414
ck_90eeca1cda79fd41,0.001498752055960463
ck_86d7127391d4e01f,0.001709041828403167
ck_73762038c7ff2f6f,0.0037063385741087293
ck_a1484e6215fac651,0.966472619654
ck_cb83b9f806e90dc6,0.06482638304483583
ck_8c6f059c95872126,0.0008099058052648758
ck_3174419a81e7caf2,0.002699483993795934
ck_6a0f8f8fa4a3c2bc,0.01577581169211854
ck_b5777605668bfca1,0.0028325731853221232
ck_27e4de495abb4d15,0.018238572884523612
ck_7f6fa79c7a107161,0.009761484188363789
ck_c36ed9f8e6792ea4,0.011380540782793502
ck_67a1aa88d2ea554a,0.010311172108529356
ck_09748dfe4df3d540,0.0017600881358194327
ck_27fd85b1e38b675a,0.0022274529368056036
ck_2369689bd795ee10,0.005276112814257059
ck_4eb1c12f7d092bac,0.0020408348420186575
ck_01fbafc42c8e33f5,0.007769478171564643
ck_93c4e05699b3b7d0,0.004304026774528469
ck_afc484d1b6907983,0.003995123881701314
ck_1b2d9cae92a1aab1,0.0428348075256572
ck_73b729cb161487f2,0.01457429717291921
ck_fe3c1d0ac090d960,0.02138626277246984
ck_408efac1d3885ff8,0.06787775092920192
ck_ccb4dd9d0a48a76e,0.005271000869683771
ck_2987eab34ca7805d,0.026326674767253005
ck_1dbf1f15193197db,0.030415372319621558
ck_4ed711fe4053e74d,0.06873433160284566
ck_6c54adce174f45f4,0.0020896209608982363
ck_a6c740041faf0bd5,0.002279412159081535
ck_b05c4d33c4f43639,0.030382239664169836
ck_032880f1114dd51c,0.036001397893339546
ck_22311b037456a76e,0.0032465733636841583
ck_5866b413549765bf,0.00253260009236333
ck_0e808afe2570ecac,0.00651899135441462
ck_634276b05f4381f8,0.014165867158456413
ck_5d8773badd0d4740,0.009796622658354178
ck_82b5b79ce3517102,0.9514049339760067
ck_b378b8d8100ee4b1,0.010154388419416942
ck_54e581f71be5430d,0.003840870872039897
ck_798ba4b8aa544fea,0.0009012868554127751
ck_3fe86b6331ff95e3,0.03312670536373394
ck_81275d9d4c559e6f,0.0028856595371460373
ck_99a4e5ef02d89493,0.004985636747217479
ck_54e2eb018d947790,0.001532674771575885
ck_966901ea9c77cc02,0.004118509884352882
ck_27d69ff4e0cb428c,0.040407565761142863
ck_2cee2dd7bbfc09a0,0.8100037093651113
ck_4136b00924695ab4,0.0006577999169798212
ck_59a164c40c03a45f,0.0010417400499346508
ck_3e24b026bc66789b,0.0012351620437133885
ck_8105bcf69a75ee47,0.03915898837172581
ck_7a1782cefe26a456,0.03676796776423525
ck_970c7dc195161272,0.0016505002809451617
ck_a48ec0c00ae20e82,0.015568956364217845
ck_54b374ade34e1dc1,0.005461014866526646
ck_74e5dec189761d14,0.0015807880260770043
ck_4717f24f2c6f40e1,0.01894071284860721
ck_fc8cd8a8209e802d,0.007635399404956123
ck_71db4131d7efe218,0.004907848543992998
ck_45424ea6f0bc4650,0.05076075958836462
ck_3716c6181a5035bc,0.023047837043622607
ck_26de14b96bdad4f6,0.007767956513558527
ck_99c0a41ac9c73857,0.020569684259221312
ck_645f15bbbcff3b4f,0.9875327539729204
ck_b7e25ddd41514d4c,0.0008959710932360547
ck_d5c14e877ca7b755,0.002668978855936724
ck_05ea4440dac6cfad,0.00926103746987641
ck_c58bafff7b1955cc,0.012565259756983319
ck_f0cf85b67a9b840f,0.00658772067366936
ck_ce1500a7f0d03fba,0.0009985460657898789
ck_d4972a775aadbbc8,0.007280223630934607
ck_3eb6146c262e0fc3,0.0007867271661996594
ck_afb23858a4ef42ed,0.9818395773727533
ck_2c1def5c91c52a5b,0.746026995209848
ck_72e550559487b919,0.00414220931981856
ck_0284dc2b4f856b3a,0.08174219440087213
ck_03be334935e999a2,0.003236707584522881
ck_e35a4b4a3cb4cedf,0.01056493299565518
ck_5abe57dfff4b735c,0.01648374226870976
ck_f5f87f772388efa0,0.014952294081199058
ck_5a22cb36d612236e,0.0029585140996910464
ck_8ff1e6028e764472,0.9844727709758472
ck_2ab28149b0986642,0.6403432027750421
ck_c88fc1bac79fa6d3,0.02958826547258654
ck_5b137d74bba6b1b4,0.001135368957718443
ck_11f362dca2dfaf5a,0.014834895204614881
ck_7f960541e5174565,0.002875457360767904
ck_d5458ba39ae94498,0.013324941070869886
ck_0a921a73a90c2e39,0.03452409699777578
ck_6ad56ef40086dbe4,0.00817798160999234
ck_b68199ecccf2350c,0.00137446703236774
ck_6dac66c8198c07d8,0.00398066889983766
ck_9b9ce7bebc235fe8,0.002169838671437511
ck_6b817117d87063a8,0.016386142181923087
ck_900d62b3184378c7,0.001486715137832071
ck_eafe9b89857149b5,0.005489482364010432
ck_e74716a525ee5b24,0.0036665483359902815
ck_4e9a6f06ab134102,0.01240364420708485
ck_b0d33b5a3716661d,0.003709982670367735
ck_8703543bf3134306,0.00851429263751467
ck_923d6a0f83accef1,0.01944194964013397
ck_52e37e2170532e2a,0.12022033352887881
ck_c1c5ea839c58958a,0.014002086620172261
ck_660f0006780e87e7,0.005106707729229267
ck_830b2c5d1818ac07,0.01633720975309726
ck_b080ff636932d1f1,0.0011485344033658191
ck_38730aace405f2ae,0.9935963590505613
ck_9790138467a06223,0.0009143346437863161
ck_10de0b0d86b17839,0.007337639124488102
ck_c3e37a4d3382c32e,0.0019066041168186543
ck_dd8edfefa1eba531,0.0009370853100055092
ck_8153cdadd300d234,0.001015175305459483
ck_74d0e7c2c6b63d36,0.9032484657923753
ck_c478aae3031bb328,0.005256256989450157
ck_cf301f2194975866,0.012242865352984782
ck_f4de03f44e3a5bd5,0.0036638895304981836
ck_b06ce826e593b210,0.032592044208415015
ck_2fc70b6baf6a0e26,0.005869487437680992
ck_d208494cf5c90047,0.021134476567184046
ck_086d29ccae565e5d,0.022463751404300382
ck_d5ef6dc116dee408,0.006899216119345774
ck_fdf0c5b722d83464,0.0031524091317350587
ck_de8494b13adeffb5,0.0031174389846314703
ck_556786868599143b,0.016545346525896232
ck_4940e78cbdcfecf3,0.009927394058708672
ck_d32fbbfe32c00416,0.010545014093036244
ck_bc7710f7e9fae649,0.004202942966068735
ck_416f7ac57da081a3,0.007533999985583744
ck_6fb39b60c67d5475,0.0013786715208707566
ck_e40a156511345d6a,0.006070440700679568
ck_49ab879b5aa7fccd,0.0441310806536199
ck_bb643194d1cbc47c,0.9907444354943065
ck_b3ce8f1bcedfa043,0.008912606244257732
ck_558ebde8c29132a4,0.008377360539977258
ck_e6222925762273b8,0.15626613472945822
ck_bd80546b4807dd59,0.005883535556434902
ck_bd21164bd2bbb635,0.008296483566142288
ck_ea835557d7043667,0.003283039197431601
ck_1411a80a157ff39c,0.0098824335731319
ck_ab973888c20c9120,0.08588466925867902
ck_95b48972061abe82,0.004420097275422517
ck_fc4a43f8876bf10f,0.5635470293907163
ck_f34fb7ccf82f41e5,0.01055860917197547
ck_5af9934a56801ac0,0.005508900440969982
ck_fc7445ec76389a58,0.7195384688703512
ck_1eeacc26f02fbba4,0.03414725238676675
ck_4f325dd15c9bd45c,0.0249287991463554
ck_5009a6c8bbaf15ba,0.016205578381525462
ck_0f3de7f074bb33af,0.0063914691987955186
ck_2cbc2f93a32eede8,0.015422254678635922
ck_4bb90a61c21a303b,0.008278721580996623
ck_3ade9eac7d7b0dbf,0.1082609565679598
ck_4859a58629622915,0.016589205794878277
ck_5fed957287ebca03,0.0029634306722832156
ck_ec01ae5351500355,0.0025892808770534917
ck_703b41624ae6a5b6,0.0016763862950262623
ck_97c38e7f61c27e47,0.01699413183446025
ck_db2c0908150cb2cc,0.022765959816971045
ck_64ac5e6fed86ab60,0.99029378230303
ck_da1c853b0a061e83,0.033264854815642037
ck_9a36916b60178ded,0.7300926585914981
ck_3715bfa7fed2c675,0.0028433143868463835
ck_dd3feb77d7d4f6d3,0.0017565511187253341
ck_982ebb24174a4ade,0.021524652431062042
ck_f6b7a10d47dd9a1f,0.006537534993371988
ck_1f56fe99f250cdf4,0.010694704725517257
ck_deb3ac0606d6f6db,0.010887402931329716
ck_e666629e5a41b39b,0.007556920584340149
ck_756d2c13d02b3e09,0.012009212450077049
ck_7bc752ae7cf5d55f,0.005555124258257315
ck_fc0cc4b25e6a8194,0.008414529687803433
ck_9b2b0e286de78a1b,0.016764523731613377
ck_24b0803447211bf3,0.009832690643999708
ck_82eed68d05a42128,0.010685325084426878
ck_c8a03c516ed5b05c,0.03163262913826685
ck_e914974cee1bccb1,0.022652051860842494
ck_0c533ff2d0f9962a,0.014869690506939435
ck_c12805fa5d970a83,0.048300818409432664
ck_fc2cb29918631f10,0.018117322832427722
ck_c20e89afe575549b,0.00206400755406809
ck_e1ff9e31becc27ae,0.018044546577838647
ck_18116d0ac08f1996,0.7656611681407463
ck_885a83975cea5e64,0.009762722603443946
ck_a0c3059a959ba5d1,0.014035151217723469
ck_75257ca7d7da2861,0.044839811045017906
ck_2210f7a0d13bdbef,0.054048433876271375
ck_9cbd9ecf8374f65f,0.0033426038533513115
ck_18f67c00ba21fbde,0.008005723356680148
ck_2d28f14d3973d8fb,0.0012122951152723372
ck_8b3401b44aaae728,0.001628624234375957
ck_9d8e9ef37797d3af,0.4329694447289625
ck_9f50920c894f64e1,0.006056421073108967
ck_4737e0d56c6fa0a1,0.028260004777613486
ck_52c311f29ca3aca9,0.0009304033923070206
ck_6a4981bc721df37a,0.023901494790249028
ck_823539d936c55fc6,0.002224859695109791
ck_df5aedb4118020bf,0.9099063967715516
ck_a911a066ff0f7b56,0.013337819092624154
ck_684609767df4a14b,0.046050687890244794
ck_f2350bf355dc919e,0.003523129087173953
ck_8452b6cf97c65a5e,0.014767333435529037
ck_084cd84501012218,0.6242924765382563
ck_ace6b72e5bf3e93b,0.09665977579032611
ck_2afdd69094c955c5,0.015760498316157737
ck_fa7d5be26bf7b31c,0.13983721837018787
ck_4b041217690fca2f,0.04969649973269931
ck_9fb8e3d38cdf276d,0.9578061501241193
ck_c1ee56d65a42f59f,0.018894876427332875
ck_fdeaa1cd085691f0,0.08148550752041803
ck_5de33a7a87e9aa62,0.01986791262436923
ck_7476e7fe1ff45545,0.010876947924331016
ck_b0a947b498e47018,0.009611464325071104
ck_e3894ed88a7977e4,0.0025306521859288457
ck_c7e07ebfb0bc15f6,0.019252082784485293
ck_3a3daa8b376f2a18,0.0018060454280367344
ck_87809324c2675b0a,0.015042802293636998
ck_7eb4f33260f1dcd4,0.004176560461958567
ck_ab9f0e08af030060,0.0258490589148202
ck_5b8fc4a76f340797,0.014055852988484848
ck_0e7bf10ef49aa818,0.019979390735968206
ck_a44462a3853ac67e,0.9849302972648519
ck_2d14bcd2e0fc043d,0.009708535821326133
ck_df1f2dba802296be,0.9702843591067805
ck_466a7316eaf149b1,0.004110751205002509
ck_50df50af592b0c06,0.006845336752446493
ck_5f9e34c849704b95,0.0014212704692634728
ck_7836bf6def26aa87,0.024132207626718714
ck_ba175b1bd8efaabf,0.0058210855962795285
ck_1a0aac7f7b94b1be,0.24996768548654202
ck_6768c4b2aa8ce586,0.014899001792062078
ck_eefcf0ed15897898,0.009265865153950628
ck_7a6cb27e390b6ceb,0.008796560159378543
ck_5275be4e1577c1c7,0.0058206754694689194
ck_6bc0e5b8c0b7d2bd,0.010535989599704339
ck_4874bdec79f9106c,0.011513238778693567
ck_a678731156ad7bd2,0.04817301759470916
ck_db906debc36a5d1e,0.020112506965965265
ck_e87897767c612942,0.007478193239565806
ck_45ed5ee496ef8a67,0.008064076996943965
ck_ae20e28f9854f3ee,0.042042195108389316
ck_9ee044b73943a90b,0.010627550414438882
ck_dab34cf6f0626c9b,0.020956309486496988
ck_64a02b7b96149810,0.0006903287603316642
ck_c417d06f3e94685d,0.007342622866497383
ck_3e0149cdee4cb294,0.008211682608562256
ck_0e6046fc30f81705,0.014865825234623858
ck_c383aeabd53e9c89,0.008681339791029419
ck_2ef76f1f36e8b869,0.12131472636607496
ck_43948784650bb9ac,0.004933316321815666
ck_bdb966f43ac350ee,0.023255538621371485
ck_5bea0e0ee0b094cd,0.0034702232770736858
ck_dff090f03ca5529e,0.0012872072813286009
ck_a4691b57f837d88e,0.006690061158046978
ck_99ee90946395d74d,0.9405285947645805
ck_cc81dbc83a8879fd,0.003998756152939551
ck_f3dc0725621b3a35,0.001427188550522857
ck_1bb212d1288b9689,0.02088934124983538
ck_9e7278fc7679f002,0.011755151412331697
ck_3ded7a8720d7e311,0.002805482295433827
ck_798157bcdb9453e1,0.001250628470519234
ck_9fba80f56f357fe1,0.008928172191383758
ck_f1e1c8491f16f912,0.0036714429046808767
ck_7b1319a5ca2f63c6,0.9829008512282293
ck_124432fd5c92af7e,0.8279085301152946
ck_148cb0c723284dc0,0.008452078289353262
ck_b56c62c950eda009,0.003261175786585717
ck_a0498755cd8d7188,0.0009286239373902459
ck_5379452a9d74efae,0.0027538290257836016
ck_6c2453229d608183,0.014321554927335714
ck_f9d8b4813a88c1e6,0.008274091703691162
ck_c2c7d1e45a521857,0.012822173960334304
ck_4364a83a11743888,0.01220708750016668
ck_2cdf5fd97ba75e06,0.775122077947746
ck_71bc01291e0533a0,0.01763166952589353
ck_a725d7aed2a0bdc2,0.0013385009734826795
ck_a9b0c4dbd7db6a91,0.029436476233046672
ck_a4258806a533efa9,0.01207340969152903
ck_905e460591d9a278,0.02973389665087761
ck_20de8abfd8960ee3,0.016740987854379608
ck_252b0a0f1119b220,0.0015437211756546467
ck_95e4bef65c36af1a,0.0013833599658716934
ck_5ab68b434ad53fea,0.0035652466548073505
ck_13677a1957078827,0.001617244196375603
ck_d251e9fa09e542dd,0.9932939644139903
ck_700cb620f300dd47,0.008753699219758073
ck_39a68c55a1bd3ace,0.09818540490342152
ck_61a59a7944d6c53e,0.8850754379398469
ck_db6d1c6d31da967a,0.0032185613387991927
ck_650020c500b1b50d,0.01973808349199873
ck_d812eb6930192793,0.0025654568359394906
ck_92f6ebc11ebca89b,0.04990155654031415
ck_d87e26eb5bc84b01,0.0011907807765016581
ck_66439e697695224c,0.0026538388757028353
ck_f21efd504faa654c,0.003128169854702903
ck_15eed0f5652f0352,0.0041442101049708364
ck_bcdbf57d98dc0d27,0.07617343965649945
ck_873ceb8004d3a9f7,0.021675349143964774
ck_70bef9ddd4bab005,0.004345640957834671
ck_7560f1891d66f294,0.0007731845706178986
ck_f439f16f8693883f,0.009801135385760546
ck_14f9535e53f9c7a6,0.005251598244975413
ck_5984be472d2bc267,0.23595499420958146
ck_ed01be7504dc4187,0.02609894994242614
ck_dc3d8b5c17b67ae9,0.006364570655499916
ck_9dc23031b6b494af,0.04951254833307768
ck_fbdac0221bc03f66,0.027714598913722736
ck_863708a99b92ef0d,0.020718819878477367
ck_22b52654776a1ea8,0.9643769254639498
ck_a0714f98001efa0c,0.014552096466499667
ck_9c56114f84e9a541,0.003526663442747073
ck_e155cf506b2fb699,0.0023854255188813537
ck_65ed7e72f24731e7,0.003490790809524936
ck_822d6e8e43befc72,0.9324978292458157
ck_b1182471d9ac6b26,0.0020063432620009798
ck_821446adc95e6da5,0.004060585361202546
ck_ff182f033134dbb8,0.008374760669749853
ck_9c5feef7647b0588,0.005595940062088918
ck_df935d8bdd44883e,0.011516021948531966
ck_01eb24c18ad11fca,0.013063812141035202
ck_00d6730134a1eb51,0.014006444432075254
ck_79ba8e85678d0224,0.002117896127249094
ck_97e3b04a1350f6e4,0.017058771193862482
ck_74e9747954a46eaa,0.003643839274910116
ck_397d5fcc9972f909,0.03697375307439569
ck_9ede89e8a43c3f53,0.046385324362313615
ck_303b33910d67f306,0.004286313999398597
ck_3c17841636f6f7dc,0.011023697007540075
ck_78730527f8ba1438,0.07853461993809137
ck_5ee32bc6bb5d1d4c,0.05121237726836114
ck_a13fee8cd925d0dc,0.005327082264105364
ck_6f847263379f2e43,0.009146743696728684
ck_9b9d9e579e7b55b2,0.04532200125634247
ck_87c1d0a79e79c84b,0.015949161238395057
ck_bfc453eabb472f91,0.003100895549205415
ck_978c21bb5fe3171e,0.028751213485167744
ck_dd882323474431d4,0.027893663874941375
ck_533c4f7400d5ab22,0.03162400299375364
ck_5f217bfe28954e75,0.9726461807308351
ck_ae96d35465b3b4bd,0.007137533116639533
ck_512ebe97c0af94dd,0.04866994105358931
ck_f558fe02bb0219b8,0.007184647806369665
ck_84092e23d5ef4d51,0.028531160714042575
ck_17d3022ca12eacd7,0.00538113028307085
ck_8a8f81bf3558fd9c,0.002767368259994016
ck_0ada6fed1864e7c4,0.009318400917596984
ck_21fe7bc59dcd78fb,0.0041383139122902245
ck_e136e20c1c74fe38,0.013365006072447755
ck_e7a530e09d113dd7,0.2560719631057971
ck_7cb0c9ded4d63027,0.012578668062366289
ck_102db9615e722c9e,0.02952088345893166
ck_129e39ddfde92eeb,0.0018549485768070083
ck_d730ff21bfd7769d,0.003527853076656766
ck_54459b45d2be8459,0.003886781458717763
ck_7f1c20319eb60aa6,0.9958594093598407
ck_939fede90473e412,0.004529692679686915
ck_e0f9506a6d5f4a1a,0.0025403323294114124
ck_9a4967cdf49265cd,0.10645544475010102
ck_b9eaf03453ac7d5f,0.003700424824204815
ck_522477be6376b450,0.002596990599999305
ck_9b6282e3bad50710,0.02499138743689842
ck_a0e3a2facd508e49,0.012832527419852847
ck_97ffae702f7c3d08,0.004090789850267755
ck_344a95cb7115ec67,0.00354786097658997
ck_1f2760764afa45e8,0.007384181855540172
ck_720cd658d11ea428,0.044598524546827764
ck_04e32ee9834c088d,0.9196728784926528
ck_2bb1389e5e72c8f4,0.016811324779802433
ck_961e7dbc217cfbbc,0.0032985197899936076
ck_f3bce4eccfa6d6bb,0.00420713350087941
ck_e0ccfa0d689339be,0.0075175269364396394
ck_98217aeafa0bfefd,0.017756277876806194
ck_a02aeec1914c158a,0.02037648063279565
ck_20a17e8f206a14c8,0.0035058915154238617
ck_114c32aad4b6183f,0.14992394016786012
ck_79f5198f0decef20,0.0022658176020304184
ck_2209de229b4c71c5,0.019864132723182465
ck_6ee939b7f396975f,0.010100093344503593
ck_202f0c14b07ace01,0.04266670559262619
ck_fa24db9d416ab904,0.005076540623732457
ck_cf6aa24b92c4d33c,0.9098977933065155
ck_45f57fb8194cefc8,0.018529844520970187
ck_d5eb179dc45394c6,0.014740557391320111
ck_efb24be983342f75,0.00579713640883967
ck_245f5d62ead5ef28,0.020542579629912464
ck_15fe2a47fa7e92ea,0.0021552717889087173
ck_b6527a85fd682554,0.013012033784807347
ck_11f9390a11ce9ff5,0.014609220769023629
ck_ffb4d892c5158201,0.004058939881499831
ck_d4c1da5a1427fd6a,0.06831149964546426
ck_2c041b1efb1c5063,0.004967636087558148
ck_ecc18f40b33be769,0.029783871551727015
ck_0525349f3945375b,0.027089572004503636
ck_0bfe62e0c7eab9c9,0.009185490088462764
ck_b7c37d410b1646c2,0.006283889523054538
ck_4b15b0746318cf42,0.03947644256502571
ck_e5ee006ecd8ff661,0.012046919557645046
ck_ccc83cf66365357b,0.010965025177258735
ck_34a33ffe8339f66d,0.9609610185277798
ck_4e39e3b165edab58,0.578050383056335
ck_1a71f8081ae00190,0.9821039687249579
ck_ed8f1200fc049c40,0.9482122603881926
ck_8a5a57858e8c77f3,0.023922830904132338
ck_fff9fdc2adf5100b,0.9440565790622308
ck_c76f1bf40f3b787b,0.0012053380002051445
ck_1a6ddfeef82b1b1a,0.003882441718438867
ck_478d2667aa9896d9,0.005135169842366939
ck_641c8e7694b21f3b,0.009315634526925388
ck_293581d879f6663b,0.8336125473924019
ck_1bfa8abdb22be8f0,0.008071243278314039
ck_05ab5b03d0bf9ce4,0.10321677236454885
ck_35694db37f0cde7a,0.0009585250484308944
ck_fe33eb743d714c03,0.006373619138531288
ck_abd10fbcbaf2b038,0.005160587671296513
ck_46d51648c1bf80e5,0.18543091352163404
ck_5c8390017fabfaef,0.051160141358951985
ck_87d55ca333f22072,0.001088514811834377
ck_c39c6a1453e2b92c,0.0012158898221921264
ck_69ff1b0aa143a168,0.001106449003278415
ck_e57c79eaab35ded7,0.001216104189561262
ck_463ae759e2b6ad1d,0.048514685656526564
ck_0dae4a7eb587f3ba,0.02000042196607722
ck_9b12fb56529ebc4e,0.008589480730598032
ck_1af547077ba2dd03,0.13094204024922704
ck_de13de941bebc7cf,0.0006494403356110405
ck_83dde7da2bf647ac,0.0012871426693345433
ck_c80a94d4660041fe,0.03140659610596532
ck_f39cfeb277ef6528,0.0009955253101971697
ck_1cec1ed1512a2d3d,0.00285456853414984
ck_7955a359b6448799,0.0016743069643520361
ck_8c0955dad13c3ca1,0.0027014487843914628
ck_6d4cd2de601a2308,0.01697053374953197
ck_f4536ba8dd2d551d,0.011334615811212624
ck_b379c198d6db2d62,0.02184926891487121
ck_76ea90ebc74bcdc7,0.01209522457694149
ck_734f06bd4aa92781,0.010979330465902132
ck_677e1d0c14cbf569,0.0016532355902012976
ck_259271c70f3fbcbe,0.03483650302973347
ck_c0b744eb9e7d4eb7,0.018269896123225805
ck_3d41faeb96802f68,0.0016650529951107288
ck_8f604fa70fc3c8e3,0.007421813488708953
ck_0b3c3bea0e0ed339,0.012272616430021395
ck_be5df076b8a86409,0.002138540358073668
ck_6a475fe324d7d790,0.008710646780624366
ck_3ba3fa5387bacee8,0.0009897572452675651
ck_324b9939d9c1c31e,0.005371938548428242
ck_a7fcf7b592f68ca1,0.0353210442211791
ck_5b2728f7cca414ae,0.0009099983063245963
ck_5f4a25ffd0b85a47,0.015689815840787453
ck_63d4f5076fe4406e,0.008819445302813943
ck_af528d66c86f0cb8,0.7181040137389705
ck_ac7cdb9b8da7b5dd,0.02099014008727606
ck_3bece63711407e25,0.019398659870166028
ck_d4e0b2a12fcfc35e,0.006107394595683281
ck_ee3e7c9d3a9c74b4,0.0277205799345751
ck_50d7c4dab837bf66,0.0031730123898205433
ck_ebcb93a2990fc914,0.030951008667873325
ck_2329cc9702cdf7a0,0.03394573476975549
ck_db1fa53d588bf99e,0.004888617912566102
ck_44e57a0bad5a0745,0.009151993321596368
ck_472c81a144f4631b,0.0022541313273895356
ck_1658429acd5306ba,0.007201899492843176
ck_466103ec5bd9444b,0.008849033121483673
ck_9757163e25262b74,0.01841046459478967
ck_34ed59bc2c9b0186,0.003394910493570566
ck_b7bd3a7f263f4f29,0.04155908513247052
ck_149662b09d632e41,0.007061355903329745
ck_a9ffd6b3957bd41e,0.0022460215175733452
ck_ab80466ef615e85c,0.0016671131264377151
ck_f2c824d3473db24c,0.005787549686937786
ck_a4a01fd45936b078,0.01710996405215149
ck_8f6ce158c2902877,0.0006756239207075341
ck_5189a302cfa7cefd,0.0004916870541907857
ck_430a3d03be588201,0.006031601993383296
ck_b5f9dd00914b4db4,0.0035899723819786443
ck_52dec82e9cf6135a,0.004148202093308869
ck_95e444a01e2ab4a5,0.019031137769327047
ck_e37cee7b123692af,0.024095405196344736
ck_d68d42858a55adff,0.017476445715697564
ck_3abfc010091d679d,0.02242263356401997
ck_cee4e4e1b62bf82f,0.017318212214040528
ck_9ccb17c35e636c5e,0.009865938279397569
ck_f72a5a3b0d6c1177,0.0013260665656804002
ck_7508aa554fae6afb,0.02056710205590968
ck_003aa842b7ca1d77,0.2623454969961065
ck_83b2b192f41ee2bc,0.1667150955744961
ck_64796b6b2c3c7f06,0.03131086542512105
ck_6438ae81d43cb196,0.003927465273096966
ck_2bd73d9098504760,0.02844369053643491
ck_aa8b9b36a099e4c8,0.025327101951356464
ck_e5ece47d0dd10526,0.00880721194105491
ck_16077ac345472e6a,0.0038589029857568407
ck_a4d6e152b0076964,0.0030272585430549193
ck_d90b1d03ae151f62,0.013551225571576824
ck_18b36d342b530af4,0.0037256776473946858
ck_2a01e610348b84f8,0.06441304293706189
ck_0a93ed76bf36c8b6,0.008297189368726978
ck_3d56b477fe2370b6,0.02747027894285591
ck_17ab3068fa303682,0.003848016446329152
ck_592a3520d841d11b,0.008612625526011553
ck_84d07028b5fca2f6,0.006504858330297919
ck_f4a2bb10afa85743,0.004943658358135444
ck_4fe4b072f03f2c1e,0.002260778167288701
ck_9ad08fcc183ea1e7,0.0011356035462045833
ck_130d3848b9dcdb05,0.00471406979994952
ck_bb399ed6bf28c230,0.011833887510523406
ck_a31a64a39a2c4941,0.002804056269423614
ck_c49f25dfb39909cf,0.004072024857510405
ck_55f50a9ae2db8ff7,0.003311975337131077
ck_09faa4e771cf876b,0.00287242697693636
ck_df520a7a6e405889,0.05773848826109105
ck_8c8c98cc694ac900,0.009274192023662305
ck_7f0c4f609673ef62,0.008523159402345087
ck_f51fe59cd445d2cb,0.006504631445346911
ck_b3fb83f0d772a831,0.015286578490683494
ck_d6e7e257751c299b,0.003134312901456117
ck_0d362ddb4a1cb6d4,0.006264263392522884
ck_a574a08edaf81781,0.0017862940584865191
ck_a823f5bcb0e4b9df,0.0006922425734040126
ck_f792586ad0381eac,0.016707489022488038
ck_54bfd70022c66983,0.012053144801109214
ck_fe0a9372c9372de9,0.006669233362373454
ck_5691cd6fdb6d8147,0.008383616602409376
ck_a95f212a02433d23,0.004527734111392287
ck_f5adad75e1c06731,0.029552327179497
ck_e09c97520eb0533c,0.006458777840881072
ck_a1e13c0d58560340,0.0010826959176809185
ck_cacc2ca410cbe80b,0.010065815651735427
ck_c0dde2a6ef1e08c5,0.002039325640300062
ck_a04403073c90ce38,0.0009738905745140861
ck_03d3026107175dae,0.01349388559424652
ck_50176dae5b1b716d,0.003504995070951694
ck_6c084bfcb38e96c3,0.01755729075116197
ck_36d2be9012f7909e,0.02017177816203254
ck_958acf84c6137a22,0.011894689395696548
ck_114722e12db90a73,0.0029163768641280135
ck_203c2a22c0c165ac,0.0048304464017739105
ck_2c44ca550e5cfa82,0.018994786398314235
ck_df0a8f20ab8f14f4,0.02388360438334444
ck_826a27ff7555192e,0.012532867011114706
ck_09a988ebcf062297,0.027183553555430045
ck_5c82444b3b9160ae,0.006899163879883249
ck_f6a4a7ed27fe76fc,0.015649926408217305
ck_17de46314b5c6a92,0.008185697911020539
ck_335e63101b1e6c4c,0.09530927329693338
ck_c5eefc0697451de9,0.014614503702859636
ck_49a0efb5d4067b6f,0.20454103791907893
ck_c1f4509c8f5dac5c,0.0035542739186817385
ck_57658eda1c59bc52,0.00436569787993268
ck_0d5c0736ec76385a,0.0006941348708320695
ck_e0239e6ae30795a7,0.03309345626370355
ck_e4459115cd8e5e4f,0.010084729308494873
ck_bb4aec09d4968dda,0.04816407110565351
ck_a1b4c96faed3e0db,0.023350835470058836
ck_8247b79ac67aae7d,0.007048557502702874
ck_fe2fc7d6e5d83f09,0.04532355104822967
ck_f6aea576cde8d592,0.001577387986143659
ck_b7e7f7d0cd886412,0.0565640341351802
ck_ca7b993e8286af7f,0.38889530257544197
ck_47de038381a9cd65,0.06642505751824225
ck_d38f941d09eec820,0.05528787507889493
ck_d9ba2a6c0d926b4d,0.001984542404406072
ck_cda72f597330d0f3,0.004420646904443939
ck_16d2d27fadeeacf7,0.005149807252383705
ck_be05447853d423a9,0.0011113291358706878
ck_cd92852d7376a4a8,0.0009195896849549339
ck_2faf7ecccc9fec58,0.0009619411164576664
ck_db8733fd92f20cd7,0.005249581397603926
ck_a9989a3a94c26634,0.012247909297996722
ck_957fb25437c75e41,0.010241710360455016
ck_e6a6caf6e7de17c2,0.002325991132439589
ck_f7bc569b37e8bdda,0.00795094720370811
ck_703b375dd86a6124,0.02637343545239563
ck_d3cfb3603f2c6ca3,0.03187746290527442
ck_07cb2b6f2a4303e1,0.012258215633831218
ck_31631e2028d4f855,0.010008750746698648
ck_1631bab0ba1256db,0.025002366688035082
ck_5fdafeaec036f016,0.012495064353245523
ck_6eda4c36aecad602,0.0021644368069572645
ck_bd1bf9e3e29de281,0.014259626157021704
ck_bf378ea558a4125f,0.9255636160525871
ck_7aa2deeda0e57412,0.9895477280073102
ck_d229cf7f5a3f38ca,0.0040478451295833775
ck_9e109edd124492a5,0.00267017886334196
ck_779491819995625d,0.7846454148071598
ck_b89c6fa2ad0a12f5,0.014415582635972663
ck_1d01b4a609918c4e,0.8053566668419014
ck_714c5d7cb17bc9f2,0.007210352861872482
ck_269f1746f2609ed4,0.008372887524826941
ck_4be03a2aa62b93c7,0.002078785651006741
ck_cf920313f6dd28fa,0.010162222965162924
ck_fb00aae4e17740c5,0.0033317684296248497
ck_085d8c42739e2b10,0.9902340069671756
ck_c72a7d0d03cf3e17,0.11087641673680823
ck_8f6ca5d3b17eac6e,0.0043061197191415195
ck_d9573100bbff4014,0.065039142737585
ck_79d6793d1d0cf43c,0.001610357036045822
ck_91fa5032f7aff0f1,0.04720154936276675
ck_87110d84872c0fed,0.01327272222702737
ck_8220da627e9992a5,0.002547906303362655
ck_2ae44938847f3852,0.011756367221769103
ck_b0f191e44f9b6f35,0.016500393428706735
ck_3049d744b527f4d0,0.003896310373288887
ck_47d3e8d1dd3fbcef,0.016198855454738835
ck_ddf787359d2b5deb,0.000695884353598926
ck_b27a9e39726b26d9,0.0034620769701419465
ck_80c4e9274cf976b6,0.9938284829383134
ck_c6afa913168ce8fa,0.0031374015938958645
ck_52427b3f8478db19,0.02557896060997881
ck_3b810f15ca0eaa55,0.002929908749566162
ck_0c9e420f97baaa06,0.7453972587828879
ck_f8540cf3a8b2f8c9,0.0495267155039662
ck_1402d24dd623df72,0.00862888583051412
ck_eb4f4267e24d042c,0.004121483220716657
ck_6f661b428d6fb8e4,0.02686530410727031
ck_519a26ecf3d29c90,0.0023980410202909426
ck_e886ba71d4a6fd73,0.008748902694642301
ck_437f9ecd2016a1a8,0.0020213056325638135
ck_f01af1b0c977cc06,0.004122589418487621
ck_614f777c2eb5d537,0.0010330156157222325
ck_b804e784cde9af8b,0.012035068684030837
ck_c2dccbc1b24b137b,0.8456494835618467
ck_1df4a1781a0f6999,0.021080111618144964
ck_bd2cdd53fca26171,0.01167821914503304
ck_424c254249a109f0,0.011901546743256101
ck_cf2ca4f286e289ba,0.04057738155501739
ck_6c33cb15b0d8af54,0.004337288339215141
ck_311d395fa9b8550a,0.009143996558175809
ck_9f792e7e721ff7f1,0.003299868433136338
ck_4c37586080edb7fd,0.003262256165794144
ck_7c4f42c5397113b0,0.010715627754401288
ck_fc418f53ce4aa579,0.973774207585851
ck_1ba28fb7ef726ce2,0.00787203681705429
ck_d932f98bf6b83956,0.42431767676307786
ck_248b3659a9239240,0.014355318586043431
ck_6a92cf5f4cf5de38,0.019139645143373345
ck_65519d0fb137e0c5,0.0035034316389819615
ck_ddc3fc99eaba2064,0.07419579387772508
ck_7310cda3bc65a73f,0.010771831305529526
ck_c01c85bd631d4054,0.0026944349474116156
ck_b4954d16b9749829,0.004223230388589653
ck_f301f6758e170d66,0.01217449499973113
ck_9bf95f8c47e7c7b4,0.00482490019898194
ck_c91b7fccf6aeb4a5,0.03833405708199085
ck_785fa45e86bc5e95,0.006609432189453324
ck_2a65f1cc23f1180e,0.001616128542011598
ck_a49a2c1f881a3560,0.0023349901445089733
ck_def344d68f06d749,0.015678670882580396
ck_abbd1465fc730d78,0.00348490337180274
ck_07a5610ed28162fb,0.007290450683044352
ck_7ecdee2d7127be8b,0.005235835245476437
ck_67858bc00e81490d,0.0010160521848775355
ck_b4ad165ace910222,0.005580966605431299
ck_30753ffe481a1b8c,0.16859659325364337
ck_c401a26725b17177,0.001709125950560536
ck_819988d8a7f26415,0.0032350620180503255
ck_3364a1d9261b3638,0.0014328348052914384
ck_c484c5bda389bf20,0.000760944435208902
ck_ae416325fef92c9d,0.9551456607395981
ck_5517b9a865960542,0.0073681409881324045
ck_a0e96fed380440b2,0.009622150987738354
ck_e83409471d2b0b44,0.016218525389787616
ck_127273af97d7827d,0.005224124381355019
ck_aaa9861c91bd14dd,0.0054578644162511045
ck_a378c58294001a36,0.8752007750559905
ck_abb9d65ff1f95b64,0.009322053408378982
ck_a5ecbefa849ae569,0.012093869529156621
ck_aa9953c0ca2bed7b,0.000797792608986112
ck_40bc6de252865f32,0.003304110756068083
ck_9fb11688dcfe1513,0.005557733994833667
ck_ba68841ca2ba073d,0.021009775871569665
ck_1d3e561a7d20be0a,0.9889273210950913
ck_99a92d710a29c1d0,0.0015066803058430642
ck_ede2e887697ffac0,0.0016830091510361667
ck_e6de67c0d82a7b83,0.01281105268939162
ck_6b38763bf5ddbcef,0.0073322276713206295
ck_8dd44eead7d765a5,0.011300327522828515
ck_30bf5b0056eea9e9,0.7676422831275069
ck_2981d16f8a51a8ed,0.014524750981344894
ck_fc60f42c68c7024f,0.010966097910533774
ck_8e2b2251ee224aa4,0.005551244704637548
ck_1906f0dfaf6e9bad,0.8197582387489488
ck_dcbe6814fc4ca0b4,0.02562813593908092
ck_f7e958a286ae3b57,0.0033535557162536144
ck_713649668a7ca824,0.012808035137155602
ck_6f73cdbf9305e2ea,0.03297590819378761
ck_dd1c490050cd9051,0.008736592901510548
ck_e30db36e376606f7,0.11792321747733114
ck_740d8fe8028b5a2e,0.0070892390735868924
ck_ebbc9418cd41f692,0.003609802829584038
ck_7b3cc6cc3f250f39,0.0988292861453621
ck_1d30eef7110809e5,0.13976721724622157
ck_77e0589ab339ca66,0.0052259837261660275
ck_15ccbf8ff7d14086,0.004403668302052052
ck_246989b0c288664f,0.018424710427830143
ck_fc2a6e27b10b10e9,0.000959732840185673
ck_8afc1112c12f5402,0.004812292534951727
ck_a76e8d83b9141364,0.025307617352513294
ck_51d3e8dd7465c015,0.003900832837611442
ck_e7b4016909405981,0.0011316726366112223
ck_e7a3cfb9bf908e80,0.0135169323637821
ck_2bb49dc2388cdc1e,0.002815425453890908
ck_94f4266ee7871345,0.009956468967624114
ck_b2c896beec146477,0.014787996708608319
ck_fcf5d4a4748cdd53,0.0019853604784658705
ck_fd0483639811f62e,0.11703610306540531
ck_9a21d183524734aa,0.045121854990079
ck_1df4b46c0a4c317d,0.02967679078614103
ck_638df9e8a22dfe0b,0.0020343545045794073
ck_65acc43a6dc3e65d,0.0020006022694564122
ck_7c67b73196e3d0d9,0.006452324918085307
ck_b0ee3a98175b462d,0.004033021931558136
ck_20fad010969f1abf,0.0015254946921850828
ck_54b087bd873af8b8,0.008779210423193325
ck_8007824431fa803b,0.002505561155642581
ck_23aab322810b9fec,0.005905198245998314
ck_c8001bdb9aafc8a6,0.010774700247847782
ck_3a34c3ac83cf84b3,0.0029027411233953186
ck_60187ac2c473a662,0.9892483640024393
ck_6a0ccd7357979f0f,0.03894847183456661
ck_27f20337bef5ffe0,0.019108707701107043
ck_f9fc468915afe49c,0.013929885023507421
ck_1eabc15a94bd9009,0.005495974287673547
ck_26896c494b2768ef,0.004635257663508705
ck_348c874eaf0354f4,0.006230813612282824
ck_be9c46acd216b45d,0.021082667116452725
ck_a3cce46d15cc20a2,0.027432584501088937
ck_70804f60d9704128,0.09740746203346495
ck_a019151ca8e7527a,0.03046676311311894
ck_571133b2aa8ead51,0.014520427798887538
ck_0afa4449f20d5196,0.0025327635586904875
ck_4d503c41cf4e5034,0.008010061351649032
ck_d6fb9cc5171e3e9b,0.5646290176305606
ck_05ed92a7c3e10e5d,0.008394583486474396
ck_bfb067986660afe3,0.04588251313415061
ck_c1a31690c8573226,0.005930023582485634
ck_cb88ef3dc1f42225,0.005204150388524155
ck_21e3b3bd998745e5,0.005860361515096604
ck_cf52e46fa54e4540,0.0008936673944739016
ck_b72c7ac4208052ab,0.007693642542259699
ck_e6465c56b337e6c2,0.005951804924732134
ck_5f87eb05d18186c0,0.01520153441595758
ck_263f6c5ff26b5e98,0.0027728886146165975
ck_e0b7e2c0bbe228d9,0.0009061113120632979
ck_b657ae3c146cb7bd,0.009525090018557
ck_abac514d8167ea58,0.11431354254738349
ck_024dcab126876002,0.005271745198078981
ck_5d8481e2b38bd99d,0.035545292442169384
ck_edf229c17d25dac1,0.16558616454559122
ck_6cb7c97b72d6b5d3,0.00849486958262532
ck_c96ae2c28086a059,0.0064605933011989605
ck_2f241b97c0f8389e,0.009431059887800797
ck_9158bdbb63ee8987,0.030620265637990796
ck_e7b40b60786c1530,0.002625215586643221
ck_66d38518f68e6194,0.0011794679835511947
ck_8c9b57ad2a991416,0.007851188059424166
ck_cc91bd7152d3e9ba,0.018865008926921414
ck_0d846660c7957a88,0.0052206140315743796
ck_60896cdac2212bea,0.03549003156733143
ck_dc4db8b932df49de,0.020179972194931273
ck_2dc31db181150e20,0.004461381282043533
ck_2f138fce1171e277,0.004515898651899708
ck_68b8b859a6ef505b,0.013984799745771825
ck_c3fe0c6c5e1f40f6,0.0027895538719259058
ck_15886fe84866de92,0.018149467738473694
ck_ea269b35406473e8,0.0023330752605130447
ck_3ce7cad1f69b71d6,0.021355306772401307
ck_054ed4288ee58d6e,0.016353601443937087
ck_3d4913a86f207fee,0.06903455840063084
ck_23ff85f9d2355e8d,0.011944317111945145
ck_d87ab3261322216a,0.000842118549632899
ck_fac046ce336fe39d,0.00568416656967378
ck_beb97e498e6cf8e8,0.029266298918784784
ck_1f517e0ebf397b51,0.0029285270030155056
ck_0af57ebaa45877a1,0.0017542390113029823
ck_f99bc1732ce5e999,0.030870815095123218
ck_abb056a9deab275a,0.021046796775115718
ck_0bfc394c5faa65cb,0.005859895719093606
ck_ddc865af1dd5670e,0.02993740393053294
ck_68b5542459638b56,0.1564036718072233
ck_0b1d84252c0b46c2,0.0023489849710851777
ck_520ec32c4f253604,0.024821458401189177
ck_79ffcfee599d77c7,0.013749710148522725
ck_eb224c0fd146253f,0.05629624031717373
ck_0e477084434da450,0.01085640447344165
ck_07840bba5570785b,0.019464806510283206
ck_6b67fe8e310ab865,0.02391566669029145
ck_e2a1068c2fa22525,0.014886213465074632
ck_b9c6b32f6bd92a3c,0.0067110742914618824
ck_c1e7d1021ae58f00,0.0009419852209929877
ck_5d7801201749ffde,0.016536661784438876
ck_c8806749e263f70b,0.001498532393280105
ck_c9eeab826781dc91,0.013984275773105511
ck_309a432c160a17b3,0.006571976045035385
ck_b22e3337b8e3dbb2,0.007247408684883475
ck_79c30169c71b8033,0.8988081307101625
ck_5a6593d954085775,0.007728089940920476
ck_70b9b79ea1aacba8,0.013324818668089128
ck_63743141ffa11f45,0.005793337837598015
ck_dfd3dbd0d97a642b,0.005110064335420675
ck_635646a661f05b4a,0.020606784020874513
ck_4b123d6931b6d0d7,0.7917593873891369
ck_f2b0e7a47f442557,0.9050708815997085
ck_1b1df006b81d38ba,0.0038050892978221213
ck_360237c1bd30f4bd,0.0023044371280009045
ck_5e84bca0e362da20,0.011691535546603871
ck_142dba210ed2f3b5,0.01903902313867718
ck_a3564236069e3524,0.3512795338925343
ck_cf36d8b070ded782,0.006663477327367719
ck_ddd6625c5eddad70,0.0013661884915392912
ck_ad54292a0b2f44ef,0.019301827462900746
ck_45cd5ef6b359e9b4,0.004906865646118237
ck_982c2392238b7be3,0.5185274373239588
ck_083e4ac78685c3bb,0.01197585089620227
ck_729cc0b46cc2e546,0.36538445897060934
ck_f2b8995fe5402759,0.00440253417747983
ck_73e24f5a8da289b3,0.028891412433589836
ck_bd85f30c36f5998d,0.03300528584348995
ck_ee4ff3aeadf912c1,0.006423084036905891
ck_63d2978706e193d2,0.02008537712514848
ck_6a0684436a1e66c3,0.10230079873505078
ck_182dc4a2f5a366da,0.0014067352469706047
ck_e6fecb82fc2a82de,0.005362329589631877
ck_cfb06f07394dfe64,0.0008924027766820388
ck_7bbe1dc8add17ef0,0.010327417715517147
ck_5cacad76e02c8e3d,0.9860377628024578
ck_ca68dec0c7df5a12,0.004810630361427327
ck_e4c0fc52c82065d3,0.006371593109291619
ck_f9197b070416f443,0.0048452252637555225
ck_2a07c7021b71cf65,0.00763064142007529
ck_4fa85cebf707de2c,0.001632123196472747
ck_0063d2a9507467e5,0.005660792066485705
ck_ec986285fff05b7d,0.001023188680360891
ck_279d43303708109b,0.009336938055769397
ck_a406bf11e48cf8c5,0.1075234941817275
ck_064b2aa3f0bfdb6e,0.008078236040832538
ck_95790440bc4bd2d0,0.00959688602898419
ck_70066eea13b4c34f,0.012463416650983104
ck_19468fe07e26f992,0.9929996476097769
ck_86bfe328e0a533b9,0.9611502726135941
ck_ace3b96c977a7560,0.3390550311891614
ck_642344e5c652d8df,0.01710817071038629
ck_074be35c951ae10a,0.011361670015977422
ck_f14dce41036486a3,0.9925426474269367
ck_5cf67a3a747e684d,0.009791408667086571
ck_f7285b92648c1c81,0.0015602400243487468
ck_bef3193f124fca5c,0.044126535883332034
ck_05c4dcbb45de1f8d,0.0016041477731317752
ck_d7c28eaa05bb7144,0.004605390556962627
ck_320df984791a1b99,0.0036877222373255768
ck_f45bad1606fa00a7,0.006805661811369839
ck_6f81c199e986d9fc,0.009645649646241778
ck_d0c9633fed57c344,0.008915314182188747
ck_a3c25d6cc7478068,0.003958279156022414
ck_4185506d12cf9fa0,0.0012534888014716847
ck_7a02ee1bfba7353b,0.027104850373271327
ck_1b52590757c0fbeb,0.012024126953035194
ck_a0e5656e1cf9cbf5,0.0017045861810002078
ck_ace21f6daef94f6e,0.006957149018106993
ck_646d8d0834782d6a,0.057904356504348
ck_1f136a4476b5e775,0.009359190528669417
ck_325c7643cce02da3,0.03882851076277875
ck_9b5e7fe28208f5d1,0.007639296915522923
ck_05d81b1a150f31c5,0.0013937344668811858
ck_0e9ec486bff403c5,0.013123718871646284
ck_ee13c091bc379188,0.015308898471859836
ck_f7a7f8f5903617c5,0.012224726697085178
ck_96c3a3517153390e,0.009508918439268474
ck_538dad7f096458ad,0.026467870435728114
ck_8758fc6622bbb7df,0.01158756762460772
ck_f7e53af3c91fec64,0.0076603945441045315
ck_80b50fad7f255e1d,0.001436899556798443
ck_9645e7adc08631b5,0.024657554641572134
ck_e007aedbf37d6ec7,0.005794497740349699
ck_2951d76c41de2569,0.03252068067076436
ck_9439bff87e616d4a,0.003490485256288648
ck_a73045e96af0e4fe,0.007617465636100491
ck_7b382e533e2e925a,0.009688854193646354
ck_730226c2d216cacc,0.009550782529173924
ck_bdf837d761a7cec2,0.16461380328075928
ck_0b34197335ba3341,0.007384255984677667
ck_49170c4b31a20f5c,0.000896892020547458
ck_cd553ba6589d8bfd,0.009247502368257134
ck_56b992c6f136fa5e,0.014680912854166834
ck_8beae3d7328fa41a,0.041652446717608274
ck_1a065ea906ae3d6a,0.0020561582308952163
ck_e9e3381d5e0e5051,0.0020586435317748826
ck_a6d4f998dadc90c2,0.906351675454582
ck_d36733da917115a6,0.02369817679404913
ck_e738e920bbd74a7d,0.01880098774352283
ck_af65eb885a51048d,0.0006995652443245838
ck_73f4eb09af29b1c0,0.028094399577963235
ck_8fc641b1750a2542,0.08171171711714151
ck_41b954c7a948c060,0.0039678927040273605
ck_25fc3010e8a0f6d7,0.003586020813377591
ck_a2624e0387974e0e,0.01177850535907358
ck_5cb9d7b2329d5ab6,0.010812267432674133
ck_6c83aa1d100a7cd8,0.028873788828420344
ck_67025c64588abd1e,0.0028270285355282607
ck_f5dde68f6f0468e1,0.001917837658738069
ck_46bfb2cfc29a6d2e,0.012846970400093225
ck_49dddb894d33f6db,0.0447595007386052
ck_f738b633b8862d18,0.0005902049198771745
ck_3d6c3c00d854f5a4,0.060393528157793384
ck_cdb8061d8d1a6c5f,0.006725794801451029
ck_5e1b81848718bdc3,0.007148521297396765
ck_8def763034187436,0.010448365569490286
ck_8f8e4fb9c6190272,0.0038520748633080215
ck_368b968b5f33431e,0.0012190950990920847
ck_ba7e347251ea399b,0.014951613991504029
ck_9075432001a64e75,0.0094717476444495
ck_73c5371635aca173,0.8442321366612454
ck_81793387b38047cc,0.0010694743187452877
ck_0cf220816e320ac5,0.0037340579271092217
ck_820219bb9c761b52,0.1860308026477246
ck_70a932ab39d86a24,0.0012324717286513486
ck_2c4be237a7ed79c7,0.0018024612790374429
ck_acc764b49ef02826,0.7049935103785484
ck_74c3c3452e4e7cce,0.0014398335639955549
ck_34dfb57e5bf31d2f,0.019038833355516427
ck_6ec39903f765956d,0.03331701730242892
ck_5986119e7d81e831,0.009916026525703702
ck_2ddfc948b8eac752,0.25187553322799905
ck_921ff5ceaf40a968,0.039016859157014375
ck_fb3b68b4424b5f92,0.029937756321120834
ck_c3db1b3ad4f16679,0.0063539137307803955
ck_124a197be41687f5,0.01775011662969304
ck_c58d9151834f5bad,0.0074398631598941705
ck_389607982eb6b701,0.9232444095576616
ck_fb0c138c003e933a,0.0012813687010448569
ck_50d0bb7edd8c69c0,0.09416824718458508
ck_c6cb651149dc9a8a,0.0012987158270697662
ck_81e21354e477eceb,0.05483894483788203
ck_7696e38b3e4197b0,0.020467250778504014
ck_586001d3ed9e7fbc,0.0016679233527302482
ck_bba413492dc46f2a,0.007163659967110716
ck_95b894380ad2702a,0.029227837241875936
ck_277621473369614f,0.9950964380818037
ck_a50621b5eeca84b4,0.0010217279729728722
ck_bfa7ba218b988cde,0.03670479181886577
ck_5ea89567dfe78e4b,0.006718510533353449
ck_6c679602a6476ab2,0.0036651163709258533
ck_d3885e286b3b11d2,0.024750143155085662
ck_cdcf6671b37c9c92,0.01203673053085459
ck_b5c93e6d34f8d366,0.0022745996545968637
ck_c24f61925dc158d5,0.07130332940208198
ck_cd09375e6c81d2c4,0.011207026763514507
ck_a95afc7a00303a26,0.007534333196055905
ck_8e89ca8b39f3f8ad,0.0034015295748093784
ck_9a84b396aada3fa8,0.017822091574920988
ck_5124a2e415384945,0.015986616186600522
ck_d66bb1f063357f99,0.006844533721879773
ck_0fd9312411b0ac55,0.01888598879314767
ck_ad8cbe6e27e47ede,0.0119646866264417
ck_8398adeaf41f9cae,0.008527604754584419
ck_dcf851e7bb5855d0,0.0032646569691536726
ck_9affb0f26776b642,0.0014792295961862506
ck_f0424b3b36bdbef0,0.037650653428076775
ck_66746d1090d6d9e9,0.0021143195245419033
ck_e5f8c8a5824db594,0.020966403766461146
ck_3e91dcc209431984,0.14656977749417016
ck_126a82e8d42e5ce6,0.003539213107121792
ck_38e4a74ab256e2eb,0.011752223987266792
ck_1225a97fc413a419,0.038301037547155956
ck_9b5ec0f78e160e65,0.0021158590281168746
ck_7c5529bcc079600b,0.0053836164804207404
ck_29640fc2fe81c251,0.5045338301186226
ck_160e9ba0a3f7c1fd,0.0028542331039581375
ck_bff090cb4ab76b9f,0.007795814156708479
ck_aa06ed358e43db69,0.03776643487923692
ck_7264486eb512d84a,0.002841433979827561
ck_f5a32e6160b28379,0.0014285078869263872
ck_4ba8bec14c2217e1,0.005236302529066277
ck_610815786d729d2f,0.029602683290432717
ck_e267999226b6321b,0.0012987982204405073
ck_f3996a3c8eea1ea0,0.008371412770981624
ck_e9b75ed7567a3f23,0.013552604148060355
ck_d21612d48bb4f7b8,0.02129474737765121
ck_1f871df76c6a995b,0.09283434205873203
ck_953bd5de48ccd70f,0.7499925563917562
ck_02a9104419a6dbaf,0.006375114541343237
ck_1eeeee651e05d535,0.03370652229417169
ck_e2ab04136a442a98,0.0028070083021582435
ck_f0d806624ef3d359,0.005569948072570956
ck_4b68b38c1b3326a3,0.0022719655327548298
ck_74e60495f8861156,0.013283142646197853
ck_398f3f4cf05c721b,0.0021981569370745024
ck_f761b7650a0c1a85,0.007303725324951414
ck_7dadef33f5e2d94f,0.988723678135071
ck_6ff6883633b8c7ba,0.001960854903472301
ck_4d2159603045109e,0.00711739772094506
ck_a38bd07a5fac5c9a,0.0015831662111516682
ck_f517f06551e69507,0.005201652663973082
ck_a7ea00a1760ad561,0.9908331915210752
ck_31fc51d5a3dfe16a,0.008578450480484908
ck_bac5233623b25ca4,0.00840621727399178
ck_385188ab27784fe3,0.03420310897067676
ck_9947a323bab5cacd,0.05374898760362985
ck_7973edc9f22ee7b6,0.014596618531845995
ck_f97c477986043755,0.0014852460918876637
ck_1a3fd2cc4b4de196,0.03626792886556717
ck_e18ac29ea62cb435,0.024642808227196854
ck_9720a472a3e0140c,0.003497485617089925
ck_668c7fc7d7e47c0e,0.030975945546528057
ck_214af0806470ef48,0.00842877945726395
ck_a46c1773f01f0be7,0.0264313977630009
ck_f2bdcfb4203ffdee,0.022365839474891437
ck_40e84e6ffe788a4c,0.006895798040290202
ck_dfc6f5712d8d6678,0.08498572827846307
ck_01ef1036b2e66a4b,0.0014788930797254463
ck_3acfec10eec32f9c,0.007144295974367616
ck_084a85145c15ed77,0.014824200519757294
ck_fcdb4fe2f095fba1,0.021605468175659198
ck_023908db0a193076,0.050509567986713286
ck_fec0ff92fd622253,0.01781703510191129
ck_c009c97d5fafbced,0.11123288310550535
ck_eb9f0c06ee017ee5,0.006176652962444804
ck_d7792b429620fc24,0.01179780626682816
ck_5e9e149a3b69c726,0.019831782305094508
ck_ce927322ef8f651c,0.01001498359975683
ck_b8fd61a8e82bce32,0.9708134684702376
ck_9aafc33fba1474cb,0.005631389788564865
ck_ce81ff9b8b35562f,0.0055122198291934505
ck_25bfca1d8eaa152d,0.008434732480123898
ck_170c65860e2a7e23,0.00463785366701986
ck_952da7ca9f33decb,0.00726097649665684
ck_1ebd574406235957,0.008351992062553656
ck_589109a188adc2c1,0.0018147743944509256
ck_f0cbd5383bb07778,0.02972440977191182
ck_242521e261148fba,0.003020650687327503
ck_509cece86a558de4,0.003009798224927825
ck_0dd7c5925d28755c,0.005450411245624974
ck_a7e669cf1c3985aa,0.015982326396729755
ck_acb84dc2351eeb76,0.00106882315312447
ck_b837c7dac2a9b931,0.0073785029065086705
ck_18eb1f9181f95df4,0.0027894659379041906
ck_b0b9047dddb1ec84,0.9496046333138883
ck_43aa136bdb0a2832,0.902689794244765
ck_3e47f8c56c811700,0.0053756656109713
ck_77c587d24695ea15,0.015916108882268645
ck_20578ac693ea4e93,0.0833250256961099
ck_b9f6040eebd1605f,0.02831894199144447
ck_ca9d86f65cfdf018,0.007050220714731446
ck_a4fa8833995c716a,0.007506946228548433
ck_f589f1e29301b5fd,0.007647392257331155
ck_961ddb8ff55d868e,0.0007100191838766327
ck_5662492a54e6688b,0.025670339477773002
ck_ad48826c1c26eb78,0.9176383467694886
ck_621c9ddde6bf2eca,0.010917543176149902
ck_417a3500b2c717b3,0.028038719648958432
ck_c7e129058beb3ac1,0.00932957319921857
ck_ec1c902b9b9b9c5f,0.014074844600884342
ck_317360ec0a67d27e,0.06604291142344643
ck_3e3ea5d8c4a229dc,0.053680357879634225
ck_d11d27de7bf0b973,0.5082599881581978
ck_d37d56e931105db0,0.0032901422415068495
ck_4863077723cd6ce1,0.000923488253250525
ck_479a065d5903e9c3,0.002046576544756681
ck_e66ae4fd586fedea,0.0018962967655099829
ck_192bbfd0d5720134,0.0018144587999556823
ck_3b436cb29af99f3d,0.010752092115085016
ck_7c7ca54969eed187,0.12544098076013138
ck_826ee896c9f1144d,0.8206002513705908
ck_ba1f6dd43fc8a0b1,0.013465291510555203
ck_49685deb63e4e8f8,0.005610501187237399
ck_687ab5d5554bfa79,0.008859327345246967
ck_41346ccd9242cc8f,0.002397002090755977
ck_8f8e5e2b9dfec3d1,0.08076530189027915
ck_94d5ce61a0c50465,0.007575468315337156
ck_6b954c75aad8c012,0.018459038095598825
ck_748af92828c9d288,0.0011404513794556225
ck_dddd14091ce812c2,0.008922968743054186
ck_723323f6870fab59,0.01036948660209934
ck_dbdf8d0708cc6718,0.0019251774975861118
ck_f04938570a154de3,0.006943241388102506
ck_58afa1550b3b5294,0.006861817739735525
ck_3b150afde386ecff,0.00781126359145327
ck_666b95e75d99ec4e,0.8755354253360546
ck_e00332597cf1eb24,0.012114397640858188
ck_9a9e3dac79280d7f,0.023559943707691294
ck_e8d37262e859d9a1,0.01950998327332403
ck_895bb39d24bc1c4c,0.0016207540061839005
ck_b367449195e36499,0.01437101485711989
ck_d23f9a50d1135ce1,0.036693989700491834
ck_670dc4910cf476c2,0.0016835249711454055
ck_3ecd8a5ce65e21ca,0.008323110801629141
ck_8584fea2df4c6317,0.02079252157029114
ck_0789ff4562202b20,0.020355200369161795
ck_749e0e50c3907be8,0.007947553095166641
ck_c3ff6790cc6d7e34,0.0023723360380297114
ck_75fb7e56432ee4b2,0.004226871986280525
ck_529fc3170fd11abd,0.017297112136060153
ck_34a69b3b4a681796,0.23602944835453785
ck_255f0e5888ae9e23,0.03958937640546052
ck_65be698386474170,0.0013380668828720545
ck_5eec9ed855c26000,0.00208828926071253
ck_5ab39bdc9610f6f3,0.9054829867958846
ck_1b5b75762f033462,0.0034702331857761302
ck_d3e208671cf37f91,0.9845422031555321
ck_5068ee554ceff971,0.10062040760007611
ck_d7d50fb57fcb2d0e,0.0012027704630673433
ck_ba6e1115fceaa067,0.01584148993638354
ck_d07bfb16a4a7dac0,0.7949543027600023
ck_ead68310311690c8,0.8802252357079278
ck_ee53ce862bc9c111,0.012189712889295684
ck_97e56e6037024dff,0.0021221120250231166
ck_80b04344c98ec072,0.005244763155824686
ck_5954f45a2ab45f43,0.01075700370512932
ck_18ddf7e836256e3b,0.008162878041100143
ck_89a1a780144d808b,0.009288857879011138
ck_a7331e8b808c39aa,0.06177127497540076
ck_a1fd0ad03ff9b776,0.021843078556100126
ck_c0cf50eef030b401,0.0005558305606308378
ck_074f20921189e7d6,0.006653044348405114
ck_e2aa7be60794593d,0.0335706899773502
ck_72771757dfb7f7a8,0.00726930049373945
ck_a9cd84a6dddfe584,0.01031508573974515
ck_142c00f9f8557504,0.028536889850911313
ck_221b5d40358230f4,0.021894092868265637
ck_a2d7a563f520b7ea,0.007587855950954586
ck_66cd34bc568d95e0,0.02578977101031536
ck_a17128972d3e507d,0.029296886163781434
ck_bda299466bb2136e,0.010474386681079084
ck_2b699066665abe8a,0.037105512327377424
ck_0ac9848bd4ba0c14,0.004617777177047945
ck_98d2f9a6ba3a3077,0.94533869140458
ck_a872df31b28a5f7f,0.08634465127912969
ck_7e73e1d44ce82ed9,0.018851144907917294
ck_1a415416f620d49d,0.001222217913413974
ck_c95c786d2f8b8edc,0.006143585211459982
ck_e45012f22b7f91d5,0.002584474136105956
ck_aa0b083e2a6813eb,0.01590434007341244
ck_4666232ddbf77756,0.0036239404581047243
ck_e08e9c8ec5f23d8b,0.0059735134882799735
ck_31d4c0518e5f52c6,0.006814509170775226
ck_c1ab40638f04cb02,0.009525914087332665
ck_4c1fdd1669c7cf51,0.0014830478550476541
ck_11662cc7940ffc82,0.05625855261341957
ck_2e679af24adedac8,0.0010790965111793277
ck_454b9e21b7f25a4c,0.0014804609278890935
ck_355c4f29089731e8,0.8955494533834655
ck_507e40760a24d2d5,0.012978909435724915
ck_0943e0f305078e34,0.9871049205864049
ck_abc54ed7111e9ed1,0.002088817163673202
ck_a60fe02fc04407a9,0.011260547100802269
ck_244b897bb4d57c1f,0.004141722661091898
ck_8c84fcde93a04334,0.7611990166665589
ck_9eea37d2de633b27,0.0017568699082847934
ck_b2cb9e6610eca967,0.023132871101406736
ck_09aadb4c41b166f1,0.07943283135119047
ck_8d94fbb4828ef326,0.0028818338958880706
ck_089e3a07abbe3b8f,0.007357067341221037
ck_dfee9de05e3971cf,0.00163651806189868
ck_6abf8302ce052451,0.06579877058870587
ck_6ffa90143838a4a2,0.0033674336037277817
ck_325caeab5c7a9c3a,0.0064384432942624385
ck_1964ee9db929a173,0.8727950611353441
ck_942b95988a6245a6,0.06288651754713429
ck_913ecdeeb8e21a9c,0.007687449558874781
ck_ecf9794349eb4b3b,0.03514235362542051
ck_b6cb8d6ae828eed1,0.009225315227066565
ck_2f82ea66c4f53b33,0.046598766455644855
ck_6e676daa4855b58f,0.029464021973450272
ck_2a37fef48b44e9c8,0.007657601839687023
ck_3bd12d468fdc2450,0.00735083187257581
ck_1a28b6a40a6bd3b4,0.08872329851882092
ck_61b79dec96d15713,0.0012591547890168444
ck_31d5e3daced93d3c,0.006132154036945741
ck_e6c8611c0cf233d7,0.0014936615618660128
ck_f04761b4a937ac3b,0.005504333291849886
ck_38c1c75cf055031b,0.016284797109640765
ck_59a561f3df01441a,0.24897622433084168
ck_04e40f556a5062ef,0.008130087014704832
ck_8409716d174635b6,0.0076638567134657155
ck_3019afee83342701,0.013044230451704419
ck_b51a58e7f032c9a8,0.016968406823722876
ck_5043e474f848346d,0.02083774644688537
ck_4388abce33ecd01b,0.5185056705944472
ck_c93def7392f0aff5,0.045866746812010264
ck_72e7b1acc19df820,0.010925322521553796
ck_f253130dc3ca5b3c,0.004513293093244262
ck_eb264d1b180d4b4c,0.7458258470905428
ck_c2504f5a113433ee,0.0038848275722491847
ck_c16ab1e4dafb4910,0.06716454803270254
ck_4bc42878fa180991,0.020639908539256374
ck_1c771a7c78f6622c,0.032551328732739644
ck_d523f0e50a2747ad,0.0029671696587040388
ck_9060f4e7ab7a1b0c,0.0064087310355895235
ck_6b55ec4e87a5e22c,0.7816763177319659
ck_55fc62a5f89a7251,0.021572656164360524
ck_bd2545c62f258231,0.02466591399406663
ck_1ccdc69d0bb712b4,0.0068501486575281
ck_710f867a3bd5898c,0.004463211559141702
ck_f91d48c40337d375,0.003656821251092782
ck_f76d929541ed41dd,0.01641088064071962
ck_e26a6659c237b650,0.010643604924213314
ck_184983177b73dea5,0.006975807940058559
ck_6d0d081bfa8a0022,0.022519370793072056
ck_2f6e64f638da0f97,0.002231471145961432
ck_15b93103ccd38609,0.006088870828647939
ck_094d10439b7b4eac,0.0024452864396084
ck_d2ca47180a926ba2,0.004708643417218506
ck_a69ca7b9d70972bb,0.004030483829271832
ck_68914e67343a7d32,0.00798865348931901
ck_8176616132458c0f,0.002441565215819862
ck_eee99af3598311b8,0.03201540999472862
ck_94410eedfca91304,0.03977410764725583
ck_cfb11a0a2325bff5,0.0032755546115494465
ck_75217ee144b715f8,0.09289258254538443
ck_d56fc799542299b8,0.005157980632262031
ck_4c352dd3e7c81269,0.01281579788858928
ck_e23e50e02cb3904d,0.03002060658604086
ck_b921af37d500e139,0.0032342225887736797
ck_82181b935360dcbc,0.9880570794221928
ck_22a7cf3b99c5e5fd,0.04942822075257404
ck_f67ee7910d532216,0.008263495252386415
ck_5f48762a14a0326f,0.0026396553577358347
ck_1757fcb0e6e3f88e,0.019854667464386085
ck_2c2f080ba185016e,0.019194053569156384
ck_4c25570eb72711b8,0.0016759413074601812
ck_a3be871ca22ac416,0.0038872496223599914
ck_ab70961e7c6695b2,0.00654256521073323
ck_a1cdebfc42a52448,0.0013557734076610826
ck_f1b80b821a20186d,0.027410119541888767
ck_ae668e4564cd2aa1,0.002165568456090223
ck_0e2bc3a5afa439d8,0.07142305478575492
ck_3dc378f37d0b74b8,0.016924184130001435
ck_9f9555197480d1cd,0.0028063647921127833
ck_bf4e7d48770a4a8b,0.05149636598324599
ck_614ef655f0685060,0.20292967513448956
ck_04d2ea38ee27770f,0.0011106647290533489
ck_e03a9d8ac94161d5,0.001416089413207346
ck_d4007b5b26d9d854,0.0016109090746006158
ck_2dd147ce6d61749f,0.029708092750031646
ck_ff45764ea7d6619f,0.010415063694113224
ck_dbc487cb0a6c18da,0.9353888329913037
ck_791d5392bbd80447,0.013218922067827163
ck_b4068439c413b150,0.008035778012541633
ck_85df7b7de9700aba,0.0009108937500746817
ck_001e42551cd06e40,0.01712293095747147
ck_a6c02ae50932cd9d,0.002639488661809296
ck_9fd0be2c018ff5e4,0.002767330619634686
ck_32a495128395fde5,0.0019048654121628227
ck_b6f2a2fd232c141b,0.025910862921674483
ck_28dde633692904b0,0.05716510359382397
ck_a1a93c5f375f6021,0.0012241144898733594
ck_e3982142336782df,0.008560920332647468
ck_a9812ff3c111ea94,0.014873298154404765
ck_f04062216f95fa00,0.015001075984433985
ck_7c560467daca735f,0.0005432769718117215
ck_76ee10d6e2dba70f,0.02033365699111051
ck_3521243bdac61178,0.01217945240415837
ck_28588fb03b320520,0.019634035417444098
ck_580dcec33ec232b8,0.007870601135561392
ck_7109923fd7dab20a,0.005114560085429161
ck_7c872c99481c1e9e,0.008423270716233671
ck_46f4e1f5026f4d1b,0.0007586977883969728
ck_00d1ebc31ec4653c,0.19230692838105337
ck_aac70764dde15168,0.013535173772058373
ck_648c03f9aa4e45f1,0.011682201337221204
ck_5478eb69ef912785,0.2976631105026451
ck_79b8523137bb2603,0.02842827690936962
ck_795c49f312640019,0.001180835519568925
ck_89184bf7b7fe41cd,0.057356282673700035
ck_97d4bd922996fa10,0.009251546948501551
ck_1cef30d08f3a598d,0.002279372126223573
ck_2f9fd36a4a40a6a8,0.0010423022919792155
ck_40780fc0f8d6f309,0.021971408614450696
ck_9083ca9fec2a7f4c,0.0068777319376133045
ck_62081bc35aa59931,0.0032399253201132717
ck_2e1b46c5fc56b863,0.06908520412547847
ck_3d139692c51b604a,0.05105738675429979
ck_b5e54e22e3d6960a,0.002659996579378275
ck_c0c4be3f44311b04,0.003196361296710351
ck_82a8bdd2692c2a5e,0.0009550003895541781
ck_bdd2da300b530c5a,0.0031243714055572023
ck_ee40498cd97183d3,0.005236328599118283
ck_70b9274473bd6dfe,0.0021915054672984923
ck_473d6314ea614b29,0.005319193476213662
ck_7443d6dca8cd1352,0.003846569916498918
ck_3b49768b448b071e,0.0064284027457789964
ck_b43f04431c267dea,0.0025858032850850712
ck_4424a5223ba2fe00,0.007554880060418774
ck_819bf3e8231f4081,0.008351119245131334
ck_91d417507a8c58cb,0.045388624513195884
ck_e88e86b19cada4aa,0.012288628076751677
ck_59684167f9c6bf4c,0.040106850926612314
ck_d5f5b0dc97b9dc27,0.017787893560990115
ck_13d1b192bbff8f32,0.009492761152141399
ck_b21d8630387cabce,0.0017205484359861904
ck_e4ac22046699b99f,0.003857996563279473
ck_74b848064f2ff45d,0.0032156485768085386
ck_166aa980cc87fa77,0.01552238817206716
ck_98e337806104dd88,0.002063179188014022
ck_66eb09be007f0755,0.007517853354827011
ck_3ec9b9d8dd7be11c,0.011091792014056471
ck_8b8b9de339d75d0b,0.013657295729549605
ck_6715139e240007d9,0.0048916164175308975
ck_a0255ab46e122d2f,0.0012639530472272642
ck_66e81a4190c33510,0.01743779879899513
ck_5d75ea4f5c9080bc,0.8603616891861645
ck_df69858b8a8b3165,0.002408542515903645
ck_e15252ebd7553422,0.0053940752722454865
ck_34d6d74bb3ed11e5,0.001450076186841222
ck_c2608f78f6851d10,0.786649945109967
ck_bb99071e8f58c8a4,0.5784054867337306
ck_06010f0df5b7cef8,0.008778838316629713
ck_8c582eb0f6c0148c,0.0031369885628420697
ck_0034d010d28aea78,0.02733071886170556
ck_01c1f06692566ca1,0.008272298144692602
ck_4807726e797fb893,0.010972996770333105
ck_edc9668282e3c8cb,0.019380164304793855
ck_5486768475af7bb5,0.8708016535641135
ck_3fb9813849e51837,0.012090348314892458
ck_861af5a9a9a6d619,0.002578015847635185
ck_da39653add0f1109,0.004727458272539371
ck_74a4244eb1f162e4,0.001611989539688026
ck_9a930faade55b8ea,0.0020224906995209516
ck_fb6e06ca88519dcd,0.006274476358037827
ck_9776cd8263a9f415,0.006130334728500791
ck_b3dd1198ac5aea73,0.015995214666837832
ck_b6675a04df1a4276,0.0032388649455159153
ck_5c7ad6e731b69333,0.7942628130911936
ck_28dc0fdbaec00580,0.0632236494825594
ck_8e7a32f7e3905f4e,0.005403503614893906
ck_8563fed6674afc77,0.008811160056952046
ck_9a2fcccb82da663e,0.020335287971195028
ck_6a519bdac0d94527,0.0014520077711574445
ck_a0dab7aa9c4a39a9,0.0014425205494355612
ck_a3ce05e9e5e32142,0.011539118724547964
ck_7a7e40ee3f97c035,0.061416722767384004
ck_9e9a830785112a73,0.014225538959885018
ck_ab1bb02f6b189304,0.89402233079941
ck_7b8cb0f90fbdc8c6,0.0037094627477225845
ck_b138fc249e659e60,0.011287351756875386
ck_e73caa3771ec5e0f,0.0022782250970355797
ck_18a55b06ccccd88b,0.017246877826269023
ck_fdcb1d9265d8fec1,0.040725928535193426
ck_e21a900556b382ad,0.01185163665008692
ck_c6bf67470f526771,0.002863981810741588
ck_b568ba3837afb39a,0.0011436792465087295
ck_a2858979dd5645ef,0.002104640352976813
ck_1da9d40837ebaa57,0.00496882387607336
ck_9341c7959543c542,0.0017528905535816879
ck_c8ad86806b9a2369,0.016892351865618577
ck_5c85d93ecfed4b0e,0.038294022656092684
ck_f07b09879d697b82,0.00530170389839252
ck_fe43da07608b1749,0.00732180637768032
ck_4bca22b5926b9c28,0.004817341679372553
ck_aba573aa942b1d41,0.014339516291446353
ck_57c14e32fa4683bf,0.00447480781012821
ck_891530b489ce402b,0.008857207349043127
ck_5e74fdadb93ff293,0.021385025995916563
ck_14436a409ebcc90f,0.004544596852929285
ck_00013fdfa0bd37dd,0.006074689301650854
ck_7dbe24ba01316775,0.017122982512465197
ck_0e3f80c1553c591b,0.014486976802377021
ck_3edc45db58760d76,0.00600936156694718
ck_29076a13f539187a,0.4678266397325036
ck_b1e81b58b9a545ce,0.06776247300899371
ck_3f8571d4f7420b2a,0.0718133327015282
ck_7dff6abe4bd644dd,0.15182323909745793
ck_2884bab237af16b7,0.009880764937864665
ck_231e6dd1fe708000,0.006758823391927443
ck_33ecaa7b892e73df,0.012911122626873375
ck_b109ec4c63503030,0.007684830730689969
ck_a7f522382509cef1,0.0022159102360440617
ck_748b3ea941d8b3b9,0.0023827043915733903
ck_29f3a1737a2d9634,0.008619313370440845
ck_cee8d42475a0f020,0.4654495437412335
ck_c6b6ebe145a8ffab,0.002035620810055957
ck_21c99e1d6b881894,0.0007840438060590035
ck_5ad798286384484e,0.004995713921680219
ck_b621b6ffcc7f4848,0.00119224903882
ck_ea819e337233475c,0.2894665962378945
ck_9e3896c2668ce06b,0.02343534768245377
ck_501dcf1ead036d2b,0.0038741931223596655
ck_8d5eda29a2cffa3c,0.0016086663963438992
ck_4d3aa36ff83f1132,0.11697722968092494
ck_8e9faf94e3e6c757,0.000969329689521559
ck_ce0ec41f96951048,0.010484324868725749
ck_f09165d73ee903b1,0.007605031435662294
ck_a432b1bf1d3b3d5e,0.3054446105292442
ck_ea618f720ff0b4b0,0.002176160032366022
ck_7584e7bd755cb28a,0.006820469279278095
ck_e14681aad43e1a72,0.020040187579751303
ck_5e18870d8e30e379,0.019849572766011344
ck_ff7c26a62bda8089,0.004440493983701557
ck_cc5a35175d381d5a,0.003032631093402272
ck_3c25029e40aa8a84,0.003944085711760784
ck_771247b5bc16c12a,0.009027612721391437
ck_664b5e02759f985a,0.0027108047960674583
ck_692a9e8f504b9762,0.0014827601450847654
ck_df8ad2deb0a4ffed,0.009453188391330398
ck_eb48c0bcd12ea654,0.007091517172268006
ck_7c77e597c951cdad,0.006380985684133721
ck_4f75144c6f3b13ad,0.010138256655970488
ck_1bcff399166d7c43,0.005069568312969332
ck_975c2aa3d4a8c51a,0.007865400185657845
ck_bc6f07b06aaa4ce3,0.8219511822773967
ck_80b072b7f3c7e8e5,0.00681349459614968
ck_471e4018a23b4e56,0.014026154513377206
ck_53cddfba570b4a3b,0.01281867406850217
ck_630530e50764f229,0.010745670195113988
ck_dcef7887a4f1e435,0.023195205487739283
ck_2795921a055643f6,0.009237810167657838
ck_7456df89f3792235,0.00238984590841732
ck_5014a3b07e1f049f,0.9316247791187514
ck_d4ec44760cbe03f4,0.005861231181059056
ck_96810ad39d4cb7b0,0.007570703883888502
ck_3222ea25aa29bfa6,0.0013058815886715616
ck_f6c42001b84a10cb,0.030354525930655973
ck_5ac86682385c86b8,0.005271289907641292
ck_4280c33af57eb4f4,0.0013842277331394324
ck_05f79ddd8eefaa56,0.019859492453138682
ck_3a57a13ce032a6fe,0.004897027080063973
ck_a721f0d635fad68a,0.003994520629234465
ck_a3f821bdf408c326,0.005669135900990263
ck_0ada63008be5685a,0.02971140842076931
ck_8c949bdc6e8720fa,0.02739932449543826
ck_c0d2c56f9c722e99,0.9783263513024174
ck_5d2b9e6e087b8dfc,0.9935025661557078
ck_5217b55593a332ca,0.11067636631197122
ck_7a7bb9be5a7e48ad,0.013066217878868757
ck_24cd0d779e866287,0.0033234153732272175
ck_7367917891a63771,0.02311291587398326
ck_4b31a8862a857e6e,0.7527465055170129
ck_81429c4910ca46cd,0.002709914265461976
ck_b35d803568f82d9a,0.014172517913303187
ck_4b00e75c2d2d0522,0.0018831618052589497
ck_77fced07f6dff42b,0.009040500656352436
ck_3c9a06eb07c300e4,0.0016251886619349167
ck_b3867f7f494db64c,0.0011975325524858228
ck_0c45e54897ab34e2,0.01542801703785573
ck_507a6a580ab55c76,0.006465794010129452
ck_291bffc7809f896a,0.005472228733441285
ck_3753cc5b9d02e2fd,0.0019501926573262825
ck_4f63d5245b3ac1dd,0.007428401623813923
ck_9dfb2ae78659240a,0.013831754781257135
ck_90f6f5ced708aa75,0.0010432981558076465
ck_8b5b5a6b5539e39b,0.9756960333856677
ck_4719112b55d20161,0.01603434584369551
ck_fec888a7108ca52d,0.9857552170649309
ck_4f5d022c99f118b7,0.012830771459466626
ck_e967ff05514b697b,0.01607447945757238
ck_839ce35819bfa4fc,0.0015599846252524435
ck_bdee1221b9addff8,0.007063053903582977
ck_9cde4036d0914427,0.009632315552446502
ck_5ac959cbcc5e98f3,0.0006460338685497104
ck_619842688294dabc,0.011352049827821195
ck_7373d7b04c7799bd,0.006600905449943506
ck_c1dd3feb9a0b6471,0.007724193847609989
ck_0324a4812ec319c6,0.005140480131891834
ck_7f3685aa2933b251,0.13642080093792827
ck_06aee5a62a67a84c,0.040576978881743705
ck_3428910b44b9d08f,0.015096385141384023
ck_c3ba7534cefc1de8,0.009232588410323112
ck_1f1273a67cbad5e5,0.5680002737296537
ck_124565a11b2f8bb8,0.007167778145218452
ck_38e46bc861e0165b,0.016261613736388174
ck_c8ad3f01319c065e,0.026847627889771998
ck_3f94a34f5038f7c1,0.7367033240713547
ck_cee56be5a502fbd1,0.11242113061450867
ck_2b90b76cf4d162f9,0.002216832794323301
ck_884b2e463ff1d54f,0.0013437618080770278
ck_fab4f2f8531b4827,0.04187234058447896
ck_4fc6256e0e60a926,0.032584511047405326
ck_0a2f8b2f8a5b6f02,0.001857259853413739
ck_9c0deab8a8367c5e,0.0011109645240775367
ck_d3a2a4c011fa2554,0.0009562254447569526
ck_4108b4038f762817,0.5068632531259563
ck_4df036e2aa7e1056,0.013571360451442003
ck_ec094eb1cbb3efc5,0.001370216974858636
ck_09f8f51bfd2492c6,0.0023139553461877394
ck_b60fb9a10d6f4489,0.024291694473485344
ck_3638bc3388dbc1bc,0.12784713251883711
ck_7a58e0cc9943c39a,0.0077824162830243725
ck_37dab6a0a536ed49,0.01798781471763331
ck_adc576690df5b33b,0.0074276863423468065
ck_1383b2b1875000f2,0.005158624514133864
ck_43c1248db37a2eb0,0.0021001362168046934
ck_29c11bd68858e923,0.0007000910851708314
ck_9401f9e11f65337d,0.00556343166607082
ck_ce5ed372b1a2ed6b,0.06855259207599193
ck_08b4619490e751a8,0.9188849465389446
ck_44b9125526acb05d,0.019184840063961647
ck_ef1a1de20d2124cb,0.017022229417732487
ck_e5e2624b7fc89774,0.03168750384643104
ck_f5100511609b92c0,0.0012927170008193826
ck_64f3bb17101b7c42,0.00643474537543272
ck_ea1e5b5128ecba2c,0.004368121664308798
ck_516163fcf04d5e77,0.03822042043777342
ck_7f9a748110d70005,0.0031773982437299287
ck_d263b55f0a681cce,0.01593450854338
ck_0e962eacf98a813e,0.0015787038777152662
ck_0406931800e0e2e6,0.004673944684492578
ck_0e9b982afc88a3a9,0.9887026298965255
ck_8bbb625384edebd7,0.0012796381277025016
ck_5eaeb87bf6207406,0.9870098782302767
ck_cc3318839c4b0745,0.00420481874701782
ck_08a0355d1f1890ef,0.004330696189045481
ck_af7ffd1a822460d3,0.17203831777015394
ck_2a09c7aa870edb6b,0.0012030789784832083
ck_bc04f51c23290bcc,0.01625644006525994
ck_d3a8333cb389f4c6,0.002274356335877096
ck_88e3dd3039508332,0.011165378301147121
ck_b8c7771de9b57705,0.003750684325672834
ck_585ababa02383b50,0.004096834469504192
ck_e988c108754cee9c,0.007796434154330634
ck_4a691892d9d6cf89,0.00898947353868759
ck_7cdce37d895eefb8,0.008361904511264652
ck_483fb981a1fb4317,0.003238739096839122
ck_c1e5182bd99e0e35,0.8264510190706147
ck_9a1e3ec9a1839939,0.014795644624990428
ck_5c3f13de0dbd5086,0.01850945861701823
ck_f4f6f0caaab70040,0.001459550544288327
ck_791be3378dd7d64c,0.01129669950395826
ck_956dd784525f5886,0.014098356045533219
ck_098167eaf124c279,0.012873369507031208
ck_33ecff7914349ebc,0.018687580729028447
ck_e05d44e46c7174e6,0.008122489235510146
ck_1b2ce474fa6582b4,0.015149460846686405
ck_ab581082e8f72e3d,0.0034814571171112004
ck_e63256667aa19070,0.03068495669461252
ck_f568772b6cb3febe,0.017234238638837225
ck_dd89a282375bbab6,0.03307275423222105
ck_a39d0bca345b492d,0.004900283960587129
ck_d12d2924d0f7a64a,0.009956992995037113
ck_6a548da1728b5823,0.9558907115663352
ck_6d64193681d2a94f,0.017059604135247423
ck_ced6b6dcdc7c201a,0.0027747718447292944
ck_d1b0699d26282871,0.022021921314832014
ck_58f757e40a9b8877,0.014815319452637078
ck_3272c2c4a37d5220,0.9739427144255217
ck_d94dfde9e03c9d1a,0.014121615943980464
ck_08a6d4903a7fbaca,0.009443696978402536
ck_6c72a36b05fa0f4c,0.014110053688688543
ck_dbb4bd4eda97255d,0.011048051394297065
ck_94b59bbc824b307a,0.0031102079299808677
ck_0229a07185f15469,0.006792782830320544
ck_11bf1039f8b3025b,0.007064491713944368
ck_36789ca11459131e,0.020334939158523656
ck_8572c5f5c1447c62,0.01121255962622109
ck_9e75c6641939f4fc,0.021652296649975807
ck_b45e47c39d4dc7bf,0.013404564259329236
ck_02903c48b6cfd65d,0.0053587825005375405
ck_b153386f1729de81,0.002954905876304232
ck_36979996f33498f7,0.8900102128564326
ck_3c02d4dbbf6716b6,0.008098747705340689
ck_66c9a19963957531,0.02877530320768884
ck_bae8dae7cfd8baba,0.0013708762866378355
ck_bba0ccc6cd968680,0.020404207502249132
ck_3267fe3aac05c71e,0.00307504944736347
ck_40052cac10562cde,0.0049810004169494266
ck_d973444855403e2a,0.013337685768403783
ck_012519bb095ad36b,0.9889358274337845
ck_ad7c256ea10c4a00,0.03126921807968843
ck_70a60e095e9b706f,0.0036634728256869724
ck_f2734417c0db4ee3,0.002508280182299087
ck_9cb89cc3178e0172,0.03388408617990797
ck_779cc0f2de4d5488,0.05025106531465271
ck_35f8656bf93e3b3d,0.0079761528366714
ck_bdd8eba728800e29,0.009591298050586658
ck_002cf760d173f0f8,0.01476089931457975
ck_b046067c6ca3831e,0.004427798124276248
ck_a4a42d4bff8af645,0.004551086854907934
ck_bce253d2396681a1,0.015840675998285335
ck_00dafc060c8de32a,0.03604991366364216
ck_968a99e097ee78c9,0.030918584506132784
ck_66949171b387bb93,0.01753243040650445
ck_ad305286702b1958,0.0014036161606784535
ck_4732da7e0d2dfc7c,0.002933728591529072
ck_17a95bba77217d85,0.0482071398660506
ck_3e2516a3e35067e0,0.005203919767244716
ck_0b615ed566da1f58,0.02440785665569655
ck_d2b3ce1ebabe9f93,0.01666136679706922
ck_a892252e4e0c2828,0.006649914809413371
ck_cf606fd6ebfdf9bc,0.008057414703767404
ck_718865237134ebe8,0.002807010805557015
ck_878522cb775b904c,0.016058825976036934
ck_9ed53de6ef779ae0,0.0012812274703598687
ck_3f16e2cd7e6874cc,0.011224086107394424
ck_3c59df37895ead2d,0.005055612522756154
ck_6821459b626d492c,0.004864849192421598
ck_11c7667920541587,0.003912005990413853
ck_23a016cf6b98d89c,0.11041258943922258
ck_7137eeb394d200f1,0.02047648118080052
ck_9c4886c5c90ddbdc,0.0022832334032710103
ck_1422a7bf7756294d,0.9813726473924085
ck_7ebc5fa7f0d3b8f2,0.04896472108862075
ck_fcc2059a8d5c41fa,0.17659473044671467
ck_00ff7389d6a83e29,0.004828698354952107
ck_03129b41457795d2,0.01673427257308948
ck_38ba64efa7c38250,0.009888544569764207
ck_57a6b56b09bff24e,0.009091745663989757
ck_e3b3c5a80a567418,0.0033603053946606558
ck_fc40a16adfced018,0.007301256586482849
ck_9d4b5e6b43bad4d8,0.004691366500292112
ck_61129937ee466b49,0.011374847732366055
ck_74112e47b8629c2a,0.08016507390900682
ck_b4703ee97f94d7fb,0.003810044154745842
ck_e560f720a988d8a2,0.8683854019559579
ck_708fea345f68037e,0.0007873952024691821
ck_25394c1b83e0b803,0.01146283944518291
ck_17ab24fe914ae44b,0.0019943869968032605
ck_16c501470d9bb006,0.0024663970520281114
ck_628f449e248c19b7,0.172318405547475
ck_6d64190623dea714,0.005209652008509136
ck_504a45ee08db72b6,0.003679650657160018
ck_6cbb011e0c70bc7c,0.0034091348431184174
ck_b3225a98acd04f83,0.004100155216101393
ck_aa37993f1c17cd1e,0.029720351181279563
ck_558cfe5f77a55a9d,0.004101201738080399
ck_0d0a1a021efea5b6,0.01667000412440559
ck_daf7aea023b7a8f6,0.022454302023392728
ck_d75f25184ece2b51,0.003822831972102987
ck_466d4b5366c50b98,0.0011129994254358976
ck_88f27ab479063852,0.03468877006654503
ck_66779098e78c1760,0.0012500569373485415
ck_b150fe4efb449b05,0.0007653981771510275
ck_9c3aa9f23d01fa1c,0.003426916196925262
ck_6a01c375fc26705a,0.0011572417352566642
ck_002eb6552b504ea1,0.003229724716635311
ck_affa5aa0bff9bb0c,0.008721570672837825
ck_027614eeba8b1a4b,0.006460859892031245
ck_67e075c982add719,0.005173270193160835
ck_399b0d510be98bd2,0.024070072496423872
ck_e9b0bca7368555ef,0.0021504487394510457
ck_59c29d9c57b4f994,0.005022000464365699
ck_37176850ed68831e,0.010550704610070539
ck_a0db4ccca08030c3,0.7591304147539688
ck_aa188e5c25f7f42a,0.011460844326619821
ck_7de6997178207800,0.005658213713793372
ck_c729d19053387be9,0.024328370849745144
ck_f2d3e3d90608596d,0.4807311581039319
ck_2db3fb565e0211ee,0.001133477789830087
ck_bed8a480e27e911e,0.0054820530281477955
ck_d7ad9921a4d25926,0.016152508157205373
ck_2a59f23fc5194699,0.02086902823794635
ck_63601a58a6120d8a,0.016372466740847847
ck_efd7b9e22c6317d6,0.03590428735783118
ck_9ab42875a0f95b43,0.013250650739540227
ck_85cb5033fca7c846,0.03332007876729415
ck_5249b223000915ec,0.039854015820411336
ck_3efb0e9bf25612c7,0.004051795439354919
ck_678e74532ac19700,0.012667720045168982
ck_a980b296c95153f9,0.021754819096983354
ck_01ac687ce0d696a7,0.018979783874245856
ck_52e1418cf1aa9871,0.009895743967646193
ck_7d28da4f1dab09ee,0.7159912935559957
ck_010d0c2e6c1657fd,0.025678020895445314
ck_b524f7a2e752b9d0,0.005135843087774126
ck_cc447fcc24a0772b,0.9227726658090155
ck_2cb3c99845e572da,0.003008142904477533
ck_604c710141327a81,0.0038361550436305436
ck_8d5fa65717d2e0c6,0.006506611613143297
ck_31199510b40602a1,0.004773230668542995
ck_49e253ea12f4e922,0.016116137779394895
ck_780738e0d71e7e43,0.0043685148821463946
ck_2cd21137a07fdd7d,0.003648119975790868
ck_5e021f2a3b66e256,0.028399976583884
ck_efbc79246e32c66a,0.1017071364611418
ck_9951bd806c13c7fd,0.015429099783937139
ck_7a52674e2806d8f5,0.00920831683971543
ck_1a319e509f1efa1a,0.0012567648449643373
ck_c920901b9a4ba993,0.8866379143949439
ck_b71279e807d0b3a7,0.010766151111122984
ck_47e1032f490bb018,0.006238026829446693
ck_192579ecdca7ff83,0.004915599067149619
ck_b1496c474c4a3239,0.0012916754559439687
ck_5e68ea2c5e893cf0,0.011432343592539359
ck_f2ecab85d4693b4e,0.019980323698230308
ck_89d7bfc81c3df597,0.014347605527836663
ck_7929284327667791,0.14558761205832588
ck_494ec63c5ce8e150,0.014558266965894101
ck_319b059bb2145586,0.03906714183546658
ck_ccb3767c239018c1,0.002062127010878572
ck_a1c7adfe26e09a8c,0.013687862445134225
ck_0e13c4f73818149b,0.010746859264598849
ck_c285a51ed6214f52,0.009472277933715013
ck_916784595f028226,0.05024153373054163
ck_6cd8e0196365c474,0.0030206364360119186
ck_57b657aba4daffde,0.1231552789626793
ck_562c76a3753fc7da,0.2537669846394345
ck_66cfc1ebc9a513c8,0.0044769262634103595
ck_0f38d4aed68d7d24,0.24023470425478682
ck_d8ddf5e99f7859e4,0.008966999180436298
ck_41bc3efa0fca700e,0.02310414991167389
ck_40799e129fcf42c5,0.24634997352476234
ck_786f079389126e44,0.01914976752840212
ck_bb4c6b713eb0b978,0.018680840193236646
ck_4f01f7eac0efaba5,0.002629048275087508
ck_47d29c01b20cf69f,0.004760301552054229
ck_bf15a1f8d67a30d3,0.01230555547996017
ck_bfecad7586f65e4d,0.012313750803291057
ck_fc9f16df35190eb4,0.050439553561854866
ck_c09c914e416edd08,0.005901074015750346
ck_c54c5d8e4433b0f2,0.004209439334183893
ck_1694c28f44480e98,0.006281215312238526
ck_1dcaa3078dbb7571,0.0016575201213080554
ck_af559f990c640e41,0.013609685394572349
ck_9b436162039a77d0,0.015154651030837319
ck_79d62ef181bd0cd8,0.006317285807118512
ck_23caafc2cd34242c,0.006098360240133484
ck_ffe2aa26f597e552,0.010512897065261342
ck_e6ffd0754ac08661,0.0009609511720111225
ck_beaacb4a783db21f,0.002195913524403266
ck_9863bff41d24ce9b,0.005104052995380576
ck_323b9cc5c49f8ea0,0.974647814739324
ck_ab3de3d3e41c2082,0.004282971475818917
ck_35c93b2924900376,0.0043148994867100035
ck_5a9d5f9901e37e31,0.024141149344924777
ck_782b0be796164335,0.003117808678415697
ck_11960b5f1c7a5e2c,0.004248126964035425
ck_9a66cb13a9884cc2,0.008746538666934247
ck_ba666a425930615a,0.001961230905025767
ck_40140bef4db73741,0.007949617068543021
ck_e05e91cc180063d4,0.12394993116672122
ck_c7f6f45710bc050f,0.0070669066631646755
ck_055fb9f2e1c8c934,0.019447134172423265
ck_58bb02d98e2b9cd5,0.016431388688335418
ck_d9f8efa6a7800f76,0.00608124519712203
ck_69691226c68fd50b,0.0705941719261142
ck_6f2f0396e5b1c538,0.9839364129483329
ck_78bc3f1d0f35ea6c,0.006211128876251406
ck_2d5a6b6636a2596b,0.001494600305740172
ck_7878545739af0a73,0.0012198630461464684
ck_03c4fa4f3ed3512e,0.001266597104548332
ck_1a9e51d092d62c84,0.7799935776632406
ck_9f3861940d8d873c,0.0021019050677549304
ck_4684fdd61c6a0fac,0.006554282248184505
ck_715966f86d5c913d,0.003119831367446571
ck_77f293d44b4a3d2e,0.014051728954996828
ck_24dae044dc05f849,0.03096838931866336
ck_00b9818e2064405e,0.03021607259148501
ck_c1c2cb49c3c1b0f5,0.35099535381165803
ck_bed50fc64fbbf8ec,0.005656788660311108
ck_4f6ed5ea5ab7c429,0.004522287191514216
ck_458531c22ec2f9b3,0.0061152894914212825
ck_51c50c4c443df31a,0.7537805727474824
ck_732d45bd578dc39d,0.0094989786434943
ck_783fe5bc20cd02db,0.028157712287903747
ck_7f188aaa63d1d442,0.004399373563658377
ck_ef307a6aee38d1fe,0.6773675438185728
ck_e37196b20968b73c,0.023487844924092078
ck_4ef9de711c3d93b1,0.04131858386843362
ck_17946516d5df71d7,0.01973092258283035
ck_3534be0f4efd313c,0.00982516167208799
ck_29fbabf855cabdff,0.0012712774929050995
ck_191673540d8486af,0.011813870306534715
ck_5f52728d777ff2c5,0.015056167038977265
ck_a045a19369016818,0.9947325393413825
ck_4eadbe7298b15e96,0.010943826329781163
ck_a3a0bd59729fe619,0.004835168741747274
ck_a1e77090b1c6ccf4,0.0046334300660067565
ck_69ab9d4784eb77bd,0.012203557654306323
ck_baa47383ffd50f04,0.003213853374133351
ck_e35b2ed08b9e55a7,0.0037997878194445792
ck_b6e3af0a5119d9a0,0.02214290513972326
ck_a7c1dabf3869772f,0.04804201590057589
ck_80b8fca67a14e0be,0.26209176999635486
ck_dd9c5f0c42878e67,0.0042072709064128995
ck_41ef7967faf5ce82,0.0011445133514778254
ck_a93560aa348d6225,0.026283337906883236
ck_ffe91d6f0bd93fc6,0.03662564487492378
ck_fbf630c960194033,0.009654773793669452
ck_497ed60723283c0b,0.02618658966930259
ck_2a46b7ca55239413,0.00963479809320854
ck_1a4e5ace078dd782,0.0115425511089212
ck_616cc31910f5de50,0.005832180000247144
ck_0d65bc749eb42710,0.012317380462166627
ck_2408db62e4395ccd,0.006546235089856929
ck_5d7721930106dce8,0.01907166103036565
ck_e8a6acea22b20312,0.06326229209653154
ck_e2f792fae128b18e,0.020325815108180628
ck_e6d3ce445b86003f,0.002652886218372264
ck_263334d722ecbc97,0.9099573587553694
ck_8c5b29f6666d4874,0.027077062151451586
ck_7ea0bf310fc20c7b,0.8086269446952361
ck_54d463f7fd89ec3d,0.007625609255343628
ck_79e45040dbdd6447,0.016264549359248582
ck_60b4d59953505682,0.8439995103621204
ck_fb00dd5021642507,0.01695049337262251
ck_f409ff994a210601,0.010357967082171227
ck_2ca0020038bfec58,0.7341107430664673
ck_adf84b9df54c3d80,0.011118665290946975
ck_942dbf632591b65d,0.023309807025711234
ck_454a7e4d859a3409,0.0008758635503770684
ck_2139062d4569aa07,0.0043094546527494655
ck_e949a0f4df0b3902,0.7260521057331883
ck_bb113e3e6716ed65,0.026345807678605098
ck_6a28ea6ce69cb869,0.13599412648886153
ck_7df9910af2bba21b,0.004377543626452928
ck_78aa4b731cbfe251,0.006260310283851954
ck_5839f5cbd8165b1e,0.001734222689842969
ck_7158ad9e58769ffa,0.09339205620775291
ck_acee218cbe61df69,0.0070221160180323735
ck_f8dc8473c2772729,0.02987647369125727
ck_f34c93a8173555b1,0.02587721255341476
ck_7cf301d075e4e709,0.0033384128107299014
ck_b87e88ee5512ea17,0.004404798038898981
ck_bed0c020b10afa3b,0.012603641573742044
ck_ca10102961f99eb4,0.004536481383672995
ck_393287947b5c8d79,0.005774712057726336
ck_2fe6cac002142f67,0.012944991470036865
ck_79c7f0d29b1db1cd,0.056599700661878985
ck_c735b643d3cbf67b,0.007042164640123009
ck_ea4332c8fe48e2a3,0.004417472716900026
ck_d39864119cdd460f,0.0013977674503138679
ck_3b963d6be2773861,0.004202529919478953
ck_df39e3b8a9fd0bfd,0.6199083385095733
ck_6236a461dc0d11a3,0.0019339895188528878
ck_475ebccca25e30d1,0.010496335158611253
ck_c10c8bcf5bcd516e,0.05854865623391391
ck_49ccc3716a564256,0.0015176487301112435
ck_4e4f99102f6938cf,0.00563431788752843
ck_a97b481ade6f7972,0.014762351447035377
ck_3fa559c679751b3a,0.01132453814156314
ck_3eba1fd2c7acc4c0,0.2417342766533777
ck_18c179b4afc4fccc,0.003408291336348539
ck_cc1c0b93d05b7d20,0.06357437611154629
ck_742f7c28ddd019e8,0.010046978497585296
ck_04470bc93b8a0d71,0.010093969399457774
ck_6e8f8ef7a03cc6bf,0.022589496563212342
ck_eb1ddfc353b4da83,0.0017670948344618183
ck_98831b57c7ca2e4f,0.001085991529937836
ck_a6c7b8d6e8596d4f,0.009192592545241714
ck_cd7d24e3b095e96e,0.036025066701821574
ck_3f5ae4673a9f858e,0.006113361737186721
ck_05f375fc8ae0afb0,0.006865570086638686
ck_1fc98436281ee39e,0.0022855138358350074
ck_6c48c58678f64bae,0.0013353729646878674
ck_8c95aeec6a4c75b0,0.0053429074108531805
ck_364cde38958b7af3,0.11950664086059015
ck_85bf21aa1a00452f,0.008484845456843281
ck_796d3eaabc667c23,0.9872852009651533
ck_ac449ee0c315edde,0.002285943365965394
ck_6f9fd15ac6b163de,0.003492500857903963
ck_4087065be2a45ad7,0.06794458758536122
ck_ecf006bbc78ee3eb,0.14142270921203298
ck_8ca808cc5a49cb5c,0.011210491144597262
ck_94b90ab8b2dfb50f,0.00981718896127171
ck_59fd11b3232de9dc,0.8485672039246829
ck_67f3794d93e2dd67,0.7304333899374086
ck_b7f5acf5df1bb13e,0.0029952941963557263
ck_fb04ecbaebb774bd,0.009041003889527145
ck_68ef3e7301c621b7,0.009392229823307778
ck_41406cfa209b6bda,0.0027031197662410822
ck_b0f8f5408662337b,0.004576229506220158
ck_0d2901bfe585c391,0.0799427178581679
ck_3398551e81dbf3db,0.016891483653905442
ck_61c3e3e277629646,0.012582410880293457
ck_2825e34dd3e7ea2a,0.0027892211536161395
ck_20d7571ba830009d,0.0036560504440618785
ck_c98b16f9a72a6568,0.0009287580315212504
ck_e7c8a9e4641eb9ed,0.0011283850926749079
ck_254a7c97c36dab8d,0.01817935114024894
ck_e98429675b46272b,0.0028732342618017935
ck_c2fc0ac460786d02,0.038899210584432305
ck_fba15647b3a140d9,0.009077620606587724
ck_15ce50f2704227be,0.029240376267518946
ck_8c748aaa4a4554f9,0.014400119905355788
ck_e00e82a9419ff086,0.016726581254642863
ck_832341c98254bd84,0.014707993739706627
ck_27466468d06db4eb,0.019788042607941238
ck_9d7b9e3ff1f3e71e,0.0034155358189766954
ck_42c6973d3a6fe983,0.0010901860380615085
ck_877c85bad118bc62,0.031082874601094334
ck_75d2a2715259c4d7,0.03986709797946496
ck_37d3e5c681a2214d,0.25979876506905836
ck_bf285dd49f372de4,0.01351426467733996
ck_a5bdd026fa9c50fd,0.015129230407741704
ck_88d9244a9cf7a77e,0.8147284386809643
ck_5881b174e49b04ee,0.0017907913309021081
ck_5b16d67c5ea89930,0.012390927241949895
ck_b75b936aafac56b9,0.010831217252191352
ck_aed2681e1646a0df,0.06369605272749765
ck_f63cb5e8cc702bad,0.011203028973812692
ck_1805fcfc4a9e4ffa,0.6538214052741166
ck_25c355da356c730d,0.010879859586373178
ck_70396398e4a96449,0.0027544790127991816
ck_0f743bd13373748e,0.012213832039307104
ck_4b387765f0e916cd,0.0018842374720953441
ck_e971faae8a10a260,0.0012496332688271032
ck_9eb08369e983abfa,0.0024029260928957468
ck_c30c5844512e429f,0.019600607220238125
ck_59e77e3a81f1fa0d,0.015000330525123234
ck_ca4465f2b5c1a52e,0.9945813221310059
ck_c89b9ca398402f1e,0.0017747294057213366
ck_36e72ef9273e7a95,0.006793185852934291
ck_2bdd8616870e5e1c,0.0034857616628634195
ck_216e87a41de22b5d,0.14593650061649832
ck_60f4fb44f5efe3a0,0.0012776101583175223
ck_05652e8ace6ce6cb,0.0033947165803092545
ck_8c136dc691e65695,0.001721605926827996
ck_a08f8dfadbdca112,0.004679774211026425
ck_bda4041a3e90d860,0.00628523791623352
ck_15dd3ecaa8ce0245,0.9465098342468463
ck_3e3c64b3b7876ce6,0.026289571034755387
ck_46225858a38b2e57,0.00518912220089771
ck_0cb9f54928f4feee,0.005024953099360058
ck_152671fbf8a9a78e,0.25366710856447283
ck_ee7a515e87d17d4e,0.004245640347309084
ck_f7276091bf513d22,0.01760032967000103
ck_4f05daf1cf0d5755,0.003460257229118628
ck_83a69c4a5d55ef19,0.02285886838227151
ck_c50fed2a7c9198c0,0.007765471626559553
ck_70d19d5650ddc8f5,0.010650981480128654
ck_4b4d99e443618904,0.006386037017313694
ck_dca0b6ca93311ca2,0.07361139238296274
ck_b7431d4706461ec6,0.010309393860927113
ck_7b59d22cadef3b05,0.16838725562594642
ck_53428573abcd606f,0.02038762115337886
ck_f538ab6aecf2adfd,0.0006004847771924192
ck_d321249fb065d2fa,0.009716077619234873
ck_72fdfc7e6d8e1436,0.004327004507109533
ck_b52b99dad89ecdfb,0.01145328508715541
ck_d2d4282f9d256b3e,0.002844599729835095
ck_c8f2a1dd8a6141a4,0.0035337577439105185
ck_8d38747058d0aeea,0.8515987862259659
ck_3ac528caac74f563,0.008035704565550746
ck_8dbaaa00ad829ca9,0.006744496271776581
ck_7c38ec898f0fc21d,0.006559554939205537
ck_8171ef803f5ff604,0.01616166707295829
ck_01a750db6fc1168a,0.0613908250144636
ck_ceb017baa26e98c8,0.06822173708929213
ck_e2c66c72cc0b0f78,0.05056013723474719
ck_8d9518f64b222416,0.003163954123086779
ck_804c5a1fa5753617,0.014647335594775051
ck_fca7cc9c42695453,0.0010212381668635556
ck_3a632cdf2c19051b,0.0114236583156029
ck_b2b63ea65edf1dde,0.014544459940553306
ck_27b07021500ee841,0.005937092933144343
ck_9724718fe64c6557,0.9819331655852059
ck_2786cbc3e75ec034,0.2825891195880279
ck_d9c2622cb6df380b,0.022767758949450278
ck_ae1da8ee98e402a4,0.007722105951488101
ck_62967b91504149f9,0.0027015991956129996
ck_6b255bf68709109a,0.013354603596067017
ck_c55afc68421d85e2,0.006484895911323399
ck_7c7266f6ef2a8466,0.011452069244992116
ck_885cf685a9541190,0.9728842740728284
ck_1a4bb7d3d2ee3227,0.03473611284795909
ck_b4911c42f3bff740,0.0012498907875270735
ck_66f9f78d4c6a3edb,0.00986114429274369
ck_49bdba9ee1899dfe,0.004261159828758903
ck_79b235d51718435d,0.036369994733039104
ck_d840db8cfe2ef6f1,0.0028071262395661717
ck_610c7bcc1cd7ecb0,0.009715864375320205
ck_cf49b6544aff6c50,0.15006358248599244
ck_de05f97c3d40dd1b,0.01886475893882647
ck_0302f67d75973dce,0.0043024087204801085
ck_54c2604c9ca6256b,0.009456743599702808
ck_a1c88c0568f142d0,0.21785059896756592
ck_5d72ff6cc2963d1a,0.0036286102211685115
ck_0446920a1004c596,0.0031184661345871403
ck_71044c29ef071570,0.017601709888303323
ck_2122e9bb1afffef7,0.0045758955461878345
ck_d1e3de178601d3c2,0.03773975012228471
ck_bec8324a3587ef04,0.0009461353058114201
ck_b616b6f45225f319,0.028878877400785936
ck_ce1e695884511479,0.006794305083491256
ck_a662b4bf900781e4,0.001714653410628571
ck_b5a84c5547378c10,0.0010794763553134
ck_f80af368cfc6cb7e,0.004897840706561663
ck_da3526ab6c5c884a,0.007987111130422572
ck_bd20be9a3392d79b,0.004700613280435041
ck_b8266dcd90cbfa62,0.003866603520070777
ck_ac84b33304362c06,0.006409545275476729
ck_794d8935a895e33f,0.02801665678267452
ck_8fea7d915259f1be,0.0029424743661675195
ck_7a1519ad5ff45312,0.0008268620908460104
ck_9bf3ce30b65f75c7,0.0658401294633771
ck_5f864d72d1eead99,0.030432660916337635
ck_3c48e0cfc2a58041,0.22939414277464204
ck_d902183f80cc81fa,0.01340753322421458
ck_539cb0d117db8cd3,0.11321166033917285
ck_28f530aec8e77130,0.02732846955688485
ck_e7d903c50d353361,0.4543947253216719
ck_d288b77d1e227970,0.03765552319976104
ck_017208fcc01b5d40,0.0035911924066968624
ck_7e3923d278a5106e,0.011894001306557428
ck_9700a00ff9e66216,0.0048221276354556055
ck_5c36c78b7a4d138c,0.09099447918169949
ck_c457e9c9224b773d,0.024304448222031476
ck_1dfa91405d7e66bc,0.0029841528736985583
ck_f1d8a2695a575e56,0.006097094667854259
ck_3b92a46daf8d00d2,0.010253293562198782
ck_aab23b5470469649,0.0032712955929578664
ck_ecdd01a391610d99,0.003968899582107915
ck_abd3aa292f8edb4d,0.019239489810175422
ck_7fc9a0776e1339e3,0.0024387639705072102
ck_c0389ebeb0e65cb8,0.00361631967018894
ck_48d0fc4f6a2109fa,0.9835497025232446
ck_571dee4f3336c7ce,0.007536333496458059
ck_4cedf26628c84f26,0.033189291626443525
ck_63356762d24aab81,0.020652049397571908
ck_2c5bc11bb7ae5d2c,0.9171083253485139
ck_6d26a152f900fee8,0.010463466045927785
ck_c972b0e781efed3b,0.0014160363057200785
ck_fa0ecbcf9a33d6ce,0.0022866945598479034
ck_fa3a766e49dc77ae,0.0038116674145327266
ck_7baf1e55db0dc558,0.006020250920216598
ck_e8bc49e6494c1f37,0.0024137310190459273
ck_8ef1d05cc1e53e7e,0.08564940578628576
ck_cef2a485a77e0723,0.0036424013968908223
ck_228a583f23abff48,0.012103582000786628
ck_ac32c6e374782b27,0.034796021805725205
ck_b9485218cef413f0,0.0013586966345738786
ck_7f15503048915d6f,0.002268126017483339
ck_b62f5144db15ad34,0.05693729452088754
ck_917d82c552f95a23,0.011658070248091429
ck_fb4797045077bc6d,0.0021524122725400177
ck_2cf8a44e041217de,0.09756094754953978
ck_b7dd681eb3d2ee38,0.0027576726513228855
ck_e9e8cacd2fa35e79,0.03775052906359086
ck_342a79f91de5d1fa,0.0095214935976961
ck_2c91f62c05685ed7,0.003941642019201022
ck_e30cb64302939f38,0.020906205110408
ck_d0e95b90ba86da10,0.004321402599297525
ck_1774faf414a5d49d,0.9849393090746015
ck_2401e8ff89e574fd,0.7384502638901254
ck_0cd8802264e0a1ef,0.012512836282455142
ck_da84a0dfe947fd3c,0.004923497111049622
ck_c8affb27ba7fb5db,0.02833003324374178
ck_bc7ece8787ca7200,0.0047680024868537625
ck_469a0578d05990c2,0.0022036154415771146
ck_eef67f8dea702338,0.007222522370327622
ck_4f490e379e9ded9a,0.002713984946553556
ck_354379de065a8ff8,0.00524174612560983
ck_5db1cb368bc41ac3,0.0024415675040486153
ck_9b1c3742dd6fcb8b,0.01173642242430602
ck_63ce4f44c92d7143,0.010363946516038105
ck_e15e3390f5ed45f3,0.00527512392480874
ck_da645ea91d66aa6f,0.05628725749733952
ck_834ca727df855f07,0.10269894223893719
ck_e1d5ad20c737c745,0.004396660508600799
ck_ff8059ae5fa5f1ee,0.001038387494703807
ck_8bb9e75393954a1f,0.001406071132269021
ck_4e1757d1347ab387,0.9933435202775869
ck_af3f74b1d75a5d95,0.05676099468703229
ck_6b1ab0742ff04c3e,0.19251265037134396
ck_f56073911c9f1ab7,0.0017791936684461106
ck_51bd5f69b4fe0b92,0.9084902486935187
ck_fc3d95030b81f416,0.0009952767590018154
ck_cf78169633a1600f,0.0012666903917236375
ck_ad7269eaa65c67f9,0.021350683903966144
ck_cc6d33890d47a6cf,0.026186996668397154
ck_bc8f31f4a2ffa1ae,0.0021899705816314113
ck_720776a46e56dfa8,0.011806480006764444
ck_e2d1f212f259539b,0.005555111693699051
ck_eaf6f7082c3db2bf,0.020250483203747754
ck_773efe58c6278c3c,0.025180683666766394
ck_c4a72c09f2fdacc4,0.006364190602197834
ck_8982888dd6611143,0.01020886555162417
ck_9d5049e195eda029,0.007817823451880247
ck_de58ef6f9fe2b546,0.007719906053522218
ck_c0b50c11e4f5adf7,0.020031582310449807
ck_ddaf228487858bb8,0.03182151881250306
ck_eb2323215ff70362,0.019081661599743054
ck_168c96a1a636ea15,0.005905353348244135
ck_9c46711b14d9eebc,0.002001173079060709
ck_de8af660806b97b5,0.00223130383719499
ck_6ab83f45bf16eaa6,0.010846373123629263
ck_bf2228a052815840,0.0030706142177071584
ck_3f943f20a9da9bff,0.024200967812999092
ck_3baae40454c00938,0.0092981375634998
ck_bc2e771a1d8d2dee,0.02003546633212534
ck_e55f5ca37f30ce8c,0.007881676850310599
ck_4ad5937bef176d89,0.004918818222502455
ck_126531a9126c17c4,0.0014951937711056424
ck_7ec423cb56257516,0.029285882365956677
ck_54748ae0f2daaf10,0.006648504230407165
ck_ff24776280ceeeed,0.0030008810358719924
ck_3c3a1a1365741bba,0.0027948661920843853
ck_615277c8a4e2b18b,0.00859778478094501
ck_a96aaef34173aee6,0.8029918498256079
ck_bea56db7f3e930e8,0.002136420151690179
ck_ca491debd3b32a59,0.006657157071135973
ck_d9ea77f4114a389c,0.003225432484500859
ck_322ffda3332d08a2,0.018121844196601976
ck_c40ffefe4e30b001,0.07565424972272586
ck_3b1d7648d4580bef,0.005496354353936003
ck_23981a3261674131,0.028411330639413368
ck_11667f5b9fac7bc7,0.0012742216317948546
ck_646bb3c7be5f0817,0.012938634806279109
ck_ebd0a45712dcf07a,0.005736781662108692
ck_baf43bf1bd963f9f,0.03395015157265738
ck_e0ca2c819658f6b6,0.9734119160905388
ck_f0d6633d0834fff5,0.05689173143460413
ck_91081be0254878a5,0.005833832471224612
ck_1325000bc7f35b5e,0.0013847820043070569
ck_c624b9063400fa3a,0.04592549080710453
ck_0ad6fa0e23c3bd0a,0.06909855421385372
ck_6ddb55b1f23c6cb1,0.009641450497895039
ck_dce1fb3acd65562f,0.0024842639919757563
ck_a9aa389688ee5aea,0.014828985321594022
ck_5c5284c45d9ad8bf,0.031184968531962044
ck_9ce743dd3e92549c,0.03218904025159718
ck_8342e08cc2f9bcb7,0.007080223867467451
ck_25e551a0a8d2fcc2,0.018863124624509103
ck_d4fd0e438c97e0c7,0.013852103802985256
ck_ac7fe1c344190c50,0.006914077822985964
ck_ddd65711b5651f89,0.001584571784813292
ck_ec7406cb5cbc8f10,0.0034012912077547794
ck_1c65e8d5be3b9c60,0.03997736254284959
ck_38ee42f15a573e81,0.018049347687155708
ck_0e5385c70c6de025,0.003933667238823516
ck_d3137f0f7629040b,0.004500251994650163
ck_9129c92c12e0c8b4,0.0010007919947657906
ck_c86520a00e50a926,0.020754997283772707
ck_87f82b2b5fee757a,0.01219610034109642
ck_643abfbd7548d0c9,0.0174755953041953
ck_be51f4e5e6b85768,0.43582655755061167
ck_132c16312f37810f,0.002095340490714686
ck_c78c096ca8cb33ac,0.0014147950705093572
ck_2ce5afbc014763b8,0.02040757369308646
ck_50ed8f4e7ae6710f,0.004864266401290213
ck_5a4eb535c9a11993,0.012321118785209226
ck_9b665ef46d785324,0.004351806087809432
ck_e066f71f8b296b7a,0.0017357335247133378
ck_560bc6017870ab06,0.0029892632754432444
ck_fd78f8a8663646d7,0.0034486654349114272
ck_4af5ec61ddbde1a4,0.008921487931502837
ck_c2ed04a9d218410b,0.00782092398082004
ck_2455d43bbdd2bb69,0.007231382665888153
ck_56eed7041add49a1,0.08383420295714614
ck_5f0be7b468a72333,0.004439685705811397
ck_19660cec756632ca,0.006320221134655443
ck_fb90408f4892a21f,0.016495182246828447
ck_833a65b86a5d9bda,0.0009618824891928516
ck_2ac36e1dff211d38,0.024793733169157093
ck_c00e70606904539a,0.004614465863107695
ck_ba8affe4b9505a95,0.864810960735447
ck_0c3dd22587b08018,0.025849773993111464
ck_618c4e5cfae99dcd,0.06383132982974776
ck_c9690baddfc4177e,0.001474358870727976
ck_59fae092fb0c4aa3,0.010420921932795594
ck_e03b7d0fa0b28f4b,0.0019314580452977868
ck_d451d24c780b5884,0.00485927858910592
ck_e980d325b8dbb8dd,0.0008579932873974136
ck_cff18e2d8c520272,0.002306802864324974
ck_a0e46b67e986ab56,0.009772908145497163
ck_3a469039a5b9d963,0.006549701983558859
ck_12cbb211ebd2b437,0.05112459840898946
ck_b8cdd6d6dccc4554,0.0038913149891591906
ck_794ba5921cef50c9,0.2021892896019962
ck_2c7667f64edec2b5,0.004560772024576072
ck_7262b4e0c29c942d,0.006766266814848087
ck_5d818522cbfe2a54,0.03920287704470478
ck_de39c1947fb675ee,0.027150835692388537
ck_c021495606b4735e,0.006837925503882429
ck_1fc03ba33edd9e67,0.015524766161133408
ck_a6fe344bbf67f14b,0.009493706243348842
ck_963762210edc5694,0.022010803165417633
ck_d064428b7e7dc409,0.008027041176227937
ck_59be61b53d971611,0.008554762374023667
ck_ec8738ec663cd2eb,0.015562624070928847
ck_59d086fab5998646,0.020071995998305087
ck_bd32dd3b2cbb7888,0.992780706929762
ck_ce0166addb93bbad,0.0018520250852608528
ck_7c0fdfbb447cdc04,0.007830227073926261
ck_cb1bd7635968ed8c,0.28096015383408224
ck_66f94903177f20eb,0.008773234277594463
ck_1d7cd5dcbcdafd7b,0.6073735421381855
ck_5e418a7c04437b4a,0.04456165112804267
ck_631ea1ae91ab333e,0.04858656559118122
ck_0a8029e79a5ae7ce,0.02664813652883687
ck_c4cca8278bdad9b9,0.001141492517321589
ck_4dec3df58077a257,0.006802941595541082
ck_609c249edd88c565,0.0048769120246049125
ck_02e5f9cbbbf2f078,0.014923113715731498
ck_32e486859130458f,0.9474355425702056
ck_21ed2ea6386c5a07,0.001877362706396643
ck_1242aa4496576a99,0.004927924993961852
ck_475ea9aa6d3898b7,0.01680573002856849
ck_fe1b1adae3be70a6,0.7632646486258418
ck_c5414d7a8031d4f5,0.003613290836927014
ck_ca1f6f01868e978f,0.02431762746764181
ck_5eff0208c74ec714,0.008554996300589108
ck_a315c9619a317609,0.02177585144547179
ck_2b87683c90acb852,0.006901277063723251
ck_7cd9f39c50748ed0,0.009382465158614637
ck_16a06d58d71935bc,0.06241829685415059
ck_d116e0e7c19b878e,0.91530004361565
ck_931510e384b1d0cb,0.003290538274437526
ck_e7651fb87bb24132,0.0020069811756583027
ck_88ef9f85948e1a01,0.004498542562555466
ck_17bf38d51115a8f3,0.00212171874376198
ck_2659d1d3762a2825,0.008660689973205044
ck_a7285955e2852686,0.014966212553214495
ck_f2c33d5b65b321db,0.03684792814325796
ck_83e5979334345622,0.027003646363633636
ck_629537d8b4d0f395,0.027210599379407945
ck_72022008a92c9386,0.018858742124286832
ck_2973b8274f0bf69b,0.014972074053570206
ck_565e3418d2f4061c,0.015009590836394651
ck_54bb53b8f8ea32ae,0.9862752131583626
ck_af0a6540ea7a36b2,0.002556608550252627
ck_888651bfc2c8cf70,0.013123079614672678
ck_1dedcb48ac381a1c,0.11003562993048284
ck_f73273e220296be8,0.007490300570647127
ck_8424bf65223a5a9e,0.00239228396374613
ck_337b930fd149a696,0.006511737858403336
ck_8a4952de8a123ef8,0.004328418768141546
ck_884168153c9c0c81,0.005432575538384297
ck_fdda581aec411010,0.0014622751142644732
ck_2b7cadbc8b180d32,0.5774090869879789
ck_8aa8b9968233a1ab,0.004282504500724355
ck_0af18b3ce015d294,0.0029211125788340406
ck_8dde670a735d1e90,0.04747797313916201
ck_62f46226f244139f,0.02341797337613542
ck_f948e8a8fdd79b4e,0.006568742326717898
ck_fa00aa0f3e859904,0.012159248192796075
ck_fc7935f784a4f249,0.011004794117906338
ck_e7501307c0698e5b,0.012266331296483425
ck_549ed417f2834cee,0.021304682291105805
ck_fb2a35571ec719d4,0.8300967769934088
ck_25822068c86c856f,0.001463394412607152
ck_8f35d229b62c8f23,0.003984039741284246
ck_bdcf049c1e7d0c95,0.002585270878470735
ck_0aa9db36eb16422a,0.0016446278987892813
ck_42dcf92e9e016922,0.06139791617853555
ck_42341cf31c08c981,0.015058767735672735
ck_0b20bfc515ba42a2,0.009122167498569742
ck_0ec820b670d48098,0.004441533341382762
ck_1f0bafec397da8e4,0.02120893041406878
ck_82f07504ab59ed33,0.028706288920390916
ck_337b24a474010abb,0.9793580418531398
ck_703703bda38fdcf8,0.00843012227964499
ck_01e7960c63dca3a4,0.8738456113714396
ck_be5bd81e3715cb8f,0.9832118345616123
ck_197f8058cea1fbea,0.0018343514563977346
ck_eb3fb1106f2f1b21,0.014947106533610487
ck_658b4b54be09a4bc,0.9904691569396075
ck_266ce7ccf41ccc50,0.006503495504519523
ck_110608c3b03d4038,0.9161380528129511
ck_1be8cb95d6d9bbf8,0.0022767111052577507
ck_8e16a64a776afa82,0.3911290680338523
ck_34bd190d37eda534,0.09562419433849675
ck_4f521611ae14ae66,0.00158568353975506
ck_d839798f9520363e,0.01844821435877388
ck_d1bbfd246c0ac9d5,0.012157803693746005
ck_f19030e6e85a6776,0.026112091781608282
ck_cdabe60ab59f9d5a,0.0021072406883380487
ck_bb84b2b30293f566,0.9406686801780131
ck_427b91925952cb40,0.0349459148855228
ck_1078b1e155b5b640,0.005421117684610358
ck_95fdc264eac72fa0,0.006350452403811567
ck_e35eb857c61548b2,0.9592170604623886
ck_69bd0b1abea7e1f0,0.040623217544463686
ck_59de511b20c842ba,0.02298205091072484
ck_168e7ea341a36b80,0.0016773959702289874
ck_4937cfa6526ea138,0.0064288910602967085
ck_bb1a981306b750ac,0.03172759159511905
ck_f42a43e4c3f34ccd,0.001200551270734005
ck_c7ae1d4b3ab38185,0.008899678210470604
ck_bd23cf9bba1dd33f,0.027380223437844013
ck_0fd826fad7ec7cd6,0.017652603741943478
ck_f143641bf3dd0414,0.025884665057467116
ck_ad6d48c20a3688a7,0.0035195222191995194
ck_7bda5b5b927b2905,0.031049506460384076
ck_a337eb38eefdcc88,0.02041820190970218
ck_403da2a2d800df9f,0.07568563903002665
ck_aa01d5aafde73d0a,0.0041698136291998394
ck_494954023f0eb309,0.01706584384167689
ck_1c6820fc38135ad9,0.010728102478998826
ck_0e0bab173622db9b,0.07095283125615595
ck_547090bf35a3b243,0.00944043822046384
ck_d69455220b21dc9b,0.0031929346952213667
ck_90b4ac695b9c6bf7,0.0033591558920898898
ck_8d2afe17c0082e6a,0.02074378079578492
ck_926b81c0ba528eee,0.07565267891822805
ck_ce36b0c287bd198e,0.07637057060707139
ck_8026e017909aaa6c,0.0037967218049645055
ck_dfba788f35d4c372,0.0026174544145419684
ck_f09f9d0e0886e0c6,0.008906978103922247
ck_4ffe0366df388604,0.005050255292921453
ck_75bb521de55644c7,0.004267393796335529
ck_81a960fddf79ecf1,0.9730951558161983
ck_8f43459991ea511f,0.008986067761989642
ck_f878b68d66fbfd4b,0.0016678339183105913
ck_e84abfc0c747c9dd,0.9704360073714732
ck_3ad3fd3cceb56b66,0.9113377490622968
ck_7cf562578c7f158a,0.001895158748093306
ck_f81a97d350397306,0.02262092759163892
ck_255d87b7fb40caa5,0.0192560789298317
ck_b3905153b9eee924,0.010874062243728385
ck_2c80a592fb4cd6a3,0.002817740174713204
ck_57deb202d4188a29,0.0031748139294971245
ck_e3cb5f31d8e94448,0.9908181233193915
ck_0db62d5f7f75f80f,0.011593008549906667
ck_ced9163ea85589ea,0.7320496774863037
ck_e16528edc694fb33,0.9754518044956033
ck_78cc5ec4940fec3b,0.004702667868947385
ck_31742076e9a998f8,0.07168895591613896
ck_5ac335f02280271e,0.01791534791137357
ck_7cc2e091806cfa5b,0.021099639883246497
ck_3152c7115257f084,0.007839351516743878
ck_ab1b9d019921bca7,0.006868406693252405
ck_c33a762d98f9b290,0.001554934969509998
ck_b16a7c51b6f7a6b1,0.10993656074061553
ck_97402a153348e68f,0.005193077923821041
ck_95391029a21caa24,0.03399536775833468
ck_c2015a1200971fe9,0.02426857723564252
ck_ed4427962c68918c,0.9697703416035106
ck_c5e4a17d3efb19a4,0.15107886126659748
ck_8aec3d3dd51517c2,0.0018093683413623555
ck_f5178a658225d8e4,0.0010528507232745198
ck_8594f165e95316d2,0.002825524198192186
ck_f0c4aac04076a6dc,0.12183508943869266
ck_ac2f7397801036ef,0.0274401534828574
ck_d1ea4bcc407c7d5e,0.007931736219530288
ck_cce8b6657a538fe0,0.016633279161492646
ck_66d0c6d6b67a8d58,0.004986426882392115
ck_1a6b30320835e57e,0.008818573530138152
ck_8cd274cc85aa35d1,0.01654154654105329
ck_ada46085a78280e4,0.013424134727960713
ck_ce1b06623e4a815e,0.0008914381123963013
ck_45e70c8a9686580c,0.024610611406874944
ck_0084d8ab6b1044f3,0.00519980083206309
ck_a5f7b6fed6df2aba,0.017901879101079675
ck_94940d783e7988e6,0.004168279256847426
ck_00f9ca84d1d8ae7a,0.005568356545903373
ck_0deb56f3f6452818,0.002007250745431864
ck_a58e900469dfc3f0,0.002454630756557431
ck_028c41b195280980,0.0062120802918002975
ck_7661d7ceaeb19f97,0.007403062735122058
ck_6957905a65c47879,0.014204545157656488
ck_f7c6c26ef3c4ae06,0.005731925041036179
ck_8777beb11aabd66d,0.009051040562414459
ck_7db098a17374bbf8,0.9416491833922425
ck_66aeb00e44486cda,0.8851029822671311
ck_838c52cc1d315ec3,0.002389338551984333
ck_1745847cd4e5dc83,0.014285146462739406
ck_201687857ec8b3cc,0.006924406980321189
ck_81818169208a8cda,0.010393669917389544
ck_3303fd3f64632c7c,0.01441191579535619
ck_edf1096809e83ef8,0.001247860572730536
ck_235ce9603c7dccbf,0.01807449121213266
ck_9df7e153868bca13,0.010152737490722458
ck_3cfeade2cf270fee,0.0032835659378673506
ck_982b0bf2e2b6c4f7,0.0012384920167797194
ck_faeb0da678bb86c0,0.0031220675484771587
ck_e86ad2fe815b6ed9,0.03868476280548938
ck_70d69e5d1bb99e85,0.0038053076070394673
ck_7e9a8924eab779e6,0.991420303950572
ck_019d5891103e7da3,0.005495153789459892
ck_14f0484b3817eda5,0.0032451875041367055
ck_85de63d278f0fbae,0.0009659901311463874
ck_ae91b4cff57fb3bf,0.021009732922387316
ck_2a6d43b9f883b78e,0.8798311598100899
ck_7a4e3d553e8ab5b7,0.020966538893189928
ck_fdf89dc69f700f84,0.07350327275977576
ck_f92e04024bf13558,0.0020344993335958293
ck_4a522ca2dc4831a0,0.000861358468003013
ck_68ba25dc3385fea1,0.04403337725421923
ck_22128a4f0d033422,0.008661664788411396
ck_5b52ee0a13c71590,0.0016131571536187827
ck_59472d17debedafc,0.005648079096238585
ck_9dde2c63acda3ba3,0.006218947733000654
ck_7510b1023cd08531,0.003906556045628975
ck_071ddaaf2e4e3671,0.003033324974430958
ck_1355db6f4010232a,0.005146676248186239
ck_0a7adc2f27f98510,0.051783130155912384
ck_68250033717cd59e,0.0013981785093909126
ck_7c12de74de30b788,0.5860853444702413
ck_65491367584c730c,0.007790579730997132
ck_e9047964952bee70,0.011493510240578932
ck_5567779d6ba184eb,0.011485347005304286
ck_d6ea026357ec6477,0.003538348151279816
ck_cd7dcc884e283746,0.023439242862156588
ck_0bd77fea8ed75a15,0.009498542264575058
ck_e80883208e8d0453,0.004752791551371573
ck_2ad0ecbacd5acf8e,0.9867579373142401
ck_6c1dbee7e8fdd5c8,0.0857635693461096
ck_ee4d9a7449515908,0.001353511896169991
ck_636111f7f030496c,0.0029648440891077202
ck_2c629c657f73941f,0.006725091486521841
ck_c1c9d3842d758420,0.028665011100216242
ck_e4df7faacdfe8c40,0.011177791693254027
ck_94e8142728e44380,0.019634054692916035
ck_765aaf42c5088545,0.006076749093913279
ck_e0f845159b6e6a4a,0.010074764234484382
ck_5bc07deb82edbad7,0.0014114316830463
ck_713159c5c6a7a4d0,0.993834884938184
ck_b08afc91d9ca55db,0.010716927914554508
ck_a7bc323ffed2ea97,0.03865740256608025
ck_85ca825f905a34a1,0.011409733426763772
ck_33160c443d4b3f19,0.024218234377633922
ck_832d39c590a3ca75,0.9459287394249942
ck_7d1661a34164406e,0.9794657308557456
ck_c2466fc40fc9d5ed,0.9623630499115773
ck_ed0e776c0926ce67,0.06664675894768454
ck_cdd2ebeec75bfa69,0.8003782648523934
ck_d7877684c7923ec3,0.003995969098220366
ck_7384d4d2406aabf4,0.005870542747720375
ck_b8e5244e650aa81b,0.01324302823968361
ck_25a1ea40b2d59254,0.0015062166299549531
ck_b9e5b318ee4de68d,0.005542307728283924
ck_620d7ae27af83cea,0.009100173453266202
ck_40b4e264d1a12b83,0.9763180063529449
ck_b694c803b62862b3,0.053912737564403644
ck_cbeca201dbade3e5,0.07694093133806124
ck_f9b439c9161c3e52,0.0013749287792563449
ck_9880410fcd10a28e,0.001929513018846999
ck_74928f5f91aa12b2,0.05485142483736579
ck_b6673bbe61d2680d,0.01374372202345526
ck_53c8315b5c30acb4,0.002250023147318625
ck_78f01d78ea79642f,0.008839727278356291
ck_8582490d6e365a63,0.0115362662379617
ck_af25c72d16299258,0.0018812161792628845
ck_7905fe8e257b0449,0.23677975687699523
ck_0d16d9349e4a9e08,0.03658995444526663
ck_31b16b8848584e98,0.011608377653503334
ck_67207e3eecc02d76,0.018043775848481453
ck_e6b95ff91116a592,0.01253427254833318
ck_c08f622bcd6de6e7,0.005046304688170857
ck_f9a68da9e0f0bc85,0.00348667889719788
ck_4072b59388976896,0.006383579551804915
ck_8ec86e853ad52828,0.042294399554352366
ck_4fecb87eaffd5cb5,0.005793570606484885
ck_d6880578428b965e,0.08746820834318925
ck_bfc82b3c1c9f2897,0.9550089931584596
ck_c340644176ca03e7,0.010402851595848533
ck_321e740066fb05c3,0.8992846627419178
ck_8929d2eb09872052,0.13155689396719733
ck_205c107cec528414,0.9332822646793844
ck_e76db7d2562f9836,0.0233041974137846
ck_9ede51c8434cff6e,0.04765733878713159
ck_492e4b89c61b7b6c,0.005831190993393074
ck_9385f5a1eeebefcd,0.01374070847384053
ck_ee52c7bf88f952ab,0.009906489576565366
ck_d8116c34302021d7,0.0009933868674948487
ck_01645ea51972e99a,0.024980021997321238
ck_7b45ed23304a854b,0.00793371482358565
ck_2096d32f3d497ea1,0.0289260086867069
ck_dfbb2056f1ef7d3b,0.009008951081653008
ck_938ce30c864bc7df,0.0006799740627565023
ck_ff30dda2c881a4bd,0.5088988799925176
ck_f88c79186a082beb,0.2846161508432309
ck_08c7bb0f9851cb76,0.03496972505665574
ck_2675e7a008e584a7,0.014940760014382872
ck_cbaf8a954281d4e3,0.9598569580015439
ck_8b24eadf6c72b30c,0.4096693282276056
ck_ffc8e3c1377d0706,0.0021173384377878345
ck_5b59e859bed5b40e,0.023213152890312637
ck_7b61717f172f9317,0.9553030492051325
ck_e5c30947b732f661,0.005766858269279076
ck_bc273f3ce79f7e1a,0.002452910076944765
ck_f69e93388b3028cb,0.06819193876178822
ck_3837ad850996ba60,0.019908628333441477
ck_36d78ff3bc033ee5,0.007370564586754118
ck_5e20953547ba4135,0.0906886469523511
ck_258d661e450ac870,0.007113228153630061
ck_1df66f537496ca59,0.022758964853348614
ck_361f535599110201,0.0068540225786293055
ck_337e98c69f6e7886,0.006722173921863259
ck_d3d5b2717cfc3913,0.05352340459726761
ck_b1dba768dbe7affe,0.015220254790756806
ck_92d782bd9ce0d1e3,0.01406413882718581
ck_26bd0f8898afc8ba,0.0009642749948487706
ck_7916e53daab36745,0.031138860415613572
ck_2caf553b31831a50,0.0034643791216799635
ck_c6200734c7f9b2f9,0.9630543349505107
ck_cdc55623cb16e6a9,0.003234801987429815
ck_57849e15b61c43b4,0.0021766038970743996
ck_b7af9b2ee0eebbc6,0.012124308491363677
ck_00aa5fc3b3bc66aa,0.013183209660573287
ck_9929723f65636c7f,0.993064490170898
ck_8f6cce9f69912983,0.005593030237619201
ck_c422ba389ff00781,0.0011599190047665911
ck_9ec7f334604a228f,0.024097401723230216
ck_5d01200ba3341462,0.019464622614126497
ck_2bf10be403849c9a,0.002982693604422654
ck_6ca018259f70858f,0.006725279337138197
ck_a54dc042ebb7c766,0.4392107414720101
ck_79da63fc100830b5,0.00916753959223123
ck_67ab6f9e05c85085,0.006062393315863907
ck_fa80da579ea9afc0,0.010872621476317368
ck_4339f86c87289222,0.9239628786776188
ck_a2299b4f530be0d6,0.13893867459656495
ck_19db0bf788697c2b,0.0071131285695530035
ck_fa4211c4d826d830,0.0010547358142630379
ck_96100d5e8e051e91,0.004079343895725259
ck_5c3a671883d58b3f,0.0012010110423932414
ck_2d9524787cfe1ab3,0.8758056926444734
ck_47ab8e51e5b3a2d8,0.004031002385872952
ck_c924f36bc1bbbaa3,0.011358105849634679
ck_5c58e7f8fd55e26c,0.006717907110065607
ck_a07e7409d6d5aa06,0.005695385470184335
ck_c8413898f5f7cb7d,0.02635609284602189
ck_577c816b41cab002,0.9267781181191038
ck_9f7807ed64cdb728,0.0072214332621372435
ck_495d814d6d6d521e,0.0018190827750792396
ck_7aa8bc018c2b003b,0.002327130388684773
ck_7c3a6a82f3c3241d,0.0044449772095758976
ck_487f7fbc290e4ae2,0.007042829053921884
ck_e556c4d36aadbe03,0.0013145706826004644
ck_7e6569a1b2455cb0,0.001053891786737225
ck_de2924955926d046,0.01397458563273841
ck_73d60b4630e3937a,0.00301593763287814
ck_805ee564bd35ef15,0.008253046117373396
ck_0d40961e47797027,0.001614556670288144
ck_f06d00a4f9c87d80,0.006230478439859313
ck_5ef50fb07b6737d5,0.012635166307396323
ck_16541fc15683e21c,0.00291066054438162
ck_09fd43f1b7e2eca2,0.0009631249626044786
ck_2a2c336a69b8d68d,0.02253649887596601
ck_2685f38930866af0,0.04537325347599708
ck_298278a9da874437,0.008208371999208522
ck_00bd7803f2530c68,0.006750480884002883
ck_c2b4a1d8c0b6c1cd,0.005082981114243915
ck_2acb54ca20c3af6c,0.009138888725846039
ck_e3d4b6f681c783ab,0.07557873472030249
ck_f90293f1eba5d7b6,0.04976765809755374
ck_e69d27e8965df0be,0.005557776286507962
ck_b7f5d10b427346ad,0.0019080974566906897
ck_1ce20e4223a936b1,0.012380462996776882
ck_6b97d1ab90f6bdeb,0.0028943063324961453
ck_e30e17db5473c7b2,0.026026781141438304
ck_154c8efb19dee665,0.014079974054859362
ck_6f5bb0c930644cae,0.9925027268186261
ck_9e17699baa83d173,0.0052650744063931715
ck_9693b1eb70880205,0.011445350788620693
ck_1e97899875bb427b,0.004942848663794465
ck_558a82590f65df69,0.0009220857440307137
ck_18df83242ff3cdbb,0.7185847445331163
ck_80ad4396e1084c68,0.019083976779211857
ck_0a993bc947bab61f,0.13825831483050527
ck_5c2d43ff841632f9,0.003805036939169062
ck_6e4b99fb9725d9fa,0.013203733638317117
ck_e0983999ca26c19e,0.009879653926244496
ck_6573c4947cc8607e,0.050906159971397656
ck_d879d645d6e44207,0.009162316015888027
ck_1375ad9f10688e4a,0.002038222583845131
ck_7501ebbf4e21f160,0.010809414612850161
ck_ca60d61cd4dc3bea,0.0017671584886128008
ck_ab9ea095a5c58b4b,0.009927988094531898
ck_23756522b58df5d8,0.0010933126002035153
ck_90bc176c43d85fd5,0.03935544361080408
ck_908b663b2dda94ad,0.0032845559649308754
ck_4df2fb8e4b649e27,0.003530100374819322
ck_5615c6bbdef05291,0.0912653184262091
ck_b62f3e3185251f71,0.0010168384291226655
ck_38d1a22850178f33,0.002900116712927459
ck_5b3ba20c8bb1383b,0.00648894752249939
ck_5576ffc6aaf6f22c,0.0020012911949344753
ck_cf7a022178165e56,0.006071265450256264
ck_f2c7a4c50e2ede96,0.02522238251448868
ck_285719c77eadf915,0.0008494984991623781
ck_f2aa1b677619ab19,0.007131346659443762
ck_3830c58d841e9e69,0.42544292355842545
ck_32eba3510c8eac5e,0.003257307038770791
ck_8955d7b9030d5eb5,0.003537063812164493
ck_6775e387dace7525,0.013980762818651727
ck_0a0cd7f4be606a93,0.07068299587949625
ck_a9f700eee5d638df,0.0035917365336603146
ck_3d7db96995745472,0.010176036949594403
ck_aeed557007d52e9c,0.0010255548511831692
ck_79b6a86830156b5a,0.017863979634205177
ck_6a1ff9d69466181c,0.9918090876266049
ck_f11b1565f986f5e3,0.012467273718238867
ck_4819327a78615485,0.004404930401592857
ck_3ed9e081959b2f5c,0.0064376208719406705
ck_16af4be191c47d3d,0.0015339328142240723
ck_25122cc0e8b1a662,0.066952348616268
ck_509c22828d467ba3,0.013975164635450696
ck_31109c899336348d,0.43408276196636253
ck_c51131e53baa59c7,0.0011303049858581112
ck_cf8ecabbc61d3e11,0.0028567239111952076
ck_eb6baff0f85ba936,0.008739083141119094
ck_777669e2243204f2,0.8392401231089426
ck_ac0ea27e692acdc9,0.007291696900528928
ck_4c6ea04ce8ca9e2c,0.001909663048999625
ck_ca54b32fca7e94cd,0.005442221530037551
ck_4dfd8947f540eb24,0.008577683321680898
ck_95aff1fe27fb24bb,0.0142966249607135
ck_c7550723b90e5615,0.004149703185106602
ck_57b3fee69bdf85e8,0.00142268246961141
ck_f823407ace7ff064,0.08411800524235973
ck_a69084a068bcc8aa,0.042432488672872956
ck_c7b17f7b24bef5d7,0.007222488916180251
ck_7c4e588f927c27c8,0.010791198656425404
ck_77fdac602d0c6f95,0.022802212594166853
ck_e963d8525018d072,0.016056632130827548
ck_6e8ebaea8f7bffaf,0.0016487619617663498
ck_aa42976a31cb7770,0.009512448438722551
ck_22c862a496008c96,0.988749334809077
ck_527550dd15f38782,0.0056257990920989594
ck_b3ab3c210e2c7c19,0.026411623903137088
ck_ed9c56fdb9f45ddc,0.11153845009371514
ck_b53281da70defcfa,0.020857581622068987
ck_03009b721568ee98,0.003934669587711601
ck_3d9afd862b3f4053,0.34335314199087585
ck_ad3c4be96599554a,0.006107813068601446
ck_d1c787c27d50af49,0.04536574912310378
ck_c7a9c7b2eef46a99,0.004999480019378477
ck_53036d3c6c74446c,0.1347073824751028
ck_1b1efbd9c0964c8d,0.05584860125560106
ck_d66f42a269d5c1ed,0.019693694671524303
ck_fefc49a2b8ad993e,0.006900561546215531
ck_8b3b874249adece9,0.036236045764317985
ck_193d9c87ad3f1dad,0.0013797390204607798
ck_0c6a50d747593b7b,0.014211687796950718
ck_c830f3830875b47a,0.008124170188307933
ck_79e202f06d8dfe42,0.09742051442007946
ck_5c0fe988b8aa7fcb,0.1425278812942588
ck_a8382d8345f21e1e,0.007295224023221694
ck_8cb20053914692d0,0.026456435682586925
ck_1da2f69023ca4c13,0.0014739673112162362
ck_38abb60995114f8f,0.05388585378562023
ck_f5791fd8fd8fd191,0.00664136846529431
ck_a4e6fc391b674335,0.6245827237959195
ck_bd771efb4a7e15d0,0.006195324267897381
ck_38ba4a6b6a292054,0.02645403525998068
ck_f7a07283345a0dce,0.003319403356247335
ck_87dc484baaf5a23a,0.0009894099089140336
ck_c84ef83489badbfd,0.011719509013275087
ck_a397cd64ec5d644b,0.005420701183649727
ck_7977135c2ff61e92,0.014971761153593204
ck_52174855b243a8b0,0.01730622625153535
ck_0f35e930d0614613,0.9928530743625886
ck_b170a7db522a0d6f,0.008580021385940037
ck_7af748a23775bd54,0.03233576454593472
ck_52f641c9ee6fda70,0.0034131348248090158
ck_c3719a30414bbb4d,0.01554903528366749
ck_2baf214ad6bc0dbf,0.022200849638937595
ck_8b39d8aacfdd72b4,0.00342211142189659
ck_d39b0152116203be,0.01181013137747355
ck_ed33f8a937f9c7c8,0.010691725935907151
ck_8ef97b55a5fd6ec9,0.0016592754314847344
ck_8247f008a14bd1a2,0.0032529105527547273
ck_f0d349d68249d5db,0.0014429002082340357
ck_a544e766540861fc,0.05907388194243145
ck_9dfaca4c7c80b10d,0.07500318346377241
ck_7e5401c362b2216a,0.001779540877128723
ck_64ff60c073fdb6db,0.021498869669150725
ck_fc5ea49518e5d637,0.002689246919713765
ck_580f136ced341298,0.0010620266722612636
ck_9cbef9bc95449dca,0.003220015013763068
ck_e475a3b8ba870a7e,0.0035261654150117666
ck_97e94708bcf43563,0.006131679829034594
ck_13f03ec785cbdae1,0.0021163352477406618
ck_152820d8817f478c,0.008142482977771903
ck_d20d4ba60eec9945,0.03672962829044486
ck_5c45968a805132e0,0.032804887419478165
ck_bebea2cf3063fb24,0.00394681165379278
ck_c3c69aefe7ea1d2f,0.008481975835045483
ck_02028b72f26fe855,0.009498951942272398
ck_dfadff70a58a9133,0.0008861689534242958
ck_6482ed4491bedcaf,0.007691481818283187
ck_754cd7b4a5ae3f94,0.015485739369578233
ck_3132857aec8485bc,0.0008873709308352309
ck_7ce4ca91b8f9f1c1,0.00333424970860368
ck_41938582f4351772,0.005745825735650798
ck_f87d66946252476c,0.06537527375979821
ck_8053f1879a9b4e43,0.003010308590728856
ck_93892e91387f5103,0.025990317245866378
ck_15254db133b28371,0.008286431269998906
ck_d557b9feb241b3ec,0.0014177199832790335
ck_71c3a8e4c12c989f,0.0043770832269911086
ck_80e3041811033443,0.03173557426929163
ck_3380d60067b4634b,0.006518240731564151
ck_a9c2cdc758df8510,0.029219489782098783
ck_3c0031d7514da17b,0.021971987326178964
ck_18d214b1418be39d,0.015299750456636372
ck_7ce768407fd48321,0.01114627506612684
ck_7a50abd42298133b,0.003948919326970998
ck_2db10f987d137582,0.036537577808890706
ck_e077d004cd1d80ae,0.00502528519587894
ck_1cb6dc67f9a321b5,0.0055278093961302205
ck_b864f64101149c35,0.9277006879972935
ck_9bedf54df9418e4a,0.008742311024776133
ck_c47e32c47f0e6578,0.160121565700421
ck_71f382d5e338daa3,0.011941773280121058
ck_14b4bf7be6ac2b61,0.01845309531301621
ck_5c87eea1cc07cc92,0.024600038182078874
ck_5f445182829ef342,0.016780619252759837
ck_a5d7311291caaa54,0.0025759892670882034
ck_b7df99aecef385e6,0.03219848685389506
ck_3327a0582407068b,0.016770589651381347
ck_08dba09fd7dab896,0.017016016587664405
ck_f4ec334be5266378,0.0024473980316329037
ck_240f7f894c5a86e7,0.002921218788163691
ck_a9d994554fc14a02,0.0006484572588665968
ck_13648cbd306eee6d,0.011100907262509785
ck_601edf9105b3c321,0.9852112323532248
ck_9527adac182abe57,0.8896075969850736
ck_4e0e80f5cc271bf7,0.001325413016438047
ck_96a89e720176b389,0.07232852484536903
ck_63560eec94b76d2f,0.01034535899041009
ck_c9c99e5b19aeced8,0.0007727743290247347
ck_bc32655ee5ed643e,0.010649171239355142
ck_edccb5a93b741744,0.004138920560979806
ck_f786cbc987b70930,0.0023155397191442196
ck_0e8f26536ccc8947,0.013335736406712997
ck_b87ef4b98cfcec4c,0.021884199902287748
ck_1a9235812de4b2c1,0.0315946746399327
ck_d1ed88ea4211ba4d,0.004422555176306868
ck_a4ddac49657a4450,0.01203031432730359
ck_d9ffca35188e49d8,0.020789561584903093
ck_3db73bbe03c3d240,0.0010384450119692108
ck_fffa0622344a36ab,0.002671082257607849
ck_148c28df51bba5e9,0.9639577401218519
ck_076cbc25c8f15fc3,0.940456274652318
ck_e5ca550b39ed45bf,0.9438087268932132
ck_8dacf3a2061ca17d,0.007347591549892826
ck_2d7394afd61643d0,0.0020885739368191013
ck_e42206e91f6a1752,0.0006766930837404146
ck_2f4f94827984c426,0.0016078090003303787
ck_edfe8e90e8f4366e,0.0039693355690346155
ck_646b15f753e5e9c6,0.014041753518189325
ck_66600620149c8799,0.004922816326993568
ck_4ff6fc70bccfba96,0.7649861748459432
ck_41af3729590c2484,0.00855344010469192
ck_920a48ba8c583e96,0.002421140480183031
ck_0253b3e7be021306,0.0008718610297433068
ck_2ae6949246ea2648,0.0044403309544000695
ck_db23a5100f338d72,0.009510768043220161
ck_fcb2a559474c3493,0.013011609048812586
ck_0a4d7acd2a53cbbd,0.0018857283536210128
ck_c5d62b2b7a6f3bac,0.988816561836412
ck_cf59f4fc0ea690b2,0.008029146388243423
ck_837be8126bb19250,0.0012081201985679256
ck_58955542edee1adc,0.002171505633348717
ck_1b93381d8eea58d1,0.005549776500861546
ck_97b8e05d62abdc14,0.011573555562979268
ck_71a0d645744302a3,0.003340746107248254
ck_a7b57882ab66b111,0.001131652774912659
ck_65f76421be648549,0.005911051785880873
ck_b53ea8713d32ca7c,0.01794670177114634
ck_991c4c924a1d85ff,0.9833222409905031
ck_8432ccec1a4ec7fd,0.975397633179689
ck_64c1633297f43788,0.0012114062417902139
ck_4291fd9c1161d8e1,0.012685499612340636
ck_5e98ed6391d9f429,0.031162530868061294
ck_c7baebe4549fdbb4,0.03112680146745126
ck_6e67225ba59fa5ae,0.00779245420205636
ck_719602def4d35fe0,0.014147319645176371
ck_bdee7c86f5ebe81f,0.01067925483257474
ck_8de38f8c7f91961f,0.046549571505926826
ck_b0b5bf9254700402,0.011008166025090227
ck_7b55d9bb1a250d4f,0.012173768311108038
ck_3954b7b0fd1d6614,0.0017807323099023275
ck_f29471fe7c818d6a,0.0037060174942724856
ck_9e65a8a2f587691a,0.009921390685020345
ck_eaec5f1a83b66eb0,0.048383873818166966
ck_004fe0daecbe2c1a,0.27580658509492534
ck_d17653a4a2d4a79e,0.05607687201505886
ck_0dd417fcbf19e424,0.012710789896116246
ck_4c99a6eadea143e2,0.10138266507982056
ck_74d602c907ee9119,0.0010071431316262482
ck_1aa87cb62acc0ac6,0.009689076460352974
ck_094974d75e29fb2f,0.019723000053545582
ck_5ef935ac3d4d3332,0.009050695127911342
ck_b26e4ae47c9107ed,0.913304127696915
ck_396cea6f95186ad2,0.02398453172343339
ck_48446a9e8184c7d4,0.0016046038305146174
ck_31e1ede23247d56b,0.009847987642143313
ck_7afefa349b960a3e,0.004660351807537234
ck_f5e02a3432571b20,0.08762344364345062
ck_64eefec062592c43,0.006195888013191573
ck_a1201284122c141f,0.010631314695002045
ck_1b34c420a4c85a95,0.007168743707891359
ck_d637a011332ba67a,0.00399590257775854
ck_99c0004d8b7079f8,0.003072310982844054
ck_948517bad569b40f,0.04443832839640778
ck_a28d6b1601b472a6,0.008077730443028543
ck_a0b4209feb31f5c0,0.9936108299840752
ck_d6d2c1f6dfc455b6,0.4454973218537102
ck_3f9e6d356d3dd3cf,0.0038852731749745143
ck_d08e00c842b75176,0.0074495207554019
ck_bfdd232a7c5f2660,0.04012898783992418
ck_2cdad03ed069438c,0.06389619660893128
ck_42317c3eabd0a285,0.8576820280982863
ck_3eb73e56751c704d,0.02301890280602658
ck_ef33c04f4c9e3758,0.011314032419200884
ck_1dc23dc870f1773d,0.012487841651129573
ck_76091f357974a152,0.015333449320913134
ck_4d9eb75e8eee90fd,0.03556173754035165
ck_578f67e69e5d2cfd,0.008612589906291074
ck_3a8ce1cc724229b8,0.0008880303085035153
ck_a96887f841e80fc1,0.025197975836233726
ck_d2d4a8f4a9f2c33f,0.0014018103295036746
ck_11f85bc705dbe036,0.04224554273946981
ck_7429b3f87528e335,0.0056313184205866815
ck_26df74feac7ec51d,0.006956164354901739
ck_c78b2638fadd91ab,0.01661410391010648
ck_7eaad325abe3b50c,0.0011675957393977728
ck_fd44e34af620e606,0.02235010000771516
ck_f99738dff854e25f,0.0038201418089283653
ck_1ffbce3a239bb264,0.007928455937227692
ck_96c7d52ba0a766ef,0.03732314830556951
ck_cb1c00c300af3f9e,0.028930496122146772
ck_ec3d12848ced99f2,0.01448823612172887
ck_26cfd7c3c6c7bf69,0.018534064789829184
ck_7ae86b5a885affc3,0.037997513084397846
ck_3edaa94d28cd48ea,0.005697702782211245
ck_3209c530c9812e39,0.0020424714511371876
ck_ea62ebfc1f04b49a,0.008471262092727836
ck_5fc90b4668ea81bf,0.007160907986475826
ck_95654593cdebd141,0.010318505077369592
ck_958c0bd61820147f,0.03430699426622957
ck_8440ef1386c07194,0.005964620931849139
ck_8cd1b68dd74b1375,0.18393169305509233
ck_c9eb4df91ff07f2c,0.0032535586599832266
ck_c29489366c01fe65,0.9669049046950366
ck_c965fd6bec0f0ecd,0.011681388751618334
ck_84c402b23766e1f2,0.014183944375463092
ck_181f3dae03b87136,0.01937464442701784
ck_022a8ae79eb28cf6,0.9657258964847795
ck_469c17407d17b706,0.016967622746363736
ck_1fcc5843f39148a9,0.0027043788633991017
ck_5debd55f361b2ddf,0.0019600805173881366
ck_28cb9b03e89263f1,0.0015766729817858934
ck_f067470743d3c7a2,0.0463082436164854
ck_d5d225ce41a1a762,0.00554498989166706
ck_15b4840922195ffd,0.006861011114736193
ck_6bcfa37c717f19f1,0.01283264784067988
ck_8d501a0386c66be8,0.058347412539468194
ck_1a9d6190c57ea7e2,0.2658218595550429
ck_c49832eabdac5bb7,0.0009642358313811921
ck_b4331140b2e0d4aa,0.003643066304816607
ck_5efbea1befdefe1b,0.04258749249330316
ck_72ff52c4824072ce,0.020078387778867755
ck_ec3715add8bbb6e9,0.0030311047101341353
ck_9822f8ed05335741,0.008545122193286231
ck_c3d7d3d12a1981a3,0.0075431178509180255
ck_a115a7919ac5875a,0.019674524265600336
ck_4dd4ed23e0b927b7,0.4148106417340364
ck_4c76efcc1ee6762d,0.008993539003424537
ck_3ad6e7bf452c9b21,0.008384453811767147
ck_dcbab304b55a42c7,0.01970568657542043
ck_24b53090faf722cf,0.009481957530901223
ck_187317383400491d,0.00379932153155476
ck_e07fd57565c94c28,0.014195493108636126
ck_740e760fdcd27835,0.0014093251784252601
ck_d3796aebda1cfed5,0.8707094188298864
ck_e541967c681cb929,0.034458232351983295
ck_431118050b834dcb,0.002035839275134132
ck_90f3655f0c8a0074,0.0011536224815612908
ck_13cd943777651aac,0.010796109001046255
ck_66accecabf3901c0,0.023037997595835677
ck_937f0da2306b2eb9,0.0060129014628400946
ck_105b0c93573fd5b7,0.9307785958857812
ck_00480407160e0743,0.0011059491854982259
ck_e032068be7b77d15,0.025685039150856282
ck_991b7dfd69098320,0.0011897826949111216
ck_37d47cf0f34574a2,0.001343817614829866
ck_011551a596544f5d,0.002064427789399594
ck_9acd98f4fe2d474e,0.16061160664349722
ck_7c88d3d377bb61bb,0.007609778369046499
ck_e2374c7136c964fd,0.015206849286669844
ck_2fa8f2577116e9ca,0.18109341892618516
ck_d07c5b0321c685ea,0.06030486895188743
ck_bc736114a31088a7,0.005596165586835677
ck_32bb42f9bff197f8,0.0015710667703846867
ck_66267bbad1f1415f,0.9826725225190206
ck_19988702ccd79201,0.008008180033834486
ck_f473a03fbcdbc4b0,0.003152559370243388
ck_e3f1d85fa5d49396,0.007066390424591254
ck_c4402ea6291df271,0.027539600715007516
ck_243bd5ca8c4ae5d0,0.011115016304682142
ck_f271e855925e8d6b,0.12240317203416091
ck_e424148c6f2223df,0.005741572873303351
ck_e4d0a9e1102a58b5,0.0050486465836284255
ck_91c2a5fe69b9b1d1,0.004086626022361112
ck_5fd8924732fe403e,0.9355701686324442
ck_9a881d5433126ada,0.002843959220128659
ck_73cab88b29c7845d,0.02892985455490919
ck_5b5dea6476d4e182,0.014551644703271721
ck_ccccb17d2ca6ce94,0.049256488895309807
ck_cd1dc68e441222b1,0.9078838708015509
ck_8312c49b1431a406,0.004421645081715393
ck_25fea39897f2a559,0.022854391550713813
ck_f56200205280bddf,0.030282917001930552
ck_7336611650dcc088,0.004608769393890174
ck_590716322ff147ae,0.015458992105392805
ck_c82364d87875a1a1,0.030955209885516515
ck_fa4b60387d744fc5,0.0011485731845815336
ck_d841eba8906e9a15,0.0076578956801694326
ck_d6df562a79b9d0d9,0.011119819063865713
ck_59a14d2564193101,0.0017514460887592734
ck_8530158e3d7f59e7,0.004150600683016779
ck_ac68d707006c12a8,0.009158521464351078
ck_976fac1bb3dd8c58,0.04952273806940266
ck_f854fba8f4adae3d,0.1253672413292973
ck_b98e9c3ec6e7d1e7,0.004888930882025129
ck_803c0b4cf9d4bc1d,0.007305898107893116
ck_76997a33c3ea5107,0.0015171887858977462
ck_f1a9d832b700bda1,0.9858502816492628
ck_2bd96ddb8c323d63,0.9881456964815118
ck_9e5b7acf51b1b743,0.002689911324052833
ck_09169f22194fd6aa,0.14967758757223662
ck_6d69e092f9b0848b,0.009948918965013157
ck_9f83fa5a2d3b9049,0.00929924580251323
ck_57bbb19eecb4b87c,0.0018086780584041743
ck_e0e9cfabb979f428,0.0036840132503569894
ck_b1ff9edc51d42f97,0.006490705799586147
ck_4682fad271d47eb0,0.9584607527593292
ck_ab33fb754c818ae3,0.022502080418907156
ck_b456f62b80e21557,0.0013602671349251453
ck_16340be3f2a7fffd,0.0017193533943046318
ck_ce66831f6611014c,0.004088336553030987
ck_4610a073bb54d1b1,0.0853992126965355
ck_fd038a7d33a9d6e5,0.0024146161249510687
ck_c8198cb4c461304f,0.02462690059841064
ck_1e7de58822000dea,0.0022648744839876486
ck_b2a79dd3df560f14,0.01401144384347571
ck_74a06f347b32347f,0.005739431085959043
ck_c6fdb2972417c9bd,0.011410326633096967
ck_d7607a213b800bfb,0.033620438985651806
ck_df65967b8b40319c,0.0012238773528378136
ck_329a73dbd585ee09,0.0061315845713865265
ck_74991a9e85c3b07d,0.008201964861669886
ck_bb76609b79e0bc9f,0.003622484197553228
ck_f7fc1bd0b9ab1fa4,0.01867002306019036
ck_d111c98b36bdb791,0.0076233737464385404
ck_f07e27d125497b66,0.015013246680822892
ck_093e3a7134e11d6b,0.0023337995695036353
ck_862c7953bdea48b0,0.007768342225622274
ck_392cf2cdd515c34d,0.004858443815922912
ck_80eb91b0b4001084,0.04162430429588572
ck_5923f53b77193a58,0.013861334011125506
ck_8049f5fce32be185,0.6655224443604192
ck_ebc5a2c6cf88e252,0.02621367670908382
ck_9ea5872f14cce338,0.013326764015420966
ck_f7fbc95ebf584379,0.017275678310698733
ck_bafe82c870356706,0.9870553242897782
ck_278b36c5932d9bff,0.0034714866355604348
ck_6a892dd5d05c1649,0.018923294157827775
ck_0734fd90b2cabd43,0.014782356729142873
ck_9b552204498b6762,0.009248735702027515
ck_f6c909c205767956,0.05902898310730568
ck_32f590e87bc3d715,0.0009503403862268428
ck_66a8325f28be7562,0.00673243752853641
ck_b129261da9c3c3c9,0.0022160037578155384
ck_a524071c51ddde20,0.011286120423490257
ck_ba576d6d4cb6130b,0.06128120264215457
ck_8d8226520722af78,0.030930052653950612
ck_c5b0f0d4f1655a20,0.019821069940375868
ck_61814ae9b6d8eab1,0.006130595644781122
ck_382ebf136f7fa337,0.1771253151691002
ck_423ff4ede6a9f066,0.011886791232910171
ck_546ad962d04b7de4,0.9846040071226232
ck_9473ea4a01c95f9a,0.01362646308686758
ck_9eb1da8cd35a50ce,0.0038247772435653664
ck_de5eaa2cdbcb67ff,0.11370845198986539
ck_537cc97d0398c922,0.014296185353428826
ck_998475a2e4dfad4e,0.0037319107520052174
ck_e62eb708d2688fae,0.017846516954290802
ck_ea623358f704daa7,0.047189515612313486
ck_b911a09f328dfd4b,0.005775481981844185
ck_4b3506b624e5193c,0.018953838606391344
ck_448456f96788713b,0.02537137218141224
ck_5d5ef9e75f65d076,0.01803233071231065
ck_3b74512f774a6e5a,0.010933212032969675
ck_a032e8ac1507c6df,0.8883996613981469
ck_7e2d6b22a0ae20c2,0.01974797530852801
ck_d80283209c963f11,0.005635526806391251
ck_d1157eade2ac3975,0.05005698375107627
ck_be48f583f79427f7,0.025699071444074163
ck_0027b5d4107d65d8,0.03356591594339861
ck_94fff69584dd3b2a,0.017338506581140105
ck_75fcda73f0b43557,0.013542596447596835
ck_a1c78972e4ee4082,0.007045251723781079
ck_f0982bbdbd122f91,0.01620703280845503
ck_3199b471575aeb3a,0.0053702259751899325
ck_7fa947a0b1c1cf74,0.018380439253586442
ck_a60c618b7f0e4252,0.002949591764483557
ck_722ac47c8ac9b6c3,0.7448411686676757
ck_d44dc3839a195c8a,0.023677220531739946
ck_a2c3e82fab520483,0.006510881352342781
ck_6f8ae0319c07cafe,0.0011319002869811256
ck_49886ff1e2c759d6,0.018352759161491594
ck_150a1108f936e6b0,0.0042586154288539735
ck_e21f9f96f597695b,0.013934433769806409
ck_7297bff2b7fdcbc8,0.0008064383474048475
ck_ee949c71f4f702eb,0.9877625256663839
ck_6fc37dea4b4f35c6,0.044299386774969106
ck_e76257caa98dc25d,0.9417440378219138
ck_828eef2334e17b3a,0.013673455885151523
ck_604e1b8a8c693aa7,0.008749971209661039
ck_7743c9fe037d1f9e,0.08737418780172135
ck_864a11202e19e812,0.045136115738196356
ck_4ec040b9e3785e4a,0.00143573690744591
ck_7346e4f820d9c00a,0.8952578242379895
ck_48d4d63beb26b623,0.005822609330250114
ck_c423aa6de3ed1e01,0.0036697315551915874
ck_d74b2ead8aaa3f73,0.009554942250062443
ck_1dd69a11daa7bf1a,0.01825568836500193
ck_d9143e236eef177f,0.009215054296480837
ck_f790d91e5ff0eccd,0.5466288955439398
ck_69b5620e00ef5dec,0.0016200306277725722
ck_cd32e58e8a1c0e85,0.008152130235585624
ck_064013b0957d87a5,0.993179966174513
ck_a481385c2e60dc4a,0.006357134023680761
ck_d72035cb29db3aa4,0.016552394430386235
ck_3759939a0205306d,0.006998255699706116
ck_f437a53fc832ec95,0.8999123034722928
ck_260ef2f3e6434819,0.06168970152367141
ck_35e411b05d22f663,0.008730295497277715
ck_8bf46e472f3e20de,0.032270342641110596
ck_d546994fc5d3e9d1,0.011199609593766759
ck_6ff0fc7487e737e7,0.12221058106960503
ck_5c67f27816ae0b6f,0.008183167786588078
ck_c5517923458106ae,0.0038542953703484734
ck_d9735647a6b0b0a7,0.6025907043371544
ck_541a734fc457246f,0.03421507043757793
ck_2f6a639468f41043,0.006277585982631624
ck_bea2cf7a6b7bb900,0.005027758489930526
ck_7eebd0e6ad6c070e,0.008822382280619887
ck_b64c87d5e3b10e6a,0.8085363917761542
ck_9dd7daacb7833233,0.00555747398586277
ck_396e9ea9a6c6d7d9,0.008320827446629164
ck_1645e6cc53fa99ff,0.010096282581454303
ck_ea2a83ccb8d57490,0.0033470559633578894
ck_e64f0df63e1be595,0.017669682082577562
ck_fa0b234481cb57d3,0.01894098807169998
ck_63379e3c9fe6f711,0.003949778783820726
ck_c67f7944896a0310,0.030937337303623618
ck_c10e54c9db29e6ef,0.989096971780597
ck_7184ad7709ae4c80,0.006809458522728183
ck_f8b6069d7577fde6,0.003640298432328138
ck_18444be153bac1ca,0.8681750370169701
ck_d0982b4e0e118e4d,0.016290088504982835
ck_6faf3e6820398866,0.010074399441823253
ck_97e980463aca4644,0.002119722115192812
ck_630c835243c66b19,0.9846344541414821
ck_fe429ba3e1aa0e4f,0.003999143667540192
ck_1058129ed7b48c59,0.014320184213225989
ck_04a1a46f07885296,0.009233295187451737
ck_f01e94331067edf6,0.01048608861629322
ck_77b2fb17c29f5e72,0.024710208536353313
ck_4f0c5857da45fb28,0.015287079375004373
ck_2cfb9a7775e8a5bc,0.968204878025737
ck_6846100e43659bf3,0.0034328315322328974
ck_f89719a854fe11d7,0.008870910581772033
ck_bf47375e41ca3bc0,0.001907168179409801
ck_2770b0400a7bef08,0.023557259711097026
ck_2a09d142de1c77ff,0.008725541316855632
ck_857a1f5547b9ad68,0.011685446938917451
ck_185f15b1523bbcf4,0.0016069918162360142
ck_ab2aed614ec1cdf8,0.012742574210153183
ck_a9e7f3b2d5dfd97b,0.004237279916249799
ck_0eeb3d9b3e697edb,0.015947273666136002
ck_fa5830d81bc8ddc1,0.0039259272348836725
ck_231ae0329ebc3220,0.003975710583745386
ck_1587763dd54688c9,0.005210154796889337
ck_9f85fea4490c00cf,0.024930331659953897
ck_a2d709e7eb91e4af,0.051324336558405806
ck_43637d28c7216453,0.0019943620478095675
ck_f3ab5dd853d38252,0.02853852154036529
ck_4a1f0172d3bf4fd3,0.0035395654964156926
ck_517620ca16505af0,0.005628504469915153
ck_9ae904fbef56065c,0.0011931524908641061
ck_d5ef1f6e34bb35b8,0.035712503796735476
ck_ff42557857ae3aeb,0.000978963073310347
ck_ad9a18f58589faa7,0.003128875322962602
ck_df1a6edaa3e6b271,0.00517953748663176
ck_99021fe7225b5a68,0.03597137016854208
ck_99e52c3c2530b69e,0.986195292437387
ck_3a4811dc4a1a891d,0.003391697639962557
ck_ba3a6be026c87079,0.006807856516155392
ck_da6d1e5cf6aba6fd,0.005448284440416515
ck_ddc7c1f3d45fe6e6,0.03565967402923226
ck_e1b1e7a7e4a15b3e,0.0015747331238112985
ck_8288f7f226e08b89,0.006277579691330239
ck_c4524993ec31dbe5,0.0016531090348214678
ck_8b19bb5b23b6741c,0.02097430936505055
ck_d21b38231a8a9f4a,0.037627075408655807
ck_3f730318a9792292,0.009680334257422618
ck_a4db6e94a8f77f9d,0.02681820629637672
ck_a8cac8d480306839,0.0019002045866957091
ck_5472214011fbc2a7,0.006007225977250358
ck_7356f47dbbbe7904,0.0027137533344938807
ck_16801e628e883d78,0.007261072346992939
ck_0dc1e536231c4860,0.006150241994527546
ck_7cd0634a6e60af83,0.015644094563361372
ck_ef6f8e048ae1bd4b,0.011196764794537229
ck_82f3f744209888ac,0.028913480154264593
ck_f33188c232a03526,0.030471459324766647
ck_4a59f4e10bf45d7f,0.002550266909655122
ck_d96c893721385e4e,0.0018516123566399221
ck_f65ab819373edb37,0.013332882047661606
ck_21cac21fc10b7768,0.011989637097802047
ck_139b54e6ccbdd7da,0.03027923595290797
ck_d6f5c8741697abb3,0.02192944434373101
ck_a28d9bb5590d458f,0.16356140446318074
ck_ed26d906883bea0a,0.005892806644701784
ck_227602ad072b838b,0.001129958172879554
ck_39d5f6c17c745ab1,0.0016708008808580573
ck_744eade757ba69b5,0.05181299327167817
ck_c1295d97cdf35ec2,0.002174220632212817
ck_69105f881da3c821,0.022861077103167794
ck_933789b55361d7c1,0.6475040890378585
ck_b667952253503174,0.010907170759630278
ck_7bf668e25abeeb05,0.007773611993149296
ck_91742711dfdffd56,0.01270558971152574
ck_af32a0660090dd68,0.02980892841974403
ck_2122f201e65f76ee,0.0040606687114120256
ck_f48acb73a5d6af07,0.11412959325654673
ck_337c5684510cf432,0.0196432127451955
ck_f7bde7265053364d,0.010407838405415901
ck_c190c7b924edba75,0.10633822191896802
ck_044fa3b3a003f0b5,0.011663508573769845
ck_87eb43e3b9d96169,0.06646055431655391
ck_2d3d6c9364362017,0.001136837146997695
ck_ac55dc6cbcdf8228,0.013367348876213497
ck_61d7b0568ec5d6cf,0.03911821492334145
ck_89c74feeaffa7d09,0.0019915643827559983
ck_93776b0c113f41f0,0.056367830063205705
ck_15e0b679931f7a8d,0.009315724146925403
ck_77b56c49cfdb1d81,0.06074044497103996
ck_73188a826b5f499f,0.008915052907968301
ck_4f463ef25325ddfa,0.8827955171683362
ck_863db2e394dc47d1,0.9839178235966244
ck_d52432ed597f3cc9,0.0030419371152890762
ck_04fb61e5739642f8,0.052526982488611894
ck_2e481d75d110c06d,0.4521616890730269
ck_3fa1a523d77cd619,0.016187591433249545
ck_466dc6274fecd708,0.008180667993770669
ck_e1790b3aa2241b10,0.866876351101529
ck_84ad096a46e1a960,0.07201650550955949
ck_3be72c9c178fa00d,0.02143897150904179
ck_5a17c89219d1d9fe,0.010360718135511393
ck_4f639f4ee6ce8d9e,0.02531630840444562
ck_f4ec4a935e51b4db,0.020679568001581033
ck_f04040a830f92bac,0.006038040280557018
ck_3e4d02a04be2aaf8,0.006303786516104632
ck_4d1baef193cfb900,0.0341295003410504
ck_0fb3153d37626b75,0.001217493698723949
ck_88ec57a11b11f702,0.9169341614905603
ck_dca9dc465f759db4,0.001326197467519735
ck_64f5fba6af67e024,0.0038837126025753725
ck_896096cb167254ef,0.04226953911923752
ck_7878679065876b98,0.012234476570872904
ck_fe8e5a6c880ceb4e,0.00488318981505374
ck_a5e036327d3d1862,0.0012400306959200191
ck_310f73940fc4cf4f,0.005779382656501041
ck_46a8db16ad00b749,0.022474238709300553
ck_0d33977c3de8cfaf,0.9938231289001299
ck_c6fff412f531db0f,0.0008484231836710001
ck_bac6dadf428eaea9,0.01562753499676118
ck_1b96d9af0d7da2d5,0.0037956096475614473
ck_fa8a4a9e77799fcc,0.004784109539096633
ck_0bf48607a874b4d1,0.00114299690694509
ck_eeb75f8a6439f65e,0.01698626983370377
ck_a209a5f7d172125e,0.008624833397813747
ck_8f346b72fb40bf14,0.003741251277321303
ck_bccbf9fef367f00f,0.015403046208495825
ck_2d1548f1ee405cc9,0.04219558517254544
ck_e8298ff2dc1e9d50,0.005190199613005671
ck_77c0fb524edb4a94,0.005433514496528719
ck_28ac4c5134cb8e77,0.018308940224372523
ck_db23a0e3e54be60c,0.5925008796698152
ck_a059d00cee5cee99,0.00496874160495628
ck_3e9e3bba8bd363af,0.0012601867017337837
ck_0428728df24cdab4,0.008687338324534919
ck_88cd35378075c84f,0.0012249869726670111
ck_0174d76398d9dc0f,0.02098045847473316
ck_3f1287e6c27de0dc,0.0048918795843119955
ck_ff822700f3605e06,0.9940602701271279
ck_4563227b2038ae07,0.08626577521568671
ck_788e78065526ee19,0.012450543816708508
ck_8a16eb584093b12f,0.0010875832434550908
ck_cc276f71ab6c08fd,0.02777926375854723
ck_d61d97b21002f3e9,0.01181312124492468
ck_4b2e87d86a5e415c,0.011632535086589227
ck_3e6f35e4500d2f2a,0.002923957508037694
ck_3acdb083e0d8ad61,0.002178858601373641
ck_cd655202db489010,0.0017868388732872695
ck_829cbf5ccda481ae,0.007567327063984372
ck_f5882e6f98b8b4cd,0.0009979839953699248
ck_767947540b234add,0.006871403239876735
ck_a6e8e8f535b1f1d1,0.017372872796968124
ck_58412a2674fea506,0.013173808821566112
ck_fae7e518a585fa61,0.015797251252335966
ck_9c60ae6958d68dbd,0.2953853902359771
ck_328696b8f5e54ec6,0.06548656179358958
ck_7df3f8f4f1068d62,0.005891708583522557
ck_cfadd21458230ef7,0.006523908734639048
ck_7048bedd554c703b,0.006114860323316002
ck_50422466f145bfd7,0.001643768411685035
ck_61e1f7168cd9ff25,0.01964566352851363
ck_733aff0f56f5b3c9,0.02544391369348354
ck_e14892e424180549,0.0011195970323647866
ck_03f6664a96de7d0f,0.02650518005489701
ck_b7f4baa2cc82fe61,0.00556958448019311
ck_1e51199a075ca0fa,0.0031573382325185543
ck_0e70516fa07cfb17,0.8779319345883781
ck_0f37c554a5057801,0.7604332236824016
ck_5576b725de38d106,0.01871837876244243
ck_82f360df1e9f4eb8,0.017987895989744117
ck_395f3bd4aacd7ca6,0.013225849114274688
ck_5e8e857b63966609,0.4739292978013797
ck_93470896f0804b6b,0.8672582216115572
ck_3be854e42e76569a,0.00622695656374527
ck_0567302c57a2417e,0.07580561312060484
ck_ee535461b5f05539,0.8932484097182671
ck_94a096c36162a153,0.007080497927502291
ck_dfc8f5c141fd7c63,0.010695374297341785
ck_98b34f2d704c1c2a,0.023785642924720168
ck_96dff7a09d45f116,0.01477921753110352
ck_79557434c129ba52,0.003817785998164341
ck_4596624a7c01d501,0.011075141460677274
ck_04e89fbd739243fa,0.001641510555940041
ck_6149ffaf18872dc8,0.0013110756100224382
ck_cd78f0832a09bd8f,0.8110612445695546
ck_7e29c10d781c3b41,0.012648056007752335
ck_1f7ee7b23fc6f2f4,0.0015952167866781553
ck_c49b685d2b3ab89a,0.005552498890249139
ck_84569a8fc50e73ac,0.009386250195942584
ck_b92b11d205af91eb,0.0012487141481256482
ck_06280e6d6d2485b0,0.007681544456765092
ck_3c08546dd0c92863,0.005504597939517468
ck_99d3983f907828bf,0.0018760032067570668
ck_eccfd552aa652d3c,0.015565331934283869
ck_0cff8153881875ba,0.007604150031217773
ck_c1aebbeca6ab5ff9,0.005536815710017052
ck_538fdbbb3c2bcbbb,0.028064472282162543
ck_8c0210322733c718,0.004716848848161722
ck_0b0c93039f987abc,0.007920236863512207
ck_6d07d6d1bd227d37,0.07678280201176688
ck_9b6ee35e8cd0b11c,0.005071339844094023
ck_d838491d3d4f5ecf,0.003197998301068897
ck_0593ae243a9ebee9,0.01804004513831352
ck_ef261fc09be8eb0b,0.004268385468403446
ck_d0935b571a4a3868,0.013379780157578592
ck_97d04a67a104af39,0.04172722202619589
ck_e25f70d0b7229420,0.023564887461559724
ck_9b71274ff83de482,0.9749360101140375
ck_6de2aa2bb60978d3,0.0334791602109749
ck_eda55c8fb47593d7,0.005593797154310397
ck_924e572517515f19,0.8520758658519128
ck_d6f27eacbad310f4,0.00720818765713799
ck_8550f229b5eb03ab,0.0027299024810887437
ck_e3e95546a84d0ed8,0.021755530050814497
ck_3135c019696ee6af,0.979992997706043
ck_41ba315d8fccb559,0.007693765478880439
ck_72b86e4485da2d0f,0.9886056102649448
ck_daaa995f3c2f0e47,0.06799020392704266
ck_053746067839696b,0.024788085244513765
ck_a15fe7d0f4b65c33,0.7912913995195627
ck_15de11438732bb05,0.007892497447951183
ck_2c4d25acbe3fabd9,0.0012958284640119336
ck_7f08078908599bd2,0.015766807491625966
ck_e794741742fb2619,0.0055672769939110285
ck_238e53b6dee8c301,0.0025996685510825813
ck_53a6a33060d5c8b8,0.004219304821263868
ck_0e0919292ad33472,0.9255373663295187
ck_d86ccf148c06c8c8,0.011905660654686668
ck_c881f26c9bf9ae42,0.4432567124037384
ck_4b0947bf94e9d847,0.05166021330494269
ck_e10ff5c38bd18470,0.004127479472443079
ck_b60de9e97aad9e45,0.935023239055931
ck_190bc849e5ff5401,0.02502210253988358
ck_e7be077aa0b2632c,0.0027405409202486365
ck_a51abde881ebeff3,0.015425458577444567
ck_2208392a9f6bd249,0.020637739465392317
ck_0259da8f109017e9,0.0015867151772137604
ck_05e01ab9c95449da,0.009081963990162168
ck_c82897ebffb6ae66,0.00815049789331097
ck_b4a6bb4689cd7cfa,0.006414708902237135
ck_9e21ea33018ce538,0.02136243012532788
ck_caa348f0e65db062,0.9884052548470528
ck_a964e6b5d8415334,0.10898563650950696
ck_510bfbbee37ff436,0.006878176556361831
ck_9741a82faf5c7889,0.042180634518594204
ck_e7f61b4a39ba98ac,0.000956535559341809
ck_069d158665a53909,0.004538789980669405
ck_6426427efe3228af,0.02767864061739228
ck_ab4a8d02ec3c0fd7,0.0005247623057027335
ck_aefa0d8d933e0eca,0.018476059989915167
ck_232325ef6bce92f1,0.006925177545415007
ck_14e58c3fb26a2b4d,0.023290827980221245
ck_06e73afdec26aecc,0.1497693041829183
ck_3168f4f2778d64e1,0.01048470667049346
ck_ff3998d6858daa21,0.0009095417181864661
ck_bccff46fb0868454,0.01939113829524717
ck_c7d444d90fa86d7c,0.26875146835470787
ck_f0bc3bdee6bfbb94,0.014367758061085954
ck_f7112818a6d81422,0.04589615436031305
ck_aca35dbcb835ad02,0.0027602990217752052
ck_f637fabf0f60528f,0.008936724522520442
ck_53d17ab97de1ac3e,0.0022036842037437914
ck_c8c1bf16d9113493,0.02822776586459898
ck_e842fb0cf055a83b,0.04045972139093219
ck_93c0cb3dac4891fe,0.0031482124405774877
ck_0c1f088e17e46daf,0.012021229348628565
ck_8f4b384955bf57c9,0.006552183106979206
ck_09cd5c4df1e81ac2,0.5656736491405014
ck_1e832a5b2342554f,0.10302984329517832
ck_2cb763a881aee27f,0.0023061078312885098
ck_5875828b11406398,0.009560877600047429
ck_48e84b0cb0b90fa7,0.004635411705442523
ck_833688de8629c5c0,0.0020674662959953476
ck_117d78ccd5820f36,0.011429848198545627
ck_668ec61c4c39cae3,0.0010849676787756109
ck_73a7794b659d7a34,0.0032293708917838482
ck_10f90d879209734f,0.007538115775401243
ck_d1d079913aa158bf,0.005537164877256776
ck_01c631b38e8a9535,0.005578299390370793
ck_f6923088c17a04e2,0.015226527643868875
ck_b447badc9138987d,0.0008088578043193397
ck_8b772caed8f1541c,0.001593802832170578
ck_5403c76fe68a08ba,0.5491374227584641
ck_3e6833574edf1736,0.004678485618136366
ck_e527fbb9450a4581,0.8987859845256668
ck_cc90e219f1ebf390,0.001526735566273883
