cookie_id,score
ck_315fb710a0e371e7,0.0008285038361750839
ck_a76ee3b3e3e522fd,0.030853305197185342
ck_94c9a4d382689e82,0.022974675355437072
ck_8eaf9509ad9462a0,0.00098541789746505
ck_9a88a5a989cb5bc6,0.012293299192073087
ck_15239ef0689c1a35,0.009628934033884139
ck_8de69cd219d3b87f,0.6608777502078443
ck_f92cd37022b0ce21,0.011410283205377545
ck_1a3ff7620580a514,0.00474543031041619
ck_397c03aa33a57310,0.13574601071525014
ck_a7cf6c3b322f6b7a,0.009511103731502046
ck_c39a9e75760e3201,0.002059380966634738
ck_88ab6d245228c38e,0.00046967766670656674
ck_17733f75ebdea93e,0.002514269628813237
ck_58eb871e8d7bed52,0.05512548191810289
ck_e55b7fa67db1ec27,0.001399196580986568
ck_62f5cfe22c952694,0.0030101708529949407
ck_7fbb709a0fe95759,0.002064337783046543
ck_87abe9cd066a20fb,0.015675490989079853
ck_d58e058b5c553dd5,0.008255074703465978
ck_d27b872648b71202,0.0058595567562180605
ck_4b4a3c5b95c55b43,0.0007461035899620136
ck_66dd4f4b4127256d,0.0018407550259413158
ck_93cc12703b500613,0.10392088651797979
ck_d28806a2179092eb,0.9938584704537817
ck_0595c2a0c7881e05,0.0028334235068854805
ck_50087d8666191144,0.43946679963524565
ck_b08b3f089138c901,0.010421631408236116
ck_fe3b67041dad2dd1,0.001007721166773403
ck_8449a28f7d475d93,0.013383619359157944
ck_8642e3b6d84f49d3,0.007740471666738494
ck_e49b5e4f2f2e79db,0.6565177231658825
ck_437afe412ea4259c,0.02307273623753918
ck_569b83668d74042d,0.9778133218050753
ck_233a487d31c3e631,0.993825753287801
ck_1fca72e03143a645,0.9217786835665345
ck_79205e31223df2ad,0.02895028149068899
ck_9625a64406ea16e3,0.001831677859317244
ck_079bd18dacb704a8,0.11069732159930194
ck_4db6d4fd2b49aa81,0.015797347848571938
ck_0dbefdac0a1868fb,0.0012242776752020294
ck_24ff97ad90bdd69a,0.14161425273640157
ck_77f8c5042065d506,0.0035232609958261094
ck_f11be8ce05382cec,0.003899167320414837
ck_c9d72140b0389216,0.007739219990042803
ck_69eda24e931fb36a,0.0014088917754247908
ck_ed471e496916ee15,0.00102035785267848
ck_ff090498c4b17ac3,0.007245414369853223
ck_c3c19d6a0720915c,0.0052220978308023
ck_af02e1817cfa40b5,0.026862079025997753
ck_2df5a9fc87553eb1,0.006911909823017463
ck_4ac918e884cff336,0.013495626663100677
ck_ca149244b54ef3ad,0.0010485937283903368
ck_6babe5b8674ff51f,0.006492586996057014
ck_1573878386886290,0.004049832190837591
ck_3925f8565abb7fe4,0.007593152378695049
ck_c4de808ae69c771f,0.0005477892510109492
ck_a777c813551281fe,0.002182658084038787
ck_df4424f6dd85080d,0.04368936285106443
ck_85e5494ec20383ae,0.006860673727808816
ck_f71a4094e889c3af,0.0018379212844189142
ck_f2f3cf9cd23b2809,0.016022463771952742
ck_18e2076397bcc211,0.016461261191540826
ck_c9f9fddef39bc664,0.01169832288879211
ck_7e826e233d6ea028,0.002278174240758924
ck_62fd7eb46bee9210,0.009387036116519575
ck_206f8e3cd72768f3,0.05451212969938888
ck_aa295a11b0a6ab36,0.01173902992649043
ck_9a56739d81f84a53,0.0017672750177314823
ck_aa075c418ed9fe5a,0.01391048660039378
ck_62b9fb3db284941b,0.003827948658126432
ck_f4f83b1403ebea46,0.020322865938326464
ck_16b66bd803288bc3,0.39978452264202896
ck_c4ca1434f3778f1d,0.9942688088935281
ck_1b823610371a29c0,0.0061153432405015975
ck_c2bd5a722aa637d9,0.0029619166994323334
ck_7890208951df34f0,0.006650071285721896
ck_020eb0e454524ecd,0.003343627626663956
ck_3b66196ccf436c35,0.006048176145931774
ck_109fc467ec0a4af5,0.025794536537435565
ck_f3dcd818db92de7b,0.00898625926035585
ck_31e7742f160980ef,0.02287469524849283
ck_77fce5f86f00b8f4,0.3787617184208661
ck_46bc797b4d07d607,0.001426806593670565
ck_37899b1b571b1c6b,0.010482447371530309
ck_ef8a6af43fedd464,0.0032132824592086906
ck_bcc8519fe8521038,0.025146987629820594
ck_90696b7182dd9129,0.016627629948563715
ck_4a24ad61d017e1ba,0.014730088540814822
ck_0acc3d8c67218b9d,0.011633936064660594
ck_05c97fc9de11aba6,0.15003371095141577
ck_f8ac3a0500c0ec62,0.010310519439576647
ck_617b65141f546a1c,0.004356176762029837
ck_9d00823bf60388d7,0.020588118499520934
ck_123c15d93f1840f2,0.02826117226696554
ck_573feefba6bf78bb,0.030500600710668818
ck_b25657bd16739036,0.005892766358242411
ck_bd26d2bef14a8597,0.003594800201902437
ck_a553418f2fba1440,0.009670019842179169
ck_89f3e380b0686963,0.006162914857336289
ck_b359192aa659bdce,0.02002618316811219
ck_02241f3dc301bebf,0.01901682250162852
ck_5ccc1a1c78cb33ee,0.03160468361323242
ck_349cc5edda1b8853,0.028699941358006797
ck_e9f228845bf6e28b,0.047435698550941874
ck_0a45d033d4e280ea,0.03737946464440397
ck_7e63168dda612235,0.004586731966574602
ck_676fa5f6aae5475b,0.004055482736014385
ck_74b502b20690ccfe,0.007770230947334461
ck_073509af21dd7f5f,0.3184749731773462
ck_498a0acd450944d8,0.001322372536470833
ck_7f15b50b29dead01,0.008674725373751455
ck_8089fe7403c5f537,0.005321461790498251
ck_05b2b04e11d9ae9c,0.012283728948762961
ck_31e70f2f04b48b88,0.0007783771279051105
ck_994316fa5a02b319,0.0015914250018157577
ck_b76510998b9a2260,0.0043049299516680056
ck_4db95c310e105d30,0.0011803558981775036
ck_6f730b77dc6cdb84,0.0013265949274039797
ck_2493ee8e7b91d304,0.01881262139451865
ck_92d679d6ac7dcdcb,0.1367593081300875
ck_3a0e0200cbb185cb,0.012198140464361011
ck_0b2eeb4e00ff7955,0.008949836567235716
ck_9843d0e61c37ebe8,0.9945115126457141
ck_e61c8721e3ef1921,0.006491575819331891
ck_2e0eedaaf2980c2c,0.0019406860224160578
ck_9036b2e5e9298a34,0.001650641432921146
ck_3265442528d51728,0.038577289085898046
ck_f2ddae2eb1cb29b4,0.005200868788523301
ck_6cfa71d27fc27f92,0.024006022819721022
ck_f3199fbe84a28b9a,0.02407668092031113
ck_b78d785ca3ef773a,0.012724896520515127
ck_374865697f1480eb,0.030496363456745678
ck_06d0e4a9189302a9,0.016075102728385963
ck_9c9884b9bcaa552e,0.10285999227729758
ck_fd4cf578e87703ff,0.017788094490413252
ck_1917ef3e6e345549,0.10600428101113364
ck_e70418b00cbbbac9,0.0272182009382842
ck_a60388296a47062c,0.018257743120737257
ck_d598fe8d2c779ab9,0.00477762575758243
ck_646dc03de4c31803,0.796846992096089
ck_e4fd8cbd842b6993,0.0017939329039522018
ck_2225b555aa2a42ed,0.014765200130403267
ck_6be8ae9d78148882,0.0038585151555444617
ck_4199342d3aca74e8,0.0806943375785559
ck_779581adb573261f,0.05410890756630717
ck_bb303568b6915205,0.07533102687117968
ck_17c4296276448afe,0.0029491780576272764
ck_a60a61ac829252a0,0.007333084735477324
ck_6ea70950c1cae00b,0.9697642985145061
ck_1abb93f6924645e1,0.007418726261495462
ck_faab769cce19879a,0.04597211090406926
ck_d5b8e74e7ca6355a,0.013424193567523224
ck_f11f7691af16ad07,0.0007647274508194469
ck_188fdf2be7c92e9d,0.9936801225120584
ck_4a103f8254b366f7,0.018897995544292594
ck_bfa17a0b1760e616,0.001048496730070016
ck_a4d7f6a5869d440a,0.9582236556448785
ck_58e20f5a3e7f11b8,0.7356025962011524
ck_4becdd3d2696c7ba,0.007105200243611845
ck_dad5cf32ab9f243f,0.00491380830654097
ck_7d9f73dc7c4f90c3,0.11139565999791283
ck_c19371047a2d011d,0.001018218120213237
ck_247589ff532f7aa8,0.005138548618936207
ck_7a9f241d5f082567,0.0020339622769886606
ck_0a2b7078736b4dda,0.0023542766508343636
ck_687b412e2aac7eb6,0.021657709302841735
ck_fce0b6855886a0b8,0.007179593394867401
ck_e291cc60920456d0,0.6256944190931868
ck_04219a7ea798db51,0.06285233445910414
ck_286bfd719836e9f3,0.10935772375187976
ck_55efc92394fee232,0.005741892536367274
ck_e36c8da1bd359960,0.034351871025007016
ck_34b0988a97d96902,0.007339420806953721
ck_e0fb11fc9dcb34e6,0.010330843264442991
ck_bcc9cbc9ed8b7c31,0.011814622527829385
ck_3df8da6f60a89a5b,0.013709349281238948
ck_b1495ee5c59a6b28,0.015510254519815631
ck_58f4c3ac61fda129,0.04677950038217443
ck_735f244b99e3aa8d,0.005674007752939342
ck_6b93bd8abf87b1d6,0.925229959077576
ck_12107dacc6d05bd1,0.0009466013911264019
ck_f96db2a1f3448d1f,0.014913886246370911
ck_8fd91a3c99e19097,0.02059352351794969
ck_910205d25388a0ae,0.000678274435935017
ck_d229dfa0e4442628,0.0013904275435052383
ck_7cdec61e1c488798,0.010219818713199175
ck_f66f06e24ff32671,0.009407089799799609
ck_350bf14e90b503f5,0.006640632428485951
ck_61fff5fdaadd394b,0.003364316401934167
ck_e934f984bad2ff91,0.4388050550113826
ck_ff6a6d3547dd2d37,0.019125743790655993
ck_65ad9b15979e3247,0.009527711915467585
ck_bbe1a2ea5a403ad8,0.9511561601924944
ck_6f3a28eecd2c4031,0.009064618071316529
ck_a89b66665714058f,0.014426967039237093
ck_918c92182b6817cd,0.01941797011753422
ck_64f5eb4be9e7b8fa,0.9132217588889443
ck_d021fd497ea35fb2,0.016466128948674236
ck_004de16f7d8a42ae,0.00812370182866347
ck_a33d2325f86ab12d,0.0013897294278137125
ck_89790ff26c844bc6,0.01729223511803988
ck_e6e7257377c37b28,0.06597560932750254
ck_a2cc3910a641a808,0.9265813468907729
ck_646e270e0195bf05,0.00848968433287552
ck_baba5d66def0d770,0.1848646341059968
ck_67cdcdda3033842d,0.016677235649360852
ck_b5c3075c811a2216,0.06822528302392421
ck_515379973a8044b8,0.0017544816999133617
ck_c0ce85fb4109567d,0.08411268873916287
ck_fef850553862aaca,0.0009861519107431677
ck_55d7217b0aff9fa2,0.005227897101168915
ck_8e139f8925ef7968,0.008878556625553329
ck_9e35b908fca1e4d7,0.002362536853514177
ck_59735f4ab2ad3da5,0.013620758667979311
ck_dc569c1167ccec0d,0.8712779779703151
ck_1dade5592f90a15c,0.01732347514167688
ck_793048d11fb8b328,0.17977968657248627
ck_545b71eb4fa594b5,0.0013568058045528807
ck_bd30853e9a57b544,0.00867584061907296
ck_59f46321ecf6d306,0.007193976031521219
ck_260cfe9141d249f1,0.07462035601052656
ck_3365a0ad1a8aa83c,0.006766050542749587
ck_b0ef193195a2138b,0.0056994948048747045
ck_0f909705e2e60f2f,0.012958279063692601
ck_5a540b75c866166a,0.022501373846838
ck_87c26b2f41025109,0.9872470539413843
ck_27acc9f320cda104,0.05113701849515469
ck_a27bc31eecd9cb9a,0.006143590880536956
ck_115d86fabde77b65,0.0010430392933449455
ck_eeca179341d56f8a,0.25121274673845284
ck_8e5999c436cf037e,0.0008203155634501711
ck_510e7c5df1f95d90,0.9937938013545005
ck_f1acf73363925958,0.017686206968808686
ck_3c177f5970b68bd3,0.005862866415906774
ck_9cdfaa1c30cc9d32,0.0008878387572847882
ck_c8efa1538b37c359,0.005131590452029873
ck_a8a2e296f9804bd7,0.022611555175259663
ck_91a0ca45f429568d,0.024751335760128165
ck_5fdf8a0bdbd3ed62,0.009283126370369734
ck_0f4e2ec66d50da5f,0.0020870242166392923
ck_28c53b214b2ee882,0.14573047301337355
ck_003148504557f720,0.11890325965831268
ck_01d840cffb870615,0.36503975825973983
ck_555848d51f4b5f35,0.024351909055410216
ck_df20cc23b8fb8e22,0.009924977401867176
ck_f9604adde929beff,0.0013354658508739257
ck_d66952b03591bdec,0.002626219407231821
ck_ddcac1ab765ff61a,0.004910703569088104
ck_347386629d96c664,0.00631696710042047
ck_ab01db9117acfe3d,0.003925470074666324
ck_58e5359efc52e0ad,0.0016808300684271267
ck_1a524b5cc8da71b3,0.039558444751706265
ck_e9287b6d909d731f,0.00989278505497046
ck_bb41a66e3d90263b,0.3717362230982296
ck_e95c8cc1864bd584,0.009116060138364879
ck_7a3f2961e9a8b6dc,0.0178822861907899
ck_378a9df82b1e0bee,0.32155391775390363
ck_42633573639a3f02,0.9844222661580881
ck_2a5a4c18c2c7274b,0.007881315392121009
ck_77549c1a41f837c3,0.02667260391973294
ck_a26704b5b26258b7,0.006185429875153889
ck_9874ad160efddf50,0.004622659870695432
ck_9111e3a04b14dfba,0.015826247148647353
ck_651e076ee43aea85,0.012551789007897404
ck_391639c0f13932f3,0.0014096695095760664
ck_02dbabda93c8c13d,0.04149623864861598
ck_0adcb1fffcb0a34b,0.013901415034583125
ck_7a43ef9c7b1c67b5,0.0019406183890223344
ck_4b9dd69946438d0b,0.004316008860327576
ck_90bf017cdd37b66e,0.07359097182537766
ck_61c74163eb36556e,0.010621157334281327
ck_13376c59b5bd6943,0.0015849033360289943
ck_62337eccb1672737,0.004661059372435418
ck_16077934338472bf,0.0012046440343758556
ck_0d4dfd93086e7330,0.0017702351767355014
ck_3865b7525b910893,0.009386744851867876
ck_7e2ae8b69ebd5675,0.010452538467219557
ck_b4384b6c11766ce7,0.004080541698061761
ck_3d7fa32dfb9fc692,0.0536817681924047
ck_f4a6a7cadd6e0603,0.269191846308116
ck_212525e2828a6c45,0.01956505598525974
ck_33ad8d53394ba77a,0.47821871732285326
ck_a5051eafe8b51224,0.0169534615710232
ck_f65e5ff7da565f91,0.002503155797498894
ck_5c37f7563fa7591d,0.011080070790758439
ck_f1e0a006068aff29,0.011232343431918737
ck_c646cdead6fb79d0,0.005267462314813311
ck_f8b3cdffef535330,0.01596824470093397
ck_e5cdbe3aa12c97f6,0.003527503552592847
ck_986e4e61440506d0,0.06789705657981218
ck_6da9c5912e15d9a8,0.00195812025775514
ck_51d842e6dae74c71,0.006454340313765826
ck_5fc65c24e0736d5d,0.8341960742453794
ck_babb95a76c69509d,0.038577546913994495
ck_86a2d852a9715432,0.025571183953123237
ck_db4083a0d043def8,0.464349304635606
ck_96953b8945b7d403,0.011059821660106727
ck_7831ca5c31fb3859,0.023575079073874745
ck_60ac5e5f375daa38,0.004879529506717479
ck_05d44eb1f5f085ce,0.01636666373814653
ck_432cc19c7eeaa46e,0.015361364815227868
ck_7fc513033af061af,0.012564964884527777
ck_ada6ede84c111719,0.003492614603382118
ck_6343e0d3b1c2962b,0.018979974186193332
ck_010264ae04f2e902,0.025334226260223292
ck_e9dcf535f8c289eb,0.035458048824533836
ck_37143d9cc296e6fa,0.003357893562766236
ck_61fa051192f3e810,0.028320205387776624
ck_f9f93d1d41be1468,0.5711796941654412
ck_c4f4f28457be8a74,0.0015825060317428356
ck_323a71f9452d21cb,0.5259066989851597
ck_170f4688e0acd875,0.030853050356434562
ck_869b1878d09d230d,0.24464432165028147
ck_2f6b33bf46976229,0.0020888240601424643
ck_b11e22e75d9b99de,0.0008522786770253319
ck_123d75ffb75b606d,0.0018120466988806386
ck_94295287a04c85d2,0.11893075454676923
ck_1b0434f096795328,0.002867220853704237
ck_0a4e191cd0a57ce1,0.0013149867231177607
ck_d2fbd0df99634676,0.0035368840022655572
ck_d51df5e9fbbbcc94,0.025149819208200575
ck_2d3d7d64a6f443f8,0.008263657095984334
ck_731943c682c9394e,0.024734555796434715
ck_5ccc0c94e5e1f849,0.01396324338887212
ck_c3476080516db25d,0.016802239482052693
ck_5010ffb1c94187b5,0.001825927360596721
ck_7ef666d67bc70223,0.01414829511959668
ck_c1b493527224a27a,0.0024403557443802904
ck_5d1e25d7acc5af9a,0.007480273253812215
ck_ec30b61cbf517db8,0.0009516631361731184
ck_79323eb5d2e5efae,0.00501191832870287
ck_4085cd3bf2661518,0.016917178806320203
ck_2ca91214c357c072,0.2059124644104644
ck_7f3132d6be389657,0.040215871836074106
ck_e7a6b925c8f39a85,0.013920229445528334
ck_c886adec7bac250a,0.015373735702096696
ck_c3f360c2d0ea0a37,0.0056143024248539435
ck_a7acd5b015823793,0.007380611363500019
ck_9d64187c0800f84e,0.006576092505320144
ck_5d4ed73b9efd7d11,0.007919325646058472
ck_874eca6776b34dec,0.001895576211840977
ck_96a9221a87be93c3,0.04462424068096395
ck_68dd79a51eabf5e6,0.009607663810697964
ck_8311cb6755b2016c,0.009504303677242079
ck_16fc77b2bcf5ec03,0.9846589764103582
ck_ad9e2088a33c8c72,0.0004649666017203494
ck_7176bbc97b1e42a1,0.004805756238537749
ck_80dfa54b30f65fff,0.5462315732370413
ck_31c54d540b128843,0.0021852564800634838
ck_43ea894480567274,0.0030802042331247925
ck_9c9e8a38bd5a6c88,0.014388104219634814
ck_1c2dcae19539e148,0.04688054201183478
ck_b0fa8b84e94d8ae0,0.009260901898366052
ck_4ceb43ccd0a81c2f,0.0112801620271201
ck_ba845332b730b596,0.002071817164652076
ck_73d3e8c6077f61e6,0.044515896458037836
ck_b5d0d223ef56473f,0.013865543216196315
ck_949f08f8e80e93ea,0.0009223198476575659
ck_73de0b49709e5f8c,0.009175159471379299
ck_b5935e9722a39819,0.08174821863259898
ck_96247fee0eb44420,0.008915214403198703
ck_a6def1e4b2d57e0d,0.027078291122359315
ck_aecdc5a96321a2d8,0.013365949134242272
ck_bc61c59970f8de49,0.01577435332340105
ck_c43b4175fc9ac5bd,0.669546136314776
ck_8ff7a9b23a55fd62,0.010572442686137187
ck_20c99b645f462449,0.005815644667454554
ck_a5ce2ae36fb410d9,0.0011051309861696622
ck_96fb9bf556842bbc,0.015609568815002223
ck_b5e4c6dbbed1b773,0.020126464215642126
ck_2085433978e72ea9,0.07137200264557167
ck_2c6b174b063ec637,0.01386014328403557
ck_b20b81b88dabe28d,0.0011929493038928872
ck_243c18dbf150831c,0.001770901711920889
ck_2bb6a17e8eee35cc,0.027289294369866702
ck_66147fb994495396,0.04466703120930826
ck_73f124f075ede0fc,0.010815910393009867
ck_2e315f1b1e533dab,0.0020224007203895815
ck_16c7bf94ed3e7a6f,0.0009917203199303417
ck_4a0eae220a762ac5,0.032144277958940246
ck_dc16f939c2f44ad8,0.11325129343024895
ck_817926b449754917,0.005930463415817036
ck_0c0dde42ab64ef87,0.02543099414559777
ck_cb3a40594da6a2ee,0.03985323102178678
ck_d0dc156441fcfdcb,0.024030182113430703
ck_66f0945add423e9e,0.006614003313347055
ck_a74f6a3030f5d495,0.016564152401837635
ck_1ae460f331e49ae2,0.01352547366803027
ck_2d177b2f4f0b40c9,0.15741598994284134
ck_92e474e4368c4791,0.03383608382085093
ck_3dee83fa2d109484,0.0009951479680944874
ck_80e5ea27848069fe,0.003692042537460219
ck_ed0c4a83701ca230,0.013334291605222556
ck_0b8b7c5c581fd161,0.0007331219097120218
ck_60bf8a2870956fb1,0.017137112516874622
ck_73a54b56a2bf35fe,0.815247497508183
ck_2296d7a563424883,0.0038219869254982413
ck_bc19c383560c7477,0.016596849792134955
ck_861d8e3d88f1079e,0.07643886328359675
ck_3f090fc96c24eb28,0.0019790387846376238
ck_9a6a1f8102febfca,0.02410691559804688
ck_541b6ad5d2fa5a39,0.011998842271286083
ck_a760d38d1bc4de97,0.0018374413634359662
ck_7dca4d7ee10b4eeb,0.0020205707419572298
ck_15220e78d1545e40,0.0209281258641636
ck_ca24bb0de508efb0,0.002346246681840928
ck_56b389627d8f02c5,0.9913497869435405
ck_48a6754977a44db0,0.005081561975658783
ck_333a43ec339a04cb,0.04404173752448029
ck_f22aacaf86a65d7e,0.02506655103820517
ck_04bd8a1ffaf3ffd8,0.0014541470463113738
ck_2737a72de6b700f3,0.06371260918093555
ck_c35e03b0dd0c3454,0.004451308347321501
ck_e0571312f395cd94,0.00882408319141165
ck_09fab6b9825001b2,0.003430057313973947
ck_18c3a095606209e8,0.006771977281575077
ck_2a97db9377d01e36,0.002782133798652604
ck_f29dbbfdd2786bd1,0.008785983757988424
ck_35d6c510ad29362e,0.5608174793286034
ck_5468fa99c945d785,0.01124598384498687
ck_6f8102f62c876cc9,0.022704617276183274
ck_91955aab3424ad16,0.002172896118750648
ck_9a43c0c73a39d759,0.09653399056830436
ck_60b023af6d1e30bf,0.6816024437462744
ck_9704c5cf8659cedc,0.022789081149728573
ck_7e5f02b51b9f78bf,0.07436009099628209
ck_7d3a88d1aa649708,0.7687710716511147
ck_8250eddc1ecb07a0,0.13825878512048212
ck_d979ef95ee44023d,0.024224900374553972
ck_5e5461dac83531ac,0.01627558863424939
ck_d1bb8890081e0a31,0.005840485984486906
ck_32246c62640648d9,0.001275171916490233
ck_77a40c7d2f862a32,0.017907815704953475
ck_1c8b94efe9238f5b,0.0010830480218074927
ck_eaf3b6d11bc3cb11,0.0021403975497879596
ck_a4a7ef3ad799c380,0.008600859260075425
ck_d5bd8f68da073cd8,0.007529979975037326
ck_6e6258227fc8db7f,0.0010033009537014118
ck_c35d444e05799db6,0.026647695595040183
ck_74665e1209140ae8,0.015350692934613778
ck_353a272478f7e903,0.0028924648141363846
ck_a2c9796ea229a4e2,0.005541092658229095
ck_e0171f91cb3411fe,0.012968132976376417
ck_703499f5410280f7,0.0011572760147216302
ck_ae3a763997f8f385,0.021524178779711543
ck_f7ff94c3df5ac874,0.009804035306415855
ck_f3c16d8f747db046,0.043878717928289526
ck_7ef019ed77276496,0.0016563708266577667
ck_d6a4faadab58a3de,0.005329448684098693
ck_ba7b78d31d74c794,0.009344287936615668
ck_36287d063350ce9d,0.0048791650464079924
ck_5177fc7137ff26ce,0.0022200730993338505
ck_dfd4e79aaa967b63,0.008123126472082276
ck_fb44d15fb93a7157,0.012384470290726637
ck_fca478361870a4ca,0.007915178653196778
ck_e57b94fe57341058,0.017666626479469184
ck_5448c946cc4758fe,0.005853819348975465
ck_c5ece5ffb8800ad4,0.006747722248561745
ck_11cb98211b2ed134,0.9278920300147988
ck_f655399ac75c4450,0.005649603035068784
ck_c817259019588d30,0.005908702674180856
ck_8740a14d8096c6e1,0.004604919424377388
ck_0c5ba86f4e05b38d,0.01872678795131221
ck_ccc917533d4b73d4,0.010381126527678424
ck_9eb80edfa43203de,0.0026544959375903667
ck_d1a1cf4cf61d6801,0.016610622733525798
ck_b17c239f160e6017,0.0037304988472461526
ck_410c3e13b48e0415,0.0012406769736538039
ck_ab553954435e8854,0.8661072939065745
ck_bdbb4230c91e1604,0.010108708908030365
ck_8fd4937eadd64fb6,0.0019108866256026078
ck_e0e90b196bef3c11,0.002797439763640179
ck_3dc4d464386f0eb2,0.05883145952888049
ck_51bbbf8f8e8ad005,0.9963158154520654
ck_c05737ab74cf03c6,0.05400725491851125
ck_dceabbe04d99afc2,0.0009719553806791729
ck_5b86fd14e85bc9c7,0.6002482110866902
ck_d4febf0083800424,0.03368801145687031
ck_77d9f86dcf251739,0.006465288485125159
ck_b4dcebc543deaafb,0.05531388094049579
ck_cb856e75c949b0cc,0.0004470668494128734
ck_61b067de8ffc1ca1,0.010574000983113289
ck_c0e8560ccfd9dd9d,0.0030311769602137904
ck_173e1198c341087b,0.0020697917961417355
ck_b4d55bc809000276,0.025155989653572568
ck_839bf139296b5cea,0.033339458031023575
ck_78cd402a2a4f2e35,0.0019231885513505964
ck_c2925c50ebacbdba,0.005268503896730682
ck_5e3bc76eddbdb0a6,0.0023700501947097235
ck_b7793edca26fc512,0.003956751445700693
ck_d79bdf04d6f31cd5,0.0017029454485699897
ck_4b97d19ed946f503,0.003356852203791577
ck_37139b41c5370523,0.40358385052918483
ck_8c346eeefa9ce692,0.016539763668505326
ck_2ab7eddee2d8c49e,0.0026264467742284445
ck_29da59ea3bffb9d8,0.1079531605710911
ck_c1d05ef0ec6e4be7,0.005643433346083544
ck_3882423b449f6291,0.9565964518911383
ck_5647030283171ed5,0.6477944639156746
ck_efbdcd9c181e72ca,0.00942791437972713
ck_192fdad892782daf,0.134488535171132
ck_0bf2e13b9f2601ac,0.05579624045775857
ck_3d6046a533057795,0.013366453937170977
ck_279a1d3a3836e5cc,0.004340148886205008
ck_c375e929becde422,0.005245414604695039
ck_a59e90219939a1f0,0.0034178314170680547
ck_4e9fba1ec54c3ff8,0.005070509774136268
ck_bcbd8588a13f5eef,0.00036702305272691817
ck_5f9a7ff990341bdd,0.0028151249098869583
ck_e0403d507519b7d2,0.007385465095227983
ck_c9490cb61aff5112,0.022743988057100435
ck_41dd44308e6a665a,0.25366216589845464
ck_76c23726cd7ca947,0.013147366399346355
ck_9be551300209fa83,0.7380599562341692
ck_a98848eec6c9581e,0.008714086082536905
ck_61176dafb33b2d8a,0.9718251768110863
ck_92de019e05971ce3,0.0022806069954950624
ck_5d644224135d7c65,0.014394043522551931
ck_c767fc454fa215d0,0.007400439557040653
ck_5df85a8924e11f27,0.018240190510219308
ck_da2729307af06ed5,0.030725384363323872
ck_7c6b577174af7a78,0.009538053629551384
ck_893b8afbe11301e1,0.004456292018235374
ck_e06f6fed020ae014,0.004145379136493847
ck_386680372fb54857,0.001799809005977627
ck_7a7f3c4fe0c9d2ca,0.003549224173141868
ck_f908b527c4db422d,0.018871963329200353
ck_ec2eee6a133e9a6f,0.09136114071370757
ck_d98934f9fe0b02b3,0.0009343078801276597
ck_398a1ed77b0130e5,0.009133176178819532
ck_d960af7a55b892b1,0.005214456261652651
ck_4637e54a9f79e2e7,0.0021847771371198395
ck_02b9f418524f6650,0.016338954266108104
ck_d4b23804cebb045d,0.00930247852434907
ck_35b1939c48182a9a,0.009578270790787005
ck_2dcbb71e39d64305,0.023046159452803527
ck_47a884dec960ff2d,0.006897143565463296
ck_71fd8c346fde5cca,0.025662076731292543
ck_98e1992ac8e7d2de,0.06160088746480412
ck_ae7780327e210522,0.015576721450091865
ck_e6c584b4b1ad6d9d,0.007956223737868898
ck_344b2e326a6c3dcc,0.0018919107023895308
ck_9aa899a5230b0963,0.01868604656809958
ck_e48d14d5b70ef5aa,0.012962217805244
ck_59d380a0973b3951,0.01314377100798859
ck_11318f7c041a5ba9,0.003959655924970702
ck_7061786fe2f22f5a,0.023848942505207048
ck_e77529651c416cf7,0.021863418970728174
ck_7f79878197340435,0.0031692894855765894
ck_b0a0fb0ee9ebf106,0.008218732241433978
ck_70c7679199776a90,0.012504798432080647
ck_b9facd2210daca5c,0.037756322573265014
ck_9949f53c155b8dde,0.008829054582491272
ck_1c607e24f2c4397a,0.04472506050987015
ck_aefd1ce3ce093cbd,0.0047369594865486675
ck_5a29b7018e43280c,0.0008571594180277772
ck_69eb0b2ccfbe5f95,0.01522032385766183
ck_fe037765aa465c58,0.004421441027398115
ck_5e512ef5362a3dd6,0.0023126555930899906
ck_544a9e80b7fdc279,0.0033054951792171453
ck_7825494e654d5695,0.009282742234194253
ck_f1f2c3c623553f0d,0.003273043951980694
ck_52730906e5b461eb,0.8064160805959568
ck_01e0689157fe9617,0.8586547624594709
ck_9da82e567074da9d,0.014198632049063773
ck_6a17384072f904c0,0.028969361876265615
ck_8d84d771a21942a7,0.0013603272251937937
ck_39638880292782a7,0.015222361165877277
ck_7d51c86e0eec72ac,0.00752855744892455
ck_45f4c821c70d134f,0.40524223420301875
ck_0af3c13ba56ce57c,0.0008571314699145503
ck_0789a05e061b2784,0.1019482047922546
ck_6ba091eb42ffa9fb,0.04384143050875105
ck_265accb3c5c32620,0.026754306360783953
ck_179039559ff7566c,0.04761704411471627
ck_17c0a6a92b5765cf,0.018374392127556746
ck_59371c9140239fd7,0.008506760481708824
ck_f9c4f8b4ce2691f0,0.013576347977550793
ck_a2637e4872cf4811,0.17857179013213714
ck_1de43fd6c6c22a5f,0.09851273164908893
ck_6e4f31bd108571f0,0.0010233144032835838
ck_da06d97db0b18851,0.0017104804114947848
ck_e0346d5081e640e8,0.024685815633289955
ck_c1c7d4e62c9fcded,0.0066088022930687
ck_2595669e421299f6,0.014418486487602702
ck_3b6057d51fd4c7d6,0.0038560739073881453
ck_c5f8ab515840a0fe,0.008578469468996375
ck_435cb24538c6f77c,0.056159659054197154
ck_d84b5403da4cea7b,0.03134951484841132
ck_c2b61a98d1c8f6dd,0.7005030183844069
ck_c9dcd92b2f836b61,0.07229538738566615
ck_9eb5b3f5f672c2b1,0.0013156462877207248
ck_e4cf189a8d31649a,0.0037046819152189553
ck_6b114f2a48152b96,0.001140908861919951
ck_3fb95862b70f505c,0.0397280082537924
ck_7f780f465c29398e,0.004248556105178325
ck_ee387f9da79e67ea,0.014612582753437344
ck_fa3b1e85d27af2ee,0.036857821454945275
ck_e739eaaa7a1822f2,0.04253692412462017
ck_dfa0ac11fcb1dabd,0.0029082980325369047
ck_6e8751b571ea54d1,0.014044467373433645
ck_2d695f8358383092,0.011713768466518877
ck_e7dce27edb700f27,0.005697139516745756
ck_e322da8b213eab52,0.0036987744362255346
ck_d0b32e039abb8200,0.1307824155152139
ck_b354003302b272ca,0.007996220226004578
ck_f7485cba392bc294,0.21646869472801974
ck_d6a290ff8362c7b9,0.05613918544825758
ck_c56a44fe315c0389,0.008768472526489773
ck_f77dfe6512eae322,0.015884401602429495
ck_35fe969c58b9e70b,0.13864902652520447
ck_4c518637db2322d5,0.14404343971777622
ck_cb61902798ecc4fd,0.032326159994923796
ck_56e6cfa32156a916,0.005279838826126591
ck_343e6ed2b9d35c01,0.004516091358093743
ck_51440f64f7250ad7,0.03817309519539745
ck_295bca29c34cfe2e,0.02995174625008677
ck_dd30558576b45e7b,0.009856071242325386
ck_3a30132a57181fe3,0.07249337171972794
ck_4a733aeb833406f4,0.006911496235134535
ck_1b0b7c3d35ab1259,0.015970532624693244
ck_962c3bbf27cd4b80,0.024436074541093273
ck_9528e1d6b1707870,0.013344283562264466
ck_b3263e7f31aab45f,0.01733269054320994
ck_e69195a3c885053d,0.002403647435330596
ck_a907fa8795cd4baf,0.002970665869133427
ck_205c3405045bd835,0.005222247330582769
ck_e81fc223bed3c46a,0.029147101847336716
ck_363751deae40edfb,0.18788563356356897
ck_6176baea8cbebbb6,0.0039032388654194885
ck_633e6579f5c74a5c,0.8205391846372236
ck_ddc11fc481eef58d,0.023915243728552242
ck_e975002c979e12c7,0.09085844474156043
ck_8e039b23acaaac00,0.02803953007723612
ck_1d6990d94a4d2ad6,0.0058112356745885895
ck_e7b583acaa3171a2,0.052379525132479544
ck_c0133f60d39b2fb5,0.018521041793909832
ck_7d6bff85e7a694bc,0.0012984819160154026
ck_d305b4d82f63f647,0.0008413666390375257
ck_22bd0fc71f95e048,0.020071430094507535
ck_9a65fcfc7916f93f,0.001769258356268067
ck_d61c837b0106085a,0.03734670925233207
ck_be86a1db08dea456,0.012521580762873963
ck_90489c405e6886d8,0.0016343054391939865
ck_0add2c321d579d75,0.03435394723585237
ck_482dea6eed92cbbc,0.009196186518997463
ck_c24b47184534cc2c,0.9809592425133651
ck_fa04ac31e596e7d6,0.0019053621789212824
ck_084322dc5a3a86f0,0.004307177316082872
ck_ccb72a33cc1877b7,0.008688948918035183
ck_afaf374009d3b248,0.009274953447197986
ck_b53084ffede19a8e,0.0007333510175895278
ck_4760216154c8cac2,0.629212143988261
ck_37ad3a65db673e70,0.0014215865803180877
ck_0c2932cc0d553694,0.005161805927846831
ck_86b853c52f20fef5,0.003916331926432732
ck_38703b7546d35a80,0.02629222118281544
ck_218b7e6e6dbd2da0,0.0013928886583279105
ck_402db4184982fdf5,0.010056507359139322
ck_f917c82af80e4a79,0.0382691829839056
ck_3c6417a233c68c73,0.017954708911198835
ck_98068c397d70dd3a,0.006136404459774186
ck_b1cbd6679c0f8d95,0.007356912499590482
ck_9e962f9bb0e7bac2,0.008527621332926135
ck_b08247c3ad567d92,0.8061046508890722
ck_3ef7a03ebb81cfe3,0.0004550886089637864
ck_5d7ae0e3562e99bf,0.027689236477680745
ck_c91a628236baf91b,0.024584263283589935
ck_7f8e816ca51755e3,0.9862423449794171
ck_5aadd286d188f5c3,0.008181250855437774
ck_a037aff5f8128c73,0.004682877394425812
ck_5df6529ce8290906,0.016274091536993288
ck_5f3609511443e5a8,0.001733065178580353
ck_a6f61864fac3c8fb,0.00377955917414015
ck_2733fc6ba23ae46e,0.015549091710596133
ck_22bfb9246646eb41,0.8123880941826165
ck_bfc2a57d8fd1610c,0.33456729076980357
ck_49839e761d0e74e9,0.005012520097711688
ck_aa4ba931dd37481d,0.0007251464358879659
ck_2f9fa0d61829f815,0.022086679848382033
ck_5b82c774df10d49b,0.0007870512537333556
ck_411219470d0a195c,0.007583006512967528
ck_d07485ba10514a2d,0.32176925384329935
ck_219bef979ee21bdf,0.0010673459611544097
ck_eb1006e7285184a6,0.020028954798238446
ck_fd242b18575e3063,0.02410899350246159
ck_95188150ff059c70,0.021025567504791193
ck_a9ca2f447b984a6a,0.008698807207667077
ck_2dd39723c4088b64,0.0016107289011692977
ck_aa2b4c662ff213b6,0.022257778084858938
ck_1867b1199c864db5,0.054221469577173276
ck_850ec97a5a0dab9a,0.02110548862045688
ck_562320295fa35875,0.0008255107175316068
ck_bab5759b07fe2bea,0.0052406931244320595
ck_b9f1465d803e57b2,0.07845363800830236
ck_8f21f2690c32c691,0.032687246803241296
ck_df87d6f61a63eb21,0.00651092595564427
ck_770475876d0e7e6a,0.003746661831299414
ck_b4c014d5c0cc9eb2,0.0023803106611658587
ck_3add4d23124c9290,0.0032824717447735977
ck_bce5b7fecfb6264d,0.07926632199428683
ck_604c17cb97dc89be,0.03506710478584167
ck_e52cbcd9aafd26b2,0.004123649419649126
ck_0ac9114076f5bf3d,0.010975770184533268
ck_dcc125b178b79566,0.0005877761467927513
ck_4e333c09f0c37dee,0.03106030163108627
ck_ff7e31ff8ba731e5,0.00626407277595452
ck_8d0532d24f1070d1,0.0006076111741643133
ck_3689fa41748a6f6b,0.0364506119526131
ck_7509eb97c1948b16,0.007367840717500696
ck_a9161cf1ca22a6bf,0.004822891222736258
ck_bed3e3db135b782e,0.022637526148476545
ck_9040edd974ef8e3f,0.9328460230728097
ck_fac32d76ed40f683,0.0068932612391448215
ck_3d7b1078e2d57c69,0.001497451694134499
ck_dae09c4e074af5dd,0.016351994927818705
ck_fd84507228467b40,0.13198201952719954
ck_e2a2ce9b8cf44c63,0.005660426803284467
ck_cbe716f351d660d4,0.006227150127975307
ck_cba4162ef29a6d27,0.008614721439945417
ck_4f1e962ff8a29732,0.002146033003741867
ck_39a81899dded61e4,0.004712617334670694
ck_25382331551d22a5,0.036178291932692286
ck_6d64e1c07b19856e,0.0026913094077537585
ck_165a868bdef28ad3,0.043803852219379054
ck_88774ae52e30e877,0.012130952923133105
ck_fc7a9d0643570053,0.0026451771231093854
ck_c2017120b3b88a46,0.008398999535277535
ck_d115ac6b9fd62a7e,0.0025248040423124793
ck_439cf7d51ec7de0f,0.008066039089622055
ck_2468a7e9e68a0927,0.002812664512368309
ck_7c418947124dee8f,0.06286805312588764
ck_fb0cf32c4a56f740,0.024502792496026965
ck_694eb6c43193afd4,0.010837709430686047
ck_993beb188dd4abb6,0.009722070762119745
ck_77fa39d3b733c226,0.08817557895894164
ck_49969a9abc47cb69,0.009950971914337855
ck_d3f44bbe2f7e9b2d,0.016835020231053606
ck_fcf5b8216d0c18ef,0.0007047086510877847
ck_daefe1e2d2bc362d,0.003943779696377118
ck_9c9287cb28950eb6,0.0073813146171325785
ck_c1d1a625b885a975,0.02689364432080833
ck_71b37fe47490b4ba,0.004820364108885625
ck_5d16e257c0635f7e,0.19197623355001275
ck_15918075563eb074,0.0034035906710075253
ck_9a15fdefc47e8d11,0.006935371059827365
ck_6f04d047d1dde75e,0.0007072000105460586
ck_1af2c0b3b8d202c1,0.004891007124937945
ck_174be2231c5fd2b6,0.0007475458834146543
ck_bb0713a2a1d65982,0.010855633309509536
ck_0daec63bd5b0729d,0.05145052754712256
ck_c0b5cc3e8ad2ff44,0.007281392023124141
ck_35bee1fc12664644,0.5949346878407237
ck_a1c7cf63467df4c2,0.0017649753629114424
ck_ecb1e15f0b185ceb,0.028865193943814826
ck_f280d31f54a4710a,0.015073686199398546
ck_30f4b2ee8abe1342,0.03554774198992995
ck_66bed631354de5b7,0.005951609248279838
ck_c2d3ecd7278eba2c,0.00398737099121896
ck_e901dec0e09eccbb,0.001807821168812349
ck_5d038ecb3c8748a3,0.01226477417294428
ck_283c5bea94b21e80,0.004379770324818438
ck_7956c251b85f009e,0.570495360979749
ck_9f5f81d771146aa1,0.00281204323944528
ck_9323e6fc1e168eda,0.881148179226785
ck_10495d3a635b8d69,0.062417274666251445
ck_1982d571cd36eb0c,0.0040354985557415225
ck_4f5d7985bcc2eda4,0.0014392247364926902
ck_7df526b2b4410bb4,0.0474842302014606
ck_dbb498b1a346a402,0.001557567282353936
ck_ef059997563e3330,0.0067840032468521935
ck_02ec4e06709e6b82,0.003912348979116479
ck_9782c86ba6485f88,0.0019899622210383136
ck_d69de468b44143ca,0.005695728572152682
ck_6430a8792f400e0a,0.0010511647416076352
ck_8285bd3c90af94f6,0.005799192426890844
ck_985c9ca112000e9a,0.023704320921657945
ck_e679fbf4f4f4aa07,0.002920953490220482
ck_016e8c8eaf9d511b,0.012285017693018634
ck_bc996c523944644b,0.02295843942870477
ck_5b8315726f6204e0,0.011714496583239123
ck_78181f8e998e442f,0.0007365699598660813
ck_71c68dfd011dbbbe,0.8092680485809349
ck_db32c95ce2b6f502,0.965368512052261
ck_755010362a9b1bc4,0.0014098678737725864
ck_114141d85256c9ff,0.0006728113586437751
ck_9d1a5cf5a3b87e48,0.005416166156895198
ck_ab640420858ab5c4,0.09016289146099038
ck_97a8dac48dd62488,0.14363198404566666
ck_879cc3166fe1bada,0.0025965485560707656
ck_b0ed11080076e381,0.01255324619160291
ck_7334a9ec656263b2,0.0033081112356944053
ck_6494f0ef13ce44d9,0.009007100799738738
ck_724e459b9ece38f4,0.04284109994526093
ck_7fd8b1470401695f,0.546708465150598
ck_292f81186358b0fa,0.008645660084120124
ck_fa7de64d37287615,0.03987939130831477
ck_d00e09e66ed6458b,0.09571229168472654
ck_b8d210e741be186e,0.005221167200897021
ck_3db59982cbae4410,0.05836120747987692
ck_69887d0a9aaca6df,0.0017298403245272751
ck_4feb21e2fb0b3977,0.006316141539219849
ck_08c6cc1e143475e3,0.003975303062150335
ck_fe6e168cdbb46b9a,0.05844269995486229
ck_07f1734be7fac56a,0.049875018432547914
ck_d66d59981307db93,0.016274133704161985
ck_f928dba0d587d7c1,0.002889805766745255
ck_786448fe3004cbd0,0.0014490066650091503
ck_29ea329fa40ace62,0.01227869555912445
ck_7ea52b6f27edcb73,0.04008070464087922
ck_18bc51bbf3ef198e,0.0425797288783366
ck_44950df09ff14ded,0.0011560334255264117
ck_c1466b52c0a10b93,0.01627060220395885
ck_6cdac067cc4db5c5,0.04479758081466302
ck_53f55c6e8cf2d432,0.0027819057323318344
ck_95945f48453ca532,0.023610514765656433
ck_87cce4126e215153,0.015854031283861987
ck_1ecd5516c92caa4f,0.0013935947175533622
ck_819b482bca14c068,0.1381512766027723
ck_a61a879dd46fc9f2,0.013725656996113462
ck_af70aa32c009c3c9,0.009776263055835985
ck_f4fe78e249092ab1,0.021072593680098055
ck_12c46bc52bf45b36,0.007284323904389554
ck_f05f5e4b40afa52f,0.03801239406295105
ck_0f8cb09d3f4fc980,0.07115291190673925
ck_80a64a7f0275a71d,0.007278361083690807
ck_683af7b1540a0b22,0.01596903759641787
ck_51fe0b613c076cbe,0.0017805085870627765
ck_da1a2450219dcf19,0.009402542941542791
ck_2a7eba01ceba6c2c,0.02781644045434828
ck_4e329e29dfa743ea,0.3939667592837418
ck_0274d881d6db82c8,0.010221287459531126
ck_0af5b7d128035b35,0.007681485334291011
ck_ae0a7be6b0a0ea68,0.008441212238640741
ck_de5bb7a4d091386d,0.2893850811217429
ck_2bb7c17168a9d17d,0.0035660752818852228
ck_0ffdff7b2f5fdfe4,0.0029383114096711155
ck_718a8390b3d42d7d,0.005159368650179334
ck_7c4f12d70f184533,0.002417083400857347
ck_d3e2c26b8adff099,0.017351697292256392
ck_ac9d3d9754104cf0,0.001151403712516414
ck_3b1766a1d51f8f0e,0.17943958143038669
ck_a9bf75bea912027b,0.0280623178641916
ck_687eab3ffe1f8cfa,0.040021105256704874
ck_25dd0b02af5b2f37,0.08881501623822323
ck_1747fcc466f0ae38,0.0008388686965943284
ck_f6e9d14dfb6f3c28,0.05332075401934631
ck_c6a7bbd0adc4d5f3,0.03056116744416685
ck_46656a23f4456d22,0.7358825878725133
ck_7519260415c2998e,0.024379092205531406
ck_754f30ea19df857c,0.033105437683281655
ck_ba88a244d5f7380f,0.017732265110990228
ck_f268416945316815,0.015947292978731674
ck_21860dd2159dff28,0.0018524156779826083
ck_7a86ef4e2beaec38,0.0008837676581364955
ck_0414507baeea936a,0.019464476050579757
ck_60796eb60fc3043e,0.0016182906269791189
ck_1e0841ed17fe0562,0.008701776124448897
ck_0d641d32658d6e0f,0.0018135448947035671
ck_b36086ae6d87eec1,0.0044969136874552194
ck_962e65ab33b5c311,0.8564931787002127
ck_b046a42684468e63,0.007141298479050701
ck_ab3426435b0017d6,0.009075239952822273
ck_fcfe06e44d09a344,0.023407253526455486
ck_0f6d916c92189516,0.010607747647723504
ck_d4c8f0d957c3965d,0.024229740825253077
ck_2ca83dbd728af019,0.0023602785279270844
ck_2857a4ce9f72fbfa,0.004553407925362019
ck_a60e6edc48e3d0ac,0.299198011658614
ck_0cbd3b27063d4415,0.06491500077508142
ck_612089ec90c37219,0.006161392312789624
ck_ec4e597f17f473c6,0.0028191547316045625
ck_1c93cc58f314bf71,0.03434098760118716
ck_2b359a979520276e,0.002762381011582713
ck_1496568ddc3b2d56,0.02654774696568396
ck_41d91dc9f5063566,0.022219939676070312
ck_4c5ff58afe3d7a67,0.00156636614227244
ck_81709736281fa3eb,0.0013555221328530442
ck_d89abbab3d4957aa,0.0051204430299078675
ck_52453401f88935da,0.013491660881796083
ck_a477654d34783e06,0.0029585186109249515
ck_72dd0dbdf808cb00,0.009475010887580525
ck_c183dff3781746cb,0.05786585586641024
ck_c8b7f241810b45e5,0.0007904543290123183
ck_f88028c3f306bc70,0.018661018056723905
ck_91d48d69e4f5d9c2,0.0058386716576296705
ck_b74b9ba6d7c9aab7,0.03734505616394878
ck_03e904682dc73bba,0.004247517206600196
ck_fc6fed6ea96a004a,0.01220702817054491
ck_51efdd240e34c642,0.0371050424692138
ck_e78ab4ff52b5fd2d,0.005911978809884756
ck_4af7b97c24d89a45,0.02337306641187395
ck_295c0072eca7f7a2,0.004473120870256769
ck_8abd1a50a9227463,0.01137705205662427
ck_ecaa6f13304e3dc5,0.0008992362259120626
ck_de436e7b319be1fa,0.9929779587047195
ck_c802cf8f61466027,0.0013880966758074483
ck_3d83e0a3c1cfbf8b,0.003689313013148541
ck_28d2003c2d16e4b6,0.0006062139654105647
ck_8ddaf745bbb9cd62,0.0012539237613738295
ck_493b6256091014cd,0.028804512138598755
ck_a2245822cfea997d,0.002134511942628487
ck_f7305b3c64cf8a03,0.03193737228554461
ck_9937dad93a0ed3c1,0.0018035411594956418
ck_d654449f9231ad76,0.008750983749508442
ck_850e2b59bc535490,0.012889430408606208
ck_e55e5bdfc0242aef,0.02010929081256871
ck_d35c51e981b98c5c,0.00878812571988009
ck_27cdf9c5e6f0915b,0.00805368341214733
ck_d328db1e1052d820,0.019423516880586307
ck_0ea30eff5f361cba,0.003352689252517712
ck_9994323f97109f4b,0.9856439764148621
ck_09054e97bdf9624e,0.000864077066115817
ck_723b4afc388113c8,0.0016035452284831786
ck_588f6e6a6a6d93e8,0.007075691315353365
ck_e1d563fab4d6116a,0.006794985639693246
ck_53aca610e20598bc,0.008084848711885754
ck_c8131ddc7ed33448,0.002489878052936242
ck_899f88464305824a,0.02678329274218754
ck_1c17c65804f8889e,0.009377986071379182
ck_45a16ce12893cf9b,0.007611377260845778
ck_f9d481aa4f9b2808,0.18001837713269336
ck_1d5d74169cf892ef,0.039408861811816596
ck_aba32acb61c1aaca,0.023416451421849054
ck_ec4dd3675a8d28cc,0.007851358190351081
ck_5dcd443fe0bbdeac,0.0020471053655723337
ck_3a47e3f54475e854,0.0022526669047529474
ck_a9aa5c344c315532,0.012830082115012664
ck_9652283c9f61fcec,0.0024307865390176225
ck_752dd3d2487f78ea,0.00613641452748946
ck_a821980ac4db9943,0.2221651913313246
ck_93e0d6befb67f7a1,0.020135823424154993
ck_e7a3881c3e36bd51,0.4536699434676049
ck_12631b78f8a03df2,0.0017934922270810318
ck_57b8226610b48854,0.004778957094631516
ck_352657008983fd4b,0.26650011784039795
ck_0841a5c24fd3dd28,0.013493432629951813
ck_db9b9d5d30f74070,0.3888356321925966
ck_a9dded7f6294e44f,0.07069614539831778
ck_91a16336ce3217dc,0.038660844413600015
ck_371bd9388b287677,0.0007307202647245406
ck_f285e5e1912a7c62,0.0017883776189306876
ck_368b65fca69fc415,0.0434873973804848
ck_d27a73596b6500c2,0.01565073539971487
ck_2d963f9b2c4d11e1,0.06833034136088043
ck_7c500e219af39486,0.0028530365852178162
ck_7d025dea5951cba7,0.004302390895556916
ck_32f632706608859e,0.013582645497384555
ck_53816231f3ffb48d,0.0031838340473904422
ck_9dbe184e81c1ca8d,0.08152786928025811
ck_d74123617f22a21e,0.001772881215167393
ck_275386782b1606f8,0.003114157178835966
ck_0b0e79d33e50cba5,0.0015215559965951915
ck_ba93cb604f792915,0.01719721127724736
ck_a86cd653472eccbc,0.0046409333343878255
ck_87771861e0447210,0.11165392673619792
ck_212380e0371d8a6d,0.01313348891479986
ck_ef0d702d7b0ed745,0.0025816053508537877
ck_2b8f33e22f939372,0.8512853163123196
ck_480347ad92037105,0.006570807012100423
ck_20124c3a16c53ce4,0.008111084013437618
ck_c9e1e3229baae708,0.01373528270070743
ck_b1befe967f7a5ebf,0.030634232506377607
ck_4672167d7c989bbf,0.08003601753961061
ck_f0c44ee5e3a42e3d,0.014158649708499022
ck_c416357d20238a4e,0.007135130631943559
ck_d0f470f8078c91df,0.003750355023159959
ck_3a70b4ee59084715,0.0037841556428058537
ck_179ed66cdfc1ce27,0.0019498278372786448
ck_387e5a7f163c7837,0.01094509802413498
ck_08fb463e69f647c8,0.9889920754065079
ck_732f725747393ec8,0.030972812718247634
ck_7cc5e0fa3ca5a713,0.0010962714062561856
ck_ad4a4daa826ac68b,0.9740498069784866
ck_472e0be7a3b533bb,0.027398190167299902
ck_7190177963eafdd9,0.033816604529304614
ck_647ac26c5900f082,0.005102773862831174
ck_272ae2179bbd8e58,0.0042567262187949125
ck_09b0d8af304646bd,0.0007777027946313952
ck_ca0cc8ea9f344408,0.0033975896866833893
ck_332ad134fb909869,0.008252425584644738
ck_fca2798914627dc8,0.10461731927972955
ck_4450b55f462ae134,0.0035651510226344016
ck_d67d9dfb60b286b9,0.0007392394673922846
ck_a9d2bb4f2bde7052,0.002561202972415514
ck_929bcae878a3ecb3,0.5947150736682607
ck_59a9e000fa275e1f,0.020732983253798364
ck_57f17254e2688637,0.05907786538670186
ck_0508908697f60ce3,0.10477152078982417
ck_946afc2943298d26,0.0041102659635230705
ck_7176d12b18f2cc0e,0.008018000820600705
ck_5c47b49c26cce286,0.03569451678095135
ck_b6a2bdb2d335e1d0,0.9909042803843849
ck_1d58f6caaa4d012c,0.016612216049626507
ck_71c917295020ccc7,0.002202794820858317
ck_bc89644ae3688995,0.005381701040771417
ck_e7c212f16d6df272,0.015613026866224188
ck_c6d2e11a368184e6,0.0050429856343666745
ck_eed7f1f7548df15b,0.003346669162003939
ck_75b69034000ca7bb,0.03531781642019812
ck_38da3bf629458682,0.003686734206425824
ck_90114c891239d821,0.0008079986907251785
ck_8ee08f6777cc155b,0.00852635281739508
ck_bd86132499defcd0,0.020815827063321978
ck_b95fbf2b5640aa82,0.00589945210876678
ck_c530235393360e3b,0.004678567646051146
ck_be52a7ec43241ba4,0.3295854921364556
ck_d96eb3cc55f2772f,0.017617655715560277
ck_dd34f0a844fb115d,0.28657039292672265
ck_17cc7b411f448e66,0.02124399684047128
ck_856ea65fa27d06dd,0.022931361280549185
ck_056d5f0301c30902,0.05947114934594609
ck_e662b14b2bab23a2,0.10454792898022858
ck_209f574c8d92274e,0.005271960276800549
ck_62720b81617896cc,0.025448566216526837
ck_041614694b77e599,0.007093695580449538
ck_461e3f7b97db8d16,0.020879869284459566
ck_1b74b798eebeabdc,0.016933355586175754
ck_0ed2739384f1d644,0.011017708259971415
ck_5a4d19f1b83feeb8,0.002033687111764571
ck_463937167965a1f8,0.030773273779756378
ck_9d7151dbdf100e0e,0.029584308844028344
ck_20a7d1ce6cc27312,0.010963703674309034
ck_6031211ff118cf0f,0.002283611291532891
ck_a6fc92aa91e99b77,0.877029007046589
ck_0aaaa9d2f75a0518,0.004653017773405379
ck_ec26e327cc1848b2,0.005521757236507292
ck_0e6bebf8ae9b9b03,0.010981028615901802
ck_e107537a4cb738f4,0.008988436281870928
ck_e8ea56e122a5a487,0.055945132885330595
ck_98149ed45d38c4d3,0.033095696588503136
ck_0e719b3a6906b8f1,0.00045192315499864463
ck_0c6e7bd357e4a348,0.0025973103236471835
ck_d3b2b250da61db19,0.9562069647216026
ck_8bb6b0a292754576,0.0934244187515796
ck_87d70f5fe48a6128,0.027504063971490533
ck_ea9edf9c107d429f,0.06124894330831976
ck_059806c52cebe4f1,0.20414722551557163
ck_a72d6df666e1c21c,0.002909761516201862
ck_1d2b80ab6c4944b9,0.00456589144614732
ck_60557f077abc42ca,0.13775146135314809
ck_e5f5cb7dd6ce4a37,0.012409747230315809
ck_4c4a939154446053,0.002947477209597315
ck_50ede3eb561a202c,0.01086591565343581
ck_6d03a542922b2ae8,0.015680232103960717
ck_d6fe761ed0db3270,0.006454246237109764
ck_7f0cd6ea3096f985,0.0015710780166750555
ck_23edb6d938a3b87b,0.0018938044899557485
ck_799aaf9f2b9ef621,0.0034259456023060957
ck_f8f6a03613b6dda8,0.005600527843021344
ck_7cffb189f4f514ec,0.9846677002323831
ck_c081e1967dcd811f,0.03011362061362801
ck_583d6ca78c97d91e,0.5368545447776976
ck_9332bbc7125219a7,0.005821007609271454
ck_956b5af6d7d86c65,0.8336825105363908
ck_2d634e3f24681c0f,0.0219799772140648
ck_7b35d218ed0c5a60,0.004626433710907522
ck_ca5b1057f8248f73,0.028384044866070733
ck_ec5ea81cf813597c,0.006189630840196389
ck_eaebaf4d28400fb8,0.007933012230076643
ck_ae2ab6be219219aa,0.0008844086804872432
ck_d99a8b4c820eb46b,0.002791744828690286
ck_bcfb7ffb7cd428bd,0.003952575562085824
ck_3dd542c2d31be2c0,0.004916861043047798
ck_c7dd84401e29a7fc,0.0010337211959940214
ck_c4bcc7cefd40f8e2,0.0014451909498633178
ck_c251898b5d51e3b0,0.003326390539793174
ck_36d37be780c1291c,0.003350464934709009
ck_99b4f266b61ae7ee,0.010959294679786227
ck_c37f03995f0f0169,0.0005252091689154903
ck_65a23ac8e44eb901,0.004963312466344292
ck_644b1c1149eea9e0,0.010122390144085438
ck_9cf44eb0237c2429,0.0028545133354968156
ck_20541686a94fb71c,0.048938995299456375
ck_c18245be844680f3,0.003459795896686988
ck_56de216eda6b7fa6,0.00399906012198086
ck_406c4442dee45cd1,0.0008962976740255039
ck_df1585c7d72a96e0,0.0006247580644941842
ck_b8e8dba20676d87b,0.03080972702500661
ck_0ee6965e68efc177,0.01621625562631809
ck_c2a5c54ad8d0d297,0.02255688008625258
ck_bf6fb7e6470e95cb,0.0008767479100937646
ck_27fa694569140345,0.0007732374684883577
ck_e04166b0ce66393a,0.0026584683144338962
ck_8742114f4f0cb22c,0.062053234554613576
ck_6eceeafd56b42576,0.027769936584847242
ck_34f9951b0eca1965,0.02229667224165633
ck_384ccecd342a24ad,0.0017102965307913792
ck_49c98bebd1338879,0.001320008525477668
ck_6c26c12071c91ff6,0.003734815407343584
ck_01e5986ebb9a78f1,0.05124590846257644
ck_121db7ba3be29ee8,0.025236837285140718
ck_039e6d5a330cea1a,0.044639112410158374
ck_ae8c9163cf957d7e,0.01966744895968603
ck_3f5e8f3f1df0c8c7,0.12390259014048004
ck_b1c51fdafcd80122,0.02587142235802962
ck_12e2b5ebfe8986b2,0.004402518130122133
ck_d55eb81a4d543c59,0.00688854990222335
ck_f85155ca5c312c7b,0.01686204088579793
ck_133d8a1ac7c0e301,0.9908019905223091
ck_04212a9bb9b28696,0.9955336306989823
ck_4cc11c7d3ca61f73,0.0018251461732416846
ck_2df4854186ec515b,0.012420839412811203
ck_aa9b28e7fc43af79,0.6605058740521227
ck_47cad6c3def4c9e4,0.001734031258965585
ck_fbff7b5da8111567,0.005334648885616546
ck_bd25ea782e375b22,0.036996753683531516
ck_7989376f8cf64a9d,0.0061991897599367515
ck_675c0ca1ebb1051c,0.0059306362791745415
ck_1436f6e11d4008f9,0.014165942064782786
ck_812cb3a4482cc618,0.005540494560884263
ck_6e606f73a1094afd,0.006150131555418328
ck_1b708e2a4a0584dd,0.004351338603743102
ck_a60d6b324bae0330,0.010107283101297607
ck_706a4f673a9fda3b,0.3286532082947105
ck_a75ece9a9044eed0,0.003338867786431153
ck_9aa45c4e03c8c57a,0.016977276001439542
ck_9fe9bdce982b312c,0.043331458002293204
ck_c6fbdc5ba68a8466,0.012823304419463472
ck_ed0cc1b1c28f9511,0.17249032232901632
ck_a4e2607b4c8021e8,0.0011034024052369903
ck_e02f93f51cc8caf3,0.003100709382264263
ck_7084ed3cf20781b7,0.038990242609845495
ck_cd4c63155570d6ea,0.0035295339623807242
ck_d1b9e5d32d2d789f,0.005337820011510954
ck_68f56f6560a7a933,0.0026829852134840626
ck_8bedacc6233c6269,0.007758827680129114
ck_ab7cb50407d6b13e,0.005517159835768944
ck_f17ed7e0fd687742,0.030861475285898287
ck_b0fe4b92fc70f72c,0.004205984328052584
ck_84d62b8196da2452,0.013393827005954822
ck_9e298cae167f4693,0.002054945555867267
ck_405b20ef9ad0ba5f,0.14667334195498224
ck_813e02e1ababd177,0.004323258138240498
ck_f234ab47061ba7c0,0.0011003443206699876
ck_22b587c18363899a,0.004622245205682862
ck_4e862c2f48c38aeb,0.0015062721854464522
ck_b89cb90a420c9075,0.008117520477699921
ck_be2251640f27a3c9,0.27568997530103057
ck_46bec0bff167ed3f,0.04236897144509697
ck_c0032232c2868328,0.0046599459486428565
ck_030cf09525dba4ba,0.0017642439455303623
ck_6ecf56236789fc09,0.9690073841256994
ck_38d4ed52cbe6d123,0.04972943538113702
ck_2d923d957ffd4d53,0.00656298364260553
ck_3af1eb88728ed8c7,0.01748281970066109
ck_2f8120ca80a1592c,0.012567438860409974
ck_6cabb1a133f0b151,0.014612608873730814
ck_bb6cf7e7b707731d,0.7723391412356209
ck_c8307fecafa90140,0.012378079812014834
ck_75f968be67f46d24,0.01322430038107077
ck_df6fe4ec5a233213,0.0023172068763829042
ck_b53e88c0e927d896,0.0006254594153762858
ck_f0093064aa28f4d0,0.012406949172707033
ck_ec9976cabc63ff92,0.0017140565760580951
ck_30dac0a58c5590cb,0.037270289759938104
ck_348a525791ae6475,0.10533101081472421
ck_b898d912d1181ef9,0.029219439409726024
ck_f5b1200dc6f95760,0.01555791749301475
ck_54978a073e7a0b1a,0.005239728493095244
ck_55933936536a4071,0.008550647590804922
ck_d6ba7ffd2ae08863,0.0061072473575951875
ck_404e2217fd87fdd2,0.0013557428178088732
ck_dfaafdaefa5716b6,0.041547506627534384
ck_556c62e92d4e7e5b,0.048836842668195844
ck_7ce44f4e06d58111,0.10623046049092591
ck_465cb8ce232c7670,0.0027172651229839364
ck_237508ca4fb37268,0.03470444542098163
ck_ba4a6b9aa63964ef,0.010088458401278777
ck_4802a0a7a1882c88,0.15766042603691227
ck_9478dfe4114c30f6,0.00721017769540523
ck_5138f6c575dec64c,0.006101816581214673
ck_aebb42afe430e2e9,0.00592607797626572
ck_004efa95555437e9,0.006089921023371647
ck_11af112667c98394,0.008293361998495893
ck_44e9a18a8645c9d3,0.0014111628110037122
ck_2605fd571219e28d,0.0007197816101306065
ck_dfc933493561d84f,0.00830123945592164
ck_67674348e68d1f25,0.008895856966827537
ck_dd97429277a2fa00,0.014379288163925193
ck_d3eab7a06eb48348,0.03896078415106173
ck_0b9fcff9667ec05a,0.004649630406216446
ck_fc4bfd6e739bddea,0.005909854579577975
ck_43292f70a03ddf2b,0.0176203653723618
ck_5ff6108056a3fef5,0.002360467323317861
ck_767e0be086b5f601,0.02329542435858482
ck_b8465b1a5666155b,0.005644737866443501
ck_ab2e3fc56f5b3aae,0.0036531251762496005
ck_1833c81d693c1e07,0.8170337579116185
ck_0308e0602b856445,0.003006921612186933
ck_ccbdfe744acff8bb,0.015920938488274937
ck_b294aa27a0b586d7,0.0017988973930669662
ck_a3747201f377626d,0.9374828850135211
ck_edde1d7d1db24725,0.01594683395143413
ck_ae3b47d6e1063704,0.0026689501690696283
ck_3aabf5e0f4defb41,0.0059747815316259344
ck_f034adb57391f3d7,0.028683529547825704
ck_533672fb40531607,0.0849990997758501
ck_2a244f1ae08ef83c,0.008877517824659632
ck_a35d81bcc54ece2f,0.016868986828106336
ck_78a61215675b38f0,0.006979373478671454
ck_e013d88ea7939616,0.00524787397911095
ck_e5018f9418e0102e,0.017396967339332957
ck_d4e024fcda401a31,0.0020988285567264072
ck_f736cffbdb82db34,0.0010739004383480068
ck_1507f5aa50cdf3a0,0.009544920066094165
ck_18270fee7c8fcee8,0.002194831748706198
ck_95ffa1a805a1c9d1,0.013399274911680952
ck_11132d245b94d045,0.0027562837939958756
ck_7b93a622e40d8b14,0.045121117630880045
ck_3854c08d17704347,0.050143096831661405
ck_7717fcb100dc4b5f,0.014243862621048497
ck_ba54e0a1c328119b,0.439132233421792
ck_a7afdac4ecbf2de4,0.4629292255738008
ck_ecfb771ed2352085,0.008049397574175967
ck_68be4fefc85a6b64,0.07531789721272736
ck_dac7c50bd6d0148f,0.0015279306352478966
ck_87cf36a03bd63c24,0.8021855594623155
ck_8adb40b168b59d7c,0.021117973270548346
ck_8d2f62930777416b,0.042948745738237294
ck_9958b58da9e3c21c,0.009469068659050601
ck_9440335375701f44,0.01840458688719559
ck_e2f88e202b6f700a,0.015084556491145684
ck_4c7c50684827a2cf,0.0018706157214081539
ck_8a6ea4a79b1c7a8e,0.004938003872525392
ck_186dbff4b24a3bbf,0.11971447423226242
ck_220fda3c11c59b6c,0.12132204642454632
ck_3acccc69f8b1fd14,0.036014847535750405
ck_9de191bf79afd676,0.01195340938311194
ck_6de6b1663f9457f4,0.0006638106606740582
ck_062754f8b79b86e5,0.002801996744735617
ck_aa153a89a52f7eb5,0.04938474533307539
ck_34a6bd3be642f15c,0.011733133349414022
ck_9371c700d9830326,0.01170020500067591
ck_a99e0c258ad7576b,0.005963982112344607
ck_0a7ba51d626e932a,0.022046481695333738
ck_852c50bbba1ead13,0.06547969654302199
ck_43dc13b6b6d31297,0.05913771812453221
ck_7d81b59d615a6649,0.043519785067201944
ck_39a3f1da060e88bf,0.024378466386837126
ck_6fb2d142c09ed3ed,0.021959263436212222
ck_6e5752b87324b58c,0.0054344856295972365
ck_9441d48a12e8a4bf,0.07318474536460293
ck_09e9c51eb538b255,0.014226384861111057
ck_8d0cd981ed3a183a,0.014284665527490048
ck_57c07c45269ca8c0,0.0026021612481436857
ck_ccfc9ab888ba933d,0.006925856395816865
ck_9658a6ef471053f0,0.0027766116693846146
ck_dac3852758f4ea89,0.0013941310765344813
ck_b1ed2278f5f14d82,0.006398310811946516
ck_333544d173524f70,0.07158543584237369
ck_fd4582e3853ef23f,0.011291379089266007
ck_614d936cef98db04,0.0016349400555966058
ck_6bc351a3d57aac54,0.010214597510892084
ck_af5842fa7202ff25,0.02561996132638599
ck_81307759252571be,0.005743180136040299
ck_b4d2f02d2cd45720,0.45997871589274036
ck_1bd753a4681946c8,0.9872941865554079
ck_46d8c029d46867b2,0.008543102163338423
ck_b7da6640fa2f49cf,0.4908238659867032
ck_9ea3d5a5a91fef9f,0.005726083550983457
ck_7b922518f667f76a,0.0005645463560135033
ck_2a5b31594206eb30,0.6417037826423028
ck_d9506476ad3f9e08,0.010592434087710007
ck_c8791f7ebd4d93c7,0.058496831969004216
ck_b5a3e20fd210017d,0.006919419696343176
ck_8e54386f4fe22cad,0.009780431779500455
ck_75296704f5806f56,0.012534011387920171
ck_0fbbc7a6af300368,0.001142573662510386
ck_d19bf4dc0627113d,0.0031146300090594144
ck_7951bd4eb99a0175,0.0006380717760209131
ck_059e4fac6b7f704e,0.010774072176062733
ck_2ce8931af02a2ce3,0.007553812199336529
ck_9e665618a4860306,0.0028207111090296846
ck_6fce5a893613fd2c,0.0015734739652231537
ck_9e3fbd04e3532f32,0.26180705565615725
ck_55f2ef0de3420e3e,0.022311939267910984
ck_8d87658a6f5d204c,0.5361170289765058
ck_6d6ac1f5dd882aa5,0.0010997552985906615
ck_55d0c7012d7ef236,0.018661815274259204
ck_7738eb085e5753d6,0.01024329942761734
ck_0e6e05c3cc8c8242,0.009334258145990877
ck_8d27ff8383d48132,0.000731283366653145
ck_9afc3bb849f3a64d,0.01084021742486772
ck_27eb86a9898cdfe3,0.004216712986427654
ck_1d40e4fc541abe93,0.35930479455705455
ck_4fd9dc00e1913587,0.9927463794142319
ck_b26cdb2b7b165d2e,0.009556500615029976
ck_a79a27767a02e31f,0.024637682997818613
ck_f0c18cb9f951a71e,0.010932330207439894
ck_50460e0189de6274,0.9365299725333089
ck_5e5280539257c986,0.0077382744677819
ck_eeb854318b3a6f0a,0.006249388642455421
ck_943f66f28dd24750,0.000930960226676685
ck_984dd7452aee372d,0.02727487385972569
ck_ecaa6de0aca5e9a0,0.01954499615353209
ck_8f1cbc432e2774f8,0.016727258602390875
ck_d91d9f8445b9769a,0.5491582738607137
ck_73c18e03e3c7612e,0.0007185382528012965
ck_aded05ada490da20,0.006044298970831892
ck_f744e208183971f8,0.00280574073225487
ck_02d4cef6358ad3b7,0.0021138905204617408
ck_08ff5bd467226a5f,0.0011743878069936156
ck_f824b326d5089885,0.2334712489313401
ck_3420f2fd520890f3,0.04037616109221522
ck_1838cf8d00f5b1e1,0.008003080405253988
ck_a85182ad90b6f1e1,0.0006630338693433407
ck_fecb39c82c43e76d,0.000899851182186673
ck_162513e73782929f,0.05963945802560404
ck_2c27b77c59d8f23b,0.6186091746970883
ck_4221e07b17388fd3,0.014852962981746815
ck_adfb8472d5c3d669,0.013531319582777548
ck_0742fe64055d686f,0.0016699028580360819
ck_5060aefcc8b6f958,0.009903930956730495
ck_643f549b4ac78a26,0.6912120908321931
ck_dba767885bd6ad69,0.0030111929927457304
ck_0dda35c0c64c7073,0.9922054897859152
ck_38ea56d43afa5660,0.011242786776749137
ck_d813e15ac91f487c,0.15661535873821048
ck_4c840e5585a7b167,0.06761335829090709
ck_cb8551453a7bb929,0.0022232909908441144
ck_05a00b1dd5a03359,0.002438674664458846
ck_837cc7fd48453a01,0.010852268383702698
ck_49dd816b31fba6b6,0.7462894263182209
ck_86a61d9a39768e87,0.045725186093158246
ck_cd0e76f0e7bb38cc,0.01128848253928048
ck_dbe58392635133ca,0.019686214026044462
ck_3caec7dd6f8d02c9,0.03812673014302947
ck_bfd9bfc5b6ab4a54,0.029723958837207666
ck_2103399bdb2898a6,0.004744423610330633
ck_329f7de7279e74c5,0.008794333916465138
ck_9bf0d28119fc42c8,0.010012318299070188
ck_f781539b1042dc83,0.0026746023131785962
ck_9986c7d781ac6b4e,0.008614522474687464
ck_a627734880aca848,0.001018903767483845
ck_2106e509d77fdb4a,0.28264118794834686
ck_420d1a9c604293ce,0.014573754784442602
ck_fce0610c527e2b56,0.023886573944157725
ck_073da541ec3f9d3d,0.008708627943323527
ck_aa5f3ab48c17fed8,0.16857469349760945
ck_0fc1086e1c9e04b6,0.011505014245990885
ck_5c33bb46c1a5945b,0.005219441616060178
ck_500948a8d4bd8e13,0.016946448152307975
ck_19becd44f2c3d2b5,0.004339113061762854
ck_7d0fe77dd5ddb656,0.011172458508611347
ck_f158d9e5f101bb35,0.015905996039590337
ck_cdd7c77823c2257f,0.07555926569986575
ck_6c7b41374f9b2e55,0.008444261809633207
ck_417090dbffb1a63c,0.011376995203672935
ck_dd0e17605f970319,0.00840626917326629
ck_3646515079e6be55,0.026166518840789847
ck_89c8b06aa8c84b2d,0.04865437972561497
ck_e4d6dedd97233c07,0.037128561032475735
ck_bc82fb1895fddde5,0.012254316803969873
ck_88a8b1d442ca3686,0.02636473663079486
ck_5791f8f76a629a4f,0.0568117475611528
ck_9cf5e88e97c8c7ea,0.01369863769218875
ck_58fd684aa5a6f289,0.0007748772638983167
ck_9800c21dfbd8e811,0.003162818355753326
ck_8ae64df60ab6ccda,0.015342214734230317
ck_e535fb0f0c00418d,0.08622541470125633
ck_48011996d54855ac,0.499906004969535
ck_ac79c72a8fe3fdef,0.03321777519459011
ck_b8cc2df5192bc49b,0.008650970015014418
ck_e96a5e1f08f8a867,0.0015181888255833657
ck_84df6770549e43fa,0.03333811019945799
ck_e5f7b99ba6ec5767,0.014945897532993732
ck_8347455ab53ff620,0.004929071782579597
ck_a84f2cdf695a71d6,0.003668142877803188
ck_90456160115f9ef4,0.06547097136010098
ck_ebd178b3f3a9c50c,0.0117115823494592
ck_e1140be6157bacbe,0.0018068122646244847
ck_744ffc11d32b96bc,0.006402358612834497
ck_e12a9f7d027e3387,0.0023048245292424116
ck_cbe525da0b69f18a,0.01772932429564287
ck_aa59702537557ff1,0.04379966234174833
ck_0348cc6908f7f3af,0.0013526616101264665
ck_120e995d50956bee,0.043028132173053645
ck_9fcde1ff46cbbea5,0.0038408606015830336
ck_54b0b070689c50d6,0.0020427983413183236
ck_966a167758fddfd4,0.07947107290396029
ck_d5194f2e92fd6427,0.024294268505909693
ck_2ee84f3fa27f2cb8,0.004853709738818024
ck_57d0a7eb7eae2eaf,0.014417677591331871
ck_6a2c4edd82e10969,0.0023380241395279068
ck_96e4d38ef670eaff,0.010609275436645364
ck_52cc2fd5095b169d,0.002032807803619857
ck_4b088920f3a844c1,0.10338396050640423
ck_8f3ccbd20d59f1f4,0.002844883530054315
ck_e5e5dc431bed6f9d,0.007275632567382162
ck_e8b5bfa6838e28d1,0.013031302698122324
ck_4bfeb78b47b7c6a1,0.07173639506688237
ck_a705c61bd679496f,0.017806158891939407
ck_731869a0c39cb2fe,0.015820531135047996
ck_259eb102342057ea,0.004281769616593751
ck_47a6005fabc33551,0.0018999565088971871
ck_682262b455a9edd4,0.0010157410751381391
ck_e839d104854945f0,0.0013678282047404698
ck_761989aa4c47d746,0.022819160038987873
ck_44211dc210139ed3,0.012256253058351738
ck_9915ceedf63a5289,0.05126980650033448
ck_da59ab47cb6284ad,0.001474524728780914
ck_e5cdbfcca2456652,0.0018016826398472758
ck_13f2560c6a1ec62f,0.006696643482208472
ck_a0543e9b3abe1001,0.008928223586603251
ck_11c7a58e09e6547b,0.028804070014452364
ck_69587a134d43a4ad,0.062076352011550415
ck_28dc0de0ae291f37,0.03258068370314042
ck_298922703c5bbe05,0.030332674187555874
ck_fa5ba9ed9ed6a343,0.06699703696352496
ck_c08e64d424e56c05,0.019253285191507975
ck_598e036a28262aeb,0.03358255246879684
ck_3f7c870510083a51,0.011517810327931076
ck_364f8203a3e98d36,0.30816302370240606
ck_7333cedb61506ead,0.009794954928174797
ck_1d96d7fd65f208b2,0.014039438183985597
ck_63133a79f23e2627,0.020163743408037893
ck_901d820e0b72abae,0.001248988117457107
ck_5dd80b3c01457bd8,0.009132625826661665
ck_c0b8067c144ed6c1,0.013687591024670844
ck_cebb8aa8c8f62c60,0.002313862441595145
ck_79749eca42ff1f5f,0.007149085340814878
ck_2cc1d9b587f6da31,0.1441079098563065
ck_ccc7916b56d42195,0.004282974418869384
ck_e43e53cc7b8b8e41,0.019946746809619456
ck_4ab74a6e7450416c,0.001774415872769413
ck_6e44024e9de301c6,0.0007648674576907668
ck_dd78cb6ae2866cc6,0.009115147244647698
ck_c363d3b050baf3b8,0.05351529614678172
ck_2d46291975f0dd08,0.0016625705298395211
ck_76ebeb5aee42f041,0.05161962511646425
ck_8395f004cf4d4c08,0.0020363326753728506
ck_de7259c3741db179,0.027228553315783128
ck_3938e92585df2b34,0.01498836831636693
ck_af69bfcf4f07d932,0.010457429594743094
ck_1723900ab9afe374,0.09195961875969041
ck_3d58628d1c853c8a,0.0032526778511015194
ck_12a074db100481cf,0.37698141477261105
ck_8716cbf892c50e29,0.012508879571333792
ck_fbf7351958ad9615,0.0057469152913742485
ck_a50370907e6b397c,0.06768698099463455
ck_937402a60df0821c,0.0009987279337932606
ck_8ce9c5807acbef48,0.004406293258112743
ck_acf7d65eaaa4c31c,0.002347176849939086
ck_ec3eb6dd0967cac5,0.014627781606513162
ck_fc832b0c90c9bdb9,0.9062136119056264
ck_8129e81cde280131,0.0066238788896292354
ck_52c0ef68aa2fb8cf,0.006548211090890268
ck_06f042e9b1b662fd,0.04257733664096634
ck_0bf35dcf7b38f650,0.0006273312592969371
ck_615763afc2e17a7f,0.0009536236911553751
ck_e72db9d4b2fc9997,0.9880763979874893
ck_13757bf0eeb353e2,0.007026634758896132
ck_abaf371ec8249c4a,0.26281785845815475
ck_9b7167da0920c37b,0.1003652954664396
ck_2e824b0b27494a17,0.060366281429169534
ck_9a0b605e9c3220c4,0.009861313090298347
ck_a5276af466b681de,0.00224523845422505
ck_9e0383e1fb6e214d,0.06658817925193614
ck_6a27c44b691dbfac,0.002120608164739033
ck_af39767cf583905b,0.010677328792743511
ck_243b1b9fdd3f9a74,0.0007021616707726182
ck_c0422e638a9c6046,0.020310928975690472
ck_e0f3ea3373dfc4aa,0.0573578481267335
ck_d56ee1654378ffc7,0.013058390553283894
ck_20cd2f5666719baa,0.0010514109981879757
ck_4dfa1c1e9b69fcc8,0.0062662842475218385
ck_5d22e9ca1d15180b,0.43068198099416277
ck_f4a7ac178fd55f0e,0.002577996091954815
ck_fd5609bd23a1eaf8,0.005796997847223614
ck_49c3bf13dc9471ce,0.02300472768053984
ck_724085c3452d4693,0.16151687713776225
ck_e5d1462846154a75,0.04494835806917201
ck_c69ef0f3e7d6acf9,0.04075154972862362
ck_a2d0417791d4132d,0.007353897964331049
ck_00a07fc2a9183c3a,0.002360952040701188
ck_781b8288e54ba8f8,0.14258591888982403
ck_d74a62ab3804a81b,0.00827498189249412
ck_abcbde211b6267f8,0.005016071888595536
ck_16dbafc035574654,0.007570477501483834
ck_018f780215ecaf38,0.017562033834891865
ck_0b259620eac51618,0.003422420934664755
ck_4f875342394c110f,0.023698257409134612
ck_399e45e5fe9beaee,0.011332331400915658
ck_36224a2d394ebfe4,0.15189947821088098
ck_c189b551bd111332,0.0006459493529752437
ck_125c5a720ecb177a,0.05992133795625976
ck_76d010aa02eb477a,0.0004409598656758162
ck_1071d14c46c92379,0.22632849040100647
ck_61d244b2cde483af,0.013474401672948725
ck_2ff1860da2004c84,0.001708390621756729
ck_c5b583490198672d,0.007525337425732327
ck_1294f7af22fade11,0.1226336333308439
ck_e3a22799716df39d,0.0023423499232888834
ck_c77e22834ef97005,0.4837099407977938
ck_73d3689728270a2b,0.0015711317216953937
ck_295565fbf77ef885,0.005385563826198062
ck_80c0a7f54ff4895d,0.00909642571792256
ck_f1ef5cf7f10b16c8,0.022181735316266514
ck_a958b2461ffc21a2,0.13888801048356963
ck_0e7899a57cd617d6,0.0009257986784959383
ck_9d4fed252718f58a,0.004929027170894209
ck_83c2c34add971d76,0.0009606431690522849
ck_9ccc030ba2de9fb2,0.017408675992279327
ck_cd691e3466fb3742,0.007234538883869662
ck_49df70f908dfd069,0.026457831982833257
ck_362ce13eec1e33a0,0.0036675408385819356
ck_2452a30397dfc54c,0.009240234910054917
ck_a443d49c2b4863b0,0.029152157467363937
ck_c8b2e2cb349dd0ff,0.0037144820844540695
ck_354909fecf5da8cf,0.008026561029519416
ck_841f598bbd54c83f,0.03698994536415052
ck_cd6fbd4e8724f994,0.012699805953736182
ck_e0b3158111370118,0.015925703664683637
ck_4c2f2eb657c2c60e,0.0029101592471822875
ck_ef346071f0b7654b,0.0041273324456391515
ck_f3bc10e3decefce4,0.0053693835436951646
ck_189b6fbe9b9192e7,0.01358432416715399
ck_5245cbc5ff4d4fa6,0.0049734705080687665
ck_cb42e3be6fe87f60,0.004427237760856761
ck_966d4d713cbc7792,0.0018576395587526484
ck_1c8c969667cbaab2,0.9278021833156638
ck_d35e3aa9ef5d405e,0.03833759343087918
ck_a1c39df50a5873b3,0.03175486538174792
ck_a152165caf295b51,0.027502675519375453
ck_891eaedae139828e,0.010295483205380769
ck_1a46b56f4734d52e,0.004549686993894364
ck_5e36042cfad96c99,0.17422665427297007
ck_02a8582c2603e675,0.02241864832916509
ck_6def9d0429e4ed4b,0.028220967946360764
ck_e137400825a1e3e6,0.0073838688307601595
ck_d91ab840848a54fc,0.0011646693461323974
ck_becb6e1c608e0078,0.0012853855091739179
ck_6fd8c86ac719d7eb,0.0631430109351919
ck_3ed4d13f12fd9d0e,0.06314851351867487
ck_007337aa99a4891e,0.0007754961925136245
ck_60c3d8306527a08d,0.0035316429915522433
ck_95458880a54df0b1,0.3173882943574394
ck_b48cd8593533fc1d,0.7078124992272155
ck_021c6a4a7e3f1f0e,0.0012745627457469366
ck_764d40f865e710af,0.008269396463647648
ck_4b84357ae8ec7777,0.007421815767620923
ck_3397c7856b4669a5,0.0010022350792413984
ck_920bb003b42e6310,0.004686170656048317
ck_8f59f11b512d5b7c,0.06287820559106068
ck_a3acf4b986afa98b,0.08013963288548676
ck_e89d25ed7bdeeaea,0.004432942113889875
ck_70e6bca473bf6902,0.0053026066206602164
ck_186161ce152836f5,0.005315339314131412
ck_9191579254663f5d,0.010305336912030475
ck_1e6628879e9d653c,0.00947105480097551
ck_b498fa91a0776ff6,0.028773656667209557
ck_cfc2384f22954830,0.03568831903445992
ck_17673a1c2867888a,0.0016458293885690356
ck_523dce06515b072d,0.012011455559749135
ck_c20638a325ead2e4,0.0035882768297862966
ck_d3877e1f907cc148,0.01537345488692346
ck_e9a2495dea8675e2,0.009394448913115716
ck_7e561caa5fa1f3f1,0.016357828545616106
ck_455672e652fe1abc,0.9230715684531647
ck_7f8f864fcc90ca82,0.04152103409758835
ck_1ad36046aaeb816c,0.008579618076512373
ck_de056e37c82e8e00,0.012385664022425356
ck_7484c214c889fe7f,0.01635738474078257
ck_32430e678c4f9f53,0.00782548205758355
ck_6276ece8f80ea799,0.014228557180864118
ck_ae8e5dc4b725bc25,0.010030669949767512
ck_f01be92dc78a2dc7,0.08093577315079378
ck_233397a8bd40d38d,0.004331408239170331
ck_f8124911450fdf31,0.8650744042936047
ck_aa0a3179f1111674,0.006693312274674813
ck_2366b29ed9887a5e,0.001423310187325519
ck_1f22f04dfc08cf27,0.005942706168132144
ck_b62276c3426d680c,0.015352772885462287
ck_d099fca88691f66f,0.026430597012804924
ck_166bd1dcbaf4d6fa,0.000907644699231992
ck_7b1660e942436e12,0.020373588712076996
ck_4a9a791a1d409a3d,0.01950898167692803
ck_b003e5b54df65db4,0.014144271797749408
ck_64b4dcbf436f0b75,0.004103991625961162
ck_26e9a7bb2061a58e,0.050488119946030294
ck_08b77ad5f8f73007,0.024839721134379295
ck_366616a725afc6bd,0.022491815783876084
ck_934fb5064b6eefe2,0.0010391684060974478
ck_c6abd5d57b1009d2,0.003759944745258948
ck_edcfa9e1cf29d813,0.018869777962660074
ck_c30201ebd003fdc7,0.007977424821702047
ck_c54643d94d3ce355,0.036763761105514374
ck_02adda6e91e49650,0.012480348718158552
ck_5b73d7c5255e58a3,0.2040519676970371
ck_129ffae92dc01408,0.0010892259922929957
ck_fa321945ebedb916,0.02331358715530956
ck_8da980cb2e1e2bfb,0.007099582378284867
ck_0576b00d728bdf19,0.024667863898299742
ck_c543d82e22b3c8a5,0.000983456310214538
ck_0027ba644f9ae2cd,0.13545225089335006
ck_8dbf61df902a6bbc,0.0015549513197914856
ck_90eeca1cda79fd41,0.001198512153613263
ck_86d7127391d4e01f,0.0009600319195581331
ck_73762038c7ff2f6f,0.0035517109524336745
ck_a1484e6215fac651,0.8673952922754428
ck_cb83b9f806e90dc6,0.1528008185370203
ck_8c6f059c95872126,0.0007680305163118074
ck_3174419a81e7caf2,0.0027839765903411645
ck_6a0f8f8fa4a3c2bc,0.015131084798621002
ck_b5777605668bfca1,0.0015852314733116792
ck_27e4de495abb4d15,0.00898183439702857
ck_7f6fa79c7a107161,0.03017681819637737
ck_c36ed9f8e6792ea4,0.011240929259343025
ck_67a1aa88d2ea554a,0.01980759965427528
ck_09748dfe4df3d540,0.001972818503141143
ck_27fd85b1e38b675a,0.001546226572582783
ck_2369689bd795ee10,0.003483261388262775
ck_4eb1c12f7d092bac,0.0014370121524630893
ck_01fbafc42c8e33f5,0.009506770532080964
ck_93c4e05699b3b7d0,0.004715039179858149
ck_afc484d1b6907983,0.006026407613716649
ck_1b2d9cae92a1aab1,0.03718513013039565
ck_73b729cb161487f2,0.013725360390965422
ck_fe3c1d0ac090d960,0.04042418711136629
ck_408efac1d3885ff8,0.08840270318297042
ck_ccb4dd9d0a48a76e,0.0074420487443881455
ck_2987eab34ca7805d,0.030328199533091415
ck_1dbf1f15193197db,0.09576118470634482
ck_4ed711fe4053e74d,0.049826762204656885
ck_6c54adce174f45f4,0.0020021805822326736
ck_a6c740041faf0bd5,0.0022328290335616578
ck_b05c4d33c4f43639,0.02974424335822426
ck_032880f1114dd51c,0.018352766043424982
ck_22311b037456a76e,0.0025894244049206377
ck_5866b413549765bf,0.00420349930327898
ck_0e808afe2570ecac,0.009757078557242317
ck_634276b05f4381f8,0.008116482137293202
ck_5d8773badd0d4740,0.012281807173489912
ck_82b5b79ce3517102,0.9265660732476529
ck_b378b8d8100ee4b1,0.011194430884876637
ck_54e581f71be5430d,0.001938184727545398
ck_798ba4b8aa544fea,0.0008852903575097798
ck_3fe86b6331ff95e3,0.059933166594664945
ck_81275d9d4c559e6f,0.0020629889395639253
ck_99a4e5ef02d89493,0.011696570089999202
ck_54e2eb018d947790,0.0019746420115025376
ck_966901ea9c77cc02,0.006218513880834384
ck_27d69ff4e0cb428c,0.13029382462967914
ck_2cee2dd7bbfc09a0,0.8831735375485842
ck_4136b00924695ab4,0.0004328135228899194
ck_59a164c40c03a45f,0.0010067578097947296
ck_3e24b026bc66789b,0.0009551714263054727
ck_8105bcf69a75ee47,0.0047460897749948185
ck_7a1782cefe26a456,0.0668918280539766
ck_970c7dc195161272,0.001450459828855744
ck_a48ec0c00ae20e82,0.016642310878256326
ck_54b374ade34e1dc1,0.006221957261881365
ck_74e5dec189761d14,0.0017864313342615505
ck_4717f24f2c6f40e1,0.02386886979424204
ck_fc8cd8a8209e802d,0.006173325907803262
ck_71db4131d7efe218,0.00489668231538847
ck_45424ea6f0bc4650,0.08108804458975272
ck_3716c6181a5035bc,0.01915354104358447
ck_26de14b96bdad4f6,0.009874412406122614
ck_99c0a41ac9c73857,0.013432845162635269
ck_645f15bbbcff3b4f,0.9954219841788321
ck_b7e25ddd41514d4c,0.0007911847194373133
ck_d5c14e877ca7b755,0.002607415661691522
ck_05ea4440dac6cfad,0.009688202709054627
ck_c58bafff7b1955cc,0.01129107571201501
ck_f0cf85b67a9b840f,0.01949828816758798
ck_ce1500a7f0d03fba,0.0009930968882016224
ck_d4972a775aadbbc8,0.006404318000167046
ck_3eb6146c262e0fc3,0.0005553069512875566
ck_afb23858a4ef42ed,0.9810443322787787
ck_2c1def5c91c52a5b,0.08369888505010316
ck_72e550559487b919,0.004672854019013764
ck_0284dc2b4f856b3a,0.09845817184569
ck_03be334935e999a2,0.00233318117071593
ck_e35a4b4a3cb4cedf,0.008753160182633581
ck_5abe57dfff4b735c,0.01726783438057783
ck_f5f87f772388efa0,0.013955180086980346
ck_5a22cb36d612236e,0.005012806922261574
ck_8ff1e6028e764472,0.9857092046516867
ck_2ab28149b0986642,0.04062848307985552
ck_c88fc1bac79fa6d3,0.04481369990731331
ck_5b137d74bba6b1b4,0.000894258138114756
ck_11f362dca2dfaf5a,0.016981453631602653
ck_7f960541e5174565,0.0019966210551842934
ck_d5458ba39ae94498,0.011855626296849185
ck_0a921a73a90c2e39,0.055760747768525895
ck_6ad56ef40086dbe4,0.009101053086247868
ck_b68199ecccf2350c,0.001411923389775625
ck_6dac66c8198c07d8,0.005186177133045686
ck_9b9ce7bebc235fe8,0.0017366613352011308
ck_6b817117d87063a8,0.015978262475313677
ck_900d62b3184378c7,0.0012235232090084345
ck_eafe9b89857149b5,0.003896881217131253
ck_e74716a525ee5b24,0.003079123380131139
ck_4e9a6f06ab134102,0.015058227918300212
ck_b0d33b5a3716661d,0.006529819035595246
ck_8703543bf3134306,0.012276924022345564
ck_923d6a0f83accef1,0.014612444780596262
ck_52e37e2170532e2a,0.25209649293613123
ck_c1c5ea839c58958a,0.013370728729760148
ck_660f0006780e87e7,0.004754904128585964
ck_830b2c5d1818ac07,0.022998223465577013
ck_b080ff636932d1f1,0.000554567048176834
ck_38730aace405f2ae,0.9941101641862622
ck_9790138467a06223,0.0007953618710624924
ck_10de0b0d86b17839,0.0035081915177226724
ck_c3e37a4d3382c32e,0.0016866158108570929
ck_dd8edfefa1eba531,0.00047497357677235016
ck_8153cdadd300d234,0.0010136487062300868
ck_74d0e7c2c6b63d36,0.9243766287717348
ck_c478aae3031bb328,0.006016542315739124
ck_cf301f2194975866,0.017522148003646633
ck_f4de03f44e3a5bd5,0.003222093788545732
ck_b06ce826e593b210,0.032075542218451034
ck_2fc70b6baf6a0e26,0.004540250889389383
ck_d208494cf5c90047,0.023752057701009598
ck_086d29ccae565e5d,0.038072270198902816
ck_d5ef6dc116dee408,0.00791930100065109
ck_fdf0c5b722d83464,0.004137661993851262
ck_de8494b13adeffb5,0.0027291340268160184
ck_556786868599143b,0.013799956653858431
ck_4940e78cbdcfecf3,0.010985413912638292
ck_d32fbbfe32c00416,0.008773232943410035
ck_bc7710f7e9fae649,0.0037532630904344674
ck_416f7ac57da081a3,0.006697195031032376
ck_6fb39b60c67d5475,0.001196828315737514
ck_e40a156511345d6a,0.006255549576218491
ck_49ab879b5aa7fccd,0.075349089081405
ck_bb643194d1cbc47c,0.9922051553266693
ck_b3ce8f1bcedfa043,0.008080321335691441
ck_558ebde8c29132a4,0.010122123952868132
ck_e6222925762273b8,0.14359835375306157
ck_bd80546b4807dd59,0.006645248536175157
ck_bd21164bd2bbb635,0.008843467716951783
ck_ea835557d7043667,0.0024727216186226616
ck_1411a80a157ff39c,0.018285031430899868
ck_ab973888c20c9120,0.12381668387333071
ck_95b48972061abe82,0.0072255605917663345
ck_fc4a43f8876bf10f,0.5049348107730675
ck_f34fb7ccf82f41e5,0.011285767334835706
ck_5af9934a56801ac0,0.003049409237281114
ck_fc7445ec76389a58,0.6176545339516957
ck_1eeacc26f02fbba4,0.041601467369632675
ck_4f325dd15c9bd45c,0.017138354634826818
ck_5009a6c8bbaf15ba,0.015811520448001236
ck_0f3de7f074bb33af,0.005196754158693086
ck_2cbc2f93a32eede8,0.04482104871859502
ck_4bb90a61c21a303b,0.013520383974600874
ck_3ade9eac7d7b0dbf,0.15218622809217128
ck_4859a58629622915,0.015807309330765552
ck_5fed957287ebca03,0.004263764332554558
ck_ec01ae5351500355,0.0016449273184495667
ck_703b41624ae6a5b6,0.0012056306179618903
ck_97c38e7f61c27e47,0.011744022707660114
ck_db2c0908150cb2cc,0.02878042367639428
ck_64ac5e6fed86ab60,0.9795373494743373
ck_da1c853b0a061e83,0.040884082652802294
ck_9a36916b60178ded,0.5514027337000538
ck_3715bfa7fed2c675,0.0023183166747445
ck_dd3feb77d7d4f6d3,0.0016540302040645321
ck_982ebb24174a4ade,0.008236949481500094
ck_f6b7a10d47dd9a1f,0.006767365686794713
ck_1f56fe99f250cdf4,0.022019390993199005
ck_deb3ac0606d6f6db,0.010451373629531278
ck_e666629e5a41b39b,0.010111322914291381
ck_756d2c13d02b3e09,0.015082121950860065
ck_7bc752ae7cf5d55f,0.00906510317221959
ck_fc0cc4b25e6a8194,0.00823218319133179
ck_9b2b0e286de78a1b,0.014338112434522677
ck_24b0803447211bf3,0.012515151903797189
ck_82eed68d05a42128,0.008926939699492733
ck_c8a03c516ed5b05c,0.02649793134854886
ck_e914974cee1bccb1,0.02647690221100076
ck_0c533ff2d0f9962a,0.018698287948936094
ck_c12805fa5d970a83,0.0854470198258683
ck_fc2cb29918631f10,0.03235957221566307
ck_c20e89afe575549b,0.0017679624624057943
ck_e1ff9e31becc27ae,0.01971266046524163
ck_18116d0ac08f1996,0.883730733826922
ck_885a83975cea5e64,0.003019122100177139
ck_a0c3059a959ba5d1,0.015242173117435526
ck_75257ca7d7da2861,0.033170300050578624
ck_2210f7a0d13bdbef,0.08458617575720791
ck_9cbd9ecf8374f65f,0.003913144120872038
ck_18f67c00ba21fbde,0.005802771222526057
ck_2d28f14d3973d8fb,0.0014609346725797411
ck_8b3401b44aaae728,0.0015764363507527485
ck_9d8e9ef37797d3af,0.7877802986685424
ck_9f50920c894f64e1,0.006334597455147814
ck_4737e0d56c6fa0a1,0.04783089854298654
ck_52c311f29ca3aca9,0.000643709052199889
ck_6a4981bc721df37a,0.02683313734847518
ck_823539d936c55fc6,0.0015058419351552826
ck_df5aedb4118020bf,0.9576343091895165
ck_a911a066ff0f7b56,0.042522206088244176
ck_684609767df4a14b,0.04557044817632536
ck_f2350bf355dc919e,0.005624286777188992
ck_8452b6cf97c65a5e,0.007812907808030206
ck_084cd84501012218,0.7946666556109442
ck_ace6b72e5bf3e93b,0.15677822418096823
ck_2afdd69094c955c5,0.01670571689485627
ck_fa7d5be26bf7b31c,0.2527120377542173
ck_4b041217690fca2f,0.07870138284346755
ck_9fb8e3d38cdf276d,0.8900764239139518
ck_c1ee56d65a42f59f,0.023164746731367696
ck_fdeaa1cd085691f0,0.08542636597178825
ck_5de33a7a87e9aa62,0.04989881358518241
ck_7476e7fe1ff45545,0.009559708192412187
ck_b0a947b498e47018,0.012315628822521452
ck_e3894ed88a7977e4,0.001816570010844695
ck_c7e07ebfb0bc15f6,0.03922463338543999
ck_3a3daa8b376f2a18,0.001164446960506592
ck_87809324c2675b0a,0.016034899559471842
ck_7eb4f33260f1dcd4,0.0051068105390782055
ck_ab9f0e08af030060,0.015527138776562383
ck_5b8fc4a76f340797,0.021195138767957845
ck_0e7bf10ef49aa818,0.050786507517887304
ck_a44462a3853ac67e,0.9838839308051298
ck_2d14bcd2e0fc043d,0.005583761378659279
ck_df1f2dba802296be,0.9146854919530212
ck_466a7316eaf149b1,0.003322959590724072
ck_50df50af592b0c06,0.006810043876427811
ck_5f9e34c849704b95,0.000997737133589439
ck_7836bf6def26aa87,0.11774789038154296
ck_ba175b1bd8efaabf,0.004586171216007986
ck_1a0aac7f7b94b1be,0.341345130293792
ck_6768c4b2aa8ce586,0.016821000607393277
ck_eefcf0ed15897898,0.009168507706177971
ck_7a6cb27e390b6ceb,0.009223497536637908
ck_5275be4e1577c1c7,0.0038269417963447488
ck_6bc0e5b8c0b7d2bd,0.014967317918904955
ck_4874bdec79f9106c,0.01481509711336391
ck_a678731156ad7bd2,0.04822835704109426
ck_db906debc36a5d1e,0.021432311240178643
ck_e87897767c612942,0.0085481756169217
ck_45ed5ee496ef8a67,0.005982808320707143
ck_ae20e28f9854f3ee,0.018146132365585776
ck_9ee044b73943a90b,0.009591839761477686
ck_dab34cf6f0626c9b,0.02009062914197211
ck_64a02b7b96149810,0.0006233126684325915
ck_c417d06f3e94685d,0.006365809817038268
ck_3e0149cdee4cb294,0.008272657380109185
ck_0e6046fc30f81705,0.014266525334090018
ck_c383aeabd53e9c89,0.010898560052946954
ck_2ef76f1f36e8b869,0.13384629581653923
ck_43948784650bb9ac,0.010861279697194711
ck_bdb966f43ac350ee,0.020456052018710473
ck_5bea0e0ee0b094cd,0.00490405354822279
ck_dff090f03ca5529e,0.001684459853121502
ck_a4691b57f837d88e,0.005476827878192317
ck_99ee90946395d74d,0.7250899704780844
ck_cc81dbc83a8879fd,0.004603347265518559
ck_f3dc0725621b3a35,0.001630943990149849
ck_1bb212d1288b9689,0.025767007508623326
ck_9e7278fc7679f002,0.018789278182557483
ck_3ded7a8720d7e311,0.0031739873460342417
ck_798157bcdb9453e1,0.0011812425770066832
ck_9fba80f56f357fe1,0.005005199013873933
ck_f1e1c8491f16f912,0.002357339523353812
ck_7b1319a5ca2f63c6,0.9841600789964244
ck_124432fd5c92af7e,0.7424051229700386
ck_148cb0c723284dc0,0.010898920226408138
ck_b56c62c950eda009,0.0024368603874626365
ck_a0498755cd8d7188,0.0010881322353666182
ck_5379452a9d74efae,0.001787149329639096
ck_6c2453229d608183,0.01908044616549039
ck_f9d8b4813a88c1e6,0.004822047646723525
ck_c2c7d1e45a521857,0.01471905170127918
ck_4364a83a11743888,0.007853142486277893
ck_2cdf5fd97ba75e06,0.1510291842743533
ck_71bc01291e0533a0,0.019342558234590128
ck_a725d7aed2a0bdc2,0.001432988504900918
ck_a9b0c4dbd7db6a91,0.018469676505212643
ck_a4258806a533efa9,0.015835350296482868
ck_905e460591d9a278,0.03889226694064711
ck_20de8abfd8960ee3,0.019093814927715457
ck_252b0a0f1119b220,0.0010241330556770224
ck_95e4bef65c36af1a,0.0014097940378770572
ck_5ab68b434ad53fea,0.002927012494031058
ck_13677a1957078827,0.0008046111877330006
ck_d251e9fa09e542dd,0.993693503356301
ck_700cb620f300dd47,0.008279499373988274
ck_39a68c55a1bd3ace,0.1652749662465747
ck_61a59a7944d6c53e,0.4350876601557051
ck_db6d1c6d31da967a,0.0032035369516378934
ck_650020c500b1b50d,0.012283239674195232
ck_d812eb6930192793,0.0019601831998584764
ck_92f6ebc11ebca89b,0.04282357363746771
ck_d87e26eb5bc84b01,0.0014858579745370122
ck_66439e697695224c,0.0019928784464929698
ck_f21efd504faa654c,0.003160046994744134
ck_15eed0f5652f0352,0.0037374339093301664
ck_bcdbf57d98dc0d27,0.03762789332702216
ck_873ceb8004d3a9f7,0.023467457157824573
ck_70bef9ddd4bab005,0.0028613739192259037
ck_7560f1891d66f294,0.0008845945867285894
ck_f439f16f8693883f,0.008567243646087953
ck_14f9535e53f9c7a6,0.005477325887141895
ck_5984be472d2bc267,0.39254018674345914
ck_ed01be7504dc4187,0.029847361418288663
ck_dc3d8b5c17b67ae9,0.003478461569655023
ck_9dc23031b6b494af,0.05165962388985902
ck_fbdac0221bc03f66,0.013415357005299782
ck_863708a99b92ef0d,0.03736555567013163
ck_22b52654776a1ea8,0.8931468852928512
ck_a0714f98001efa0c,0.01741387588862512
ck_9c56114f84e9a541,0.005025228042432389
ck_e155cf506b2fb699,0.0018070335213231938
ck_65ed7e72f24731e7,0.0033014049431078782
ck_822d6e8e43befc72,0.9087812962867963
ck_b1182471d9ac6b26,0.0009995480764582684
ck_821446adc95e6da5,0.006160512514019345
ck_ff182f033134dbb8,0.017095147486546756
ck_9c5feef7647b0588,0.00648263288156193
ck_df935d8bdd44883e,0.010378539183189603
ck_01eb24c18ad11fca,0.02545805301448915
ck_00d6730134a1eb51,0.018448398130662836
ck_79ba8e85678d0224,0.0031002813852716417
ck_97e3b04a1350f6e4,0.008368826627402712
ck_74e9747954a46eaa,0.005313647194018083
ck_397d5fcc9972f909,0.04263635347703417
ck_9ede89e8a43c3f53,0.04451007383503891
ck_303b33910d67f306,0.003521612286274774
ck_3c17841636f6f7dc,0.03385727455481523
ck_78730527f8ba1438,0.14494941906359685
ck_5ee32bc6bb5d1d4c,0.07502103811699447
ck_a13fee8cd925d0dc,0.005591990672284774
ck_6f847263379f2e43,0.008804293166086361
ck_9b9d9e579e7b55b2,0.0457279720322572
ck_87c1d0a79e79c84b,0.012311580780816147
ck_bfc453eabb472f91,0.0042615387709346204
ck_978c21bb5fe3171e,0.031712533518434186
ck_dd882323474431d4,0.03985863974554521
ck_533c4f7400d5ab22,0.07058894830988265
ck_5f217bfe28954e75,0.9857042294032979
ck_ae96d35465b3b4bd,0.0069937417133085055
ck_512ebe97c0af94dd,0.03303434355891357
ck_f558fe02bb0219b8,0.010419701576664525
ck_84092e23d5ef4d51,0.023855130900007786
ck_17d3022ca12eacd7,0.005425498786016337
ck_8a8f81bf3558fd9c,0.001743355521066118
ck_0ada6fed1864e7c4,0.010033354394902766
ck_21fe7bc59dcd78fb,0.0034214344484866342
ck_e136e20c1c74fe38,0.009943990235202272
ck_e7a530e09d113dd7,0.3230792141287514
ck_7cb0c9ded4d63027,0.013816204936156684
ck_102db9615e722c9e,0.01993185623332363
ck_129e39ddfde92eeb,0.0011432119159753764
ck_d730ff21bfd7769d,0.0042466119214736
ck_54459b45d2be8459,0.0044103372125826185
ck_7f1c20319eb60aa6,0.9949723287907746
ck_939fede90473e412,0.0056132955970707695
ck_e0f9506a6d5f4a1a,0.0011487813567070183
ck_9a4967cdf49265cd,0.1284632327685038
ck_b9eaf03453ac7d5f,0.0041205468931736055
ck_522477be6376b450,0.002476397658070911
ck_9b6282e3bad50710,0.012035959168231188
ck_a0e3a2facd508e49,0.010824034855110796
ck_97ffae702f7c3d08,0.0036908955933646994
ck_344a95cb7115ec67,0.005540545497130577
ck_1f2760764afa45e8,0.007108379413629499
ck_720cd658d11ea428,0.024702710669077026
ck_04e32ee9834c088d,0.9064637125765985
ck_2bb1389e5e72c8f4,0.012902743146028356
ck_961e7dbc217cfbbc,0.0033083211356329254
ck_f3bce4eccfa6d6bb,0.0033842230823751623
ck_e0ccfa0d689339be,0.006217416956368502
ck_98217aeafa0bfefd,0.03629555976692413
ck_a02aeec1914c158a,0.0323067805118313
ck_20a17e8f206a14c8,0.0027573379548951377
ck_114c32aad4b6183f,0.21153466347426342
ck_79f5198f0decef20,0.0020665594661434554
ck_2209de229b4c71c5,0.012395032043810133
ck_6ee939b7f396975f,0.01137989342501931
ck_202f0c14b07ace01,0.03905397754298738
ck_fa24db9d416ab904,0.004495927407240278
ck_cf6aa24b92c4d33c,0.11858019948484841
ck_45f57fb8194cefc8,0.016846410180947572
ck_d5eb179dc45394c6,0.012826684421509374
ck_efb24be983342f75,0.011059539782139503
ck_245f5d62ead5ef28,0.01513509548997621
ck_15fe2a47fa7e92ea,0.0021438950091547055
ck_b6527a85fd682554,0.016608679975177714
ck_11f9390a11ce9ff5,0.019372500147124928
ck_ffb4d892c5158201,0.0010307884683582514
ck_d4c1da5a1427fd6a,0.08582816355846308
ck_2c041b1efb1c5063,0.00467334048079459
ck_ecc18f40b33be769,0.06530584029320531
ck_0525349f3945375b,0.046232035843198044
ck_0bfe62e0c7eab9c9,0.016037452728716168
ck_b7c37d410b1646c2,0.004947502926106671
ck_4b15b0746318cf42,0.09984022463822836
ck_e5ee006ecd8ff661,0.01435872230991998
ck_ccc83cf66365357b,0.02849419234034841
ck_34a33ffe8339f66d,0.9794567248360402
ck_4e39e3b165edab58,0.8040459262626186
ck_1a71f8081ae00190,0.9821050898511293
ck_ed8f1200fc049c40,0.9403154091936701
ck_8a5a57858e8c77f3,0.02093044085055107
ck_fff9fdc2adf5100b,0.9464825919391611
ck_c76f1bf40f3b787b,0.001060882778558252
ck_1a6ddfeef82b1b1a,0.003798483721641947
ck_478d2667aa9896d9,0.0032109575706282976
ck_641c8e7694b21f3b,0.009091592466938293
ck_293581d879f6663b,0.7265661156689068
ck_1bfa8abdb22be8f0,0.014821915171530111
ck_05ab5b03d0bf9ce4,0.20753578360618583
ck_35694db37f0cde7a,0.0007589668324388422
ck_fe33eb743d714c03,0.008553147167740882
ck_abd10fbcbaf2b038,0.003971756244763732
ck_46d51648c1bf80e5,0.18172397228767684
ck_5c8390017fabfaef,0.018303918908463716
ck_87d55ca333f22072,0.0006174634091003948
ck_c39c6a1453e2b92c,0.0009229583077100666
ck_69ff1b0aa143a168,0.0009942824212496027
ck_e57c79eaab35ded7,0.0010715363908305998
ck_463ae759e2b6ad1d,0.012668736914568938
ck_0dae4a7eb587f3ba,0.02373759279608788
ck_9b12fb56529ebc4e,0.013032014668220826
ck_1af547077ba2dd03,0.15737701913803606
ck_de13de941bebc7cf,0.0005699931104752716
ck_83dde7da2bf647ac,0.0012043664376790789
ck_c80a94d4660041fe,0.03247226878354679
ck_f39cfeb277ef6528,0.0008117182374020119
ck_1cec1ed1512a2d3d,0.0032900671875887625
ck_7955a359b6448799,0.0017940408020996044
ck_8c0955dad13c3ca1,0.0021747568609275783
ck_6d4cd2de601a2308,0.008155226463373046
ck_f4536ba8dd2d551d,0.012571438894923412
ck_b379c198d6db2d62,0.014194403432620526
ck_76ea90ebc74bcdc7,0.01506803727287831
ck_734f06bd4aa92781,0.012757315524997547
ck_677e1d0c14cbf569,0.0013051582899125795
ck_259271c70f3fbcbe,0.02824766048190035
ck_c0b744eb9e7d4eb7,0.017380477387128626
ck_3d41faeb96802f68,0.0019901670076696593
ck_8f604fa70fc3c8e3,0.005548501716096048
ck_0b3c3bea0e0ed339,0.00986597624738379
ck_be5df076b8a86409,0.0020682256698995065
ck_6a475fe324d7d790,0.020643316792943744
ck_3ba3fa5387bacee8,0.0008551364945459803
ck_324b9939d9c1c31e,0.005331367856067796
ck_a7fcf7b592f68ca1,0.014991364788635803
ck_5b2728f7cca414ae,0.0008031608990383716
ck_5f4a25ffd0b85a47,0.012594988085555042
ck_63d4f5076fe4406e,0.002984514677909427
ck_af528d66c86f0cb8,0.23291130476810942
ck_ac7cdb9b8da7b5dd,0.019376481614892353
ck_3bece63711407e25,0.01745951363997531
ck_d4e0b2a12fcfc35e,0.005471370202222284
ck_ee3e7c9d3a9c74b4,0.04501772316392002
ck_50d7c4dab837bf66,0.003278955321157398
ck_ebcb93a2990fc914,0.04610900558861232
ck_2329cc9702cdf7a0,0.028178654553296646
ck_db1fa53d588bf99e,0.009058176978046782
ck_44e57a0bad5a0745,0.00925492172280413
ck_472c81a144f4631b,0.0017563932198675022
ck_1658429acd5306ba,0.008309717673072314
ck_466103ec5bd9444b,0.013219099600691214
ck_9757163e25262b74,0.012133238081813774
ck_34ed59bc2c9b0186,0.0051230357856409964
ck_b7bd3a7f263f4f29,0.197721505060719
ck_149662b09d632e41,0.007147600410885154
ck_a9ffd6b3957bd41e,0.002111078228000608
ck_ab80466ef615e85c,0.0009628133709558685
ck_f2c824d3473db24c,0.004961051145411436
ck_a4a01fd45936b078,0.018053126332504183
ck_8f6ce158c2902877,0.000743509261726447
ck_5189a302cfa7cefd,0.0005637910288042877
ck_430a3d03be588201,0.008064619908039465
ck_b5f9dd00914b4db4,0.003087993936099298
ck_52dec82e9cf6135a,0.0029252750896647654
ck_95e444a01e2ab4a5,0.01597295560373996
ck_e37cee7b123692af,0.024289181663700248
ck_d68d42858a55adff,0.031395194024807935
ck_3abfc010091d679d,0.02182954166583454
ck_cee4e4e1b62bf82f,0.014333504743240624
ck_9ccb17c35e636c5e,0.00794360550605222
ck_f72a5a3b0d6c1177,0.0014837406203808284
ck_7508aa554fae6afb,0.04262420351269847
ck_003aa842b7ca1d77,0.448776509497231
ck_83b2b192f41ee2bc,0.2910561657430254
ck_64796b6b2c3c7f06,0.024446450347386312
ck_6438ae81d43cb196,0.0031908877916494507
ck_2bd73d9098504760,0.039726369382849
ck_aa8b9b36a099e4c8,0.007079633046349463
ck_e5ece47d0dd10526,0.00557510590770793
ck_16077ac345472e6a,0.004293712750656128
ck_a4d6e152b0076964,0.002708606516741133
ck_d90b1d03ae151f62,0.01226286169672856
ck_18b36d342b530af4,0.002939004957747615
ck_2a01e610348b84f8,0.06991353787816854
ck_0a93ed76bf36c8b6,0.007064165183225443
ck_3d56b477fe2370b6,0.027143856607122412
ck_17ab3068fa303682,0.002380537846155326
ck_592a3520d841d11b,0.00745317695889384
ck_84d07028b5fca2f6,0.006802902366187513
ck_f4a2bb10afa85743,0.005145670784617223
ck_4fe4b072f03f2c1e,0.0019056062802903129
ck_9ad08fcc183ea1e7,0.0007651510458359133
ck_130d3848b9dcdb05,0.008870656595945528
ck_bb399ed6bf28c230,0.013484310007252975
ck_a31a64a39a2c4941,0.0018547458286148608
ck_c49f25dfb39909cf,0.004033198353550821
ck_55f50a9ae2db8ff7,0.003080095737793044
ck_09faa4e771cf876b,0.003898956889563942
ck_df520a7a6e405889,0.06997997895117528
ck_8c8c98cc694ac900,0.012405071450957319
ck_7f0c4f609673ef62,0.013690114123013308
ck_f51fe59cd445d2cb,0.005411489459666805
ck_b3fb83f0d772a831,0.01180819770253422
ck_d6e7e257751c299b,0.002678673614017342
ck_0d362ddb4a1cb6d4,0.008894855630982485
ck_a574a08edaf81781,0.0016456778834936456
ck_a823f5bcb0e4b9df,0.0006144873462290543
ck_f792586ad0381eac,0.019200292575789764
ck_54bfd70022c66983,0.007599167490747868
ck_fe0a9372c9372de9,0.0043803066983582484
ck_5691cd6fdb6d8147,0.008699798401092525
ck_a95f212a02433d23,0.004179943848571354
ck_f5adad75e1c06731,0.04015477290838537
ck_e09c97520eb0533c,0.005713124816510888
ck_a1e13c0d58560340,0.0008679813610179652
ck_cacc2ca410cbe80b,0.010438793229976857
ck_c0dde2a6ef1e08c5,0.00218478815942051
ck_a04403073c90ce38,0.000982863158093316
ck_03d3026107175dae,0.01743964669996371
ck_50176dae5b1b716d,0.004478063071805868
ck_6c084bfcb38e96c3,0.01932958493107951
ck_36d2be9012f7909e,0.02085420577294738
ck_958acf84c6137a22,0.019922189178836834
ck_114722e12db90a73,0.004490231960502861
ck_203c2a22c0c165ac,0.0054936676161400615
ck_2c44ca550e5cfa82,0.02494859808488803
ck_df0a8f20ab8f14f4,0.02455143258532496
ck_826a27ff7555192e,0.013445508541869461
ck_09a988ebcf062297,0.027473075594875496
ck_5c82444b3b9160ae,0.007137808359022775
ck_f6a4a7ed27fe76fc,0.024183144236816306
ck_17de46314b5c6a92,0.008622591418052519
ck_335e63101b1e6c4c,0.2809130211769091
ck_c5eefc0697451de9,0.01519348581717333
ck_49a0efb5d4067b6f,0.22695913546848212
ck_c1f4509c8f5dac5c,0.002624012639638757
ck_57658eda1c59bc52,0.003087164443379378
ck_0d5c0736ec76385a,0.0005562534708792242
ck_e0239e6ae30795a7,0.03998801059274396
ck_e4459115cd8e5e4f,0.0031617320734918255
ck_bb4aec09d4968dda,0.09622991864769152
ck_a1b4c96faed3e0db,0.03427858849507383
ck_8247b79ac67aae7d,0.007397819259095878
ck_fe2fc7d6e5d83f09,0.0025505956452149085
ck_f6aea576cde8d592,0.00122151690526173
ck_b7e7f7d0cd886412,0.04731939476722326
ck_ca7b993e8286af7f,0.3545941068605643
ck_47de038381a9cd65,0.01071885354712917
ck_d38f941d09eec820,0.04620795850929574
ck_d9ba2a6c0d926b4d,0.0019312028560587034
ck_cda72f597330d0f3,0.0026209365208461005
ck_16d2d27fadeeacf7,0.005414966891973816
ck_be05447853d423a9,0.000855465658128288
ck_cd92852d7376a4a8,0.0007789695250151943
ck_2faf7ecccc9fec58,0.0005527890635499534
ck_db8733fd92f20cd7,0.00535784907526322
ck_a9989a3a94c26634,0.016271474505596628
ck_957fb25437c75e41,0.018836074902062346
ck_e6a6caf6e7de17c2,0.002198418207203251
ck_f7bc569b37e8bdda,0.008224641457913181
ck_703b375dd86a6124,0.0372218596481314
ck_d3cfb3603f2c6ca3,0.042272062735473695
ck_07cb2b6f2a4303e1,0.014204335561571715
ck_31631e2028d4f855,0.00708877277209994
ck_1631bab0ba1256db,0.02162691069443912
ck_5fdafeaec036f016,0.019204658786745203
ck_6eda4c36aecad602,0.001476783498994931
ck_bd1bf9e3e29de281,0.018247200826320586
ck_bf378ea558a4125f,0.5104799442544155
ck_7aa2deeda0e57412,0.993031000112984
ck_d229cf7f5a3f38ca,0.005436255836423655
ck_9e109edd124492a5,0.0016412372476113939
ck_779491819995625d,0.8419983365019954
ck_b89c6fa2ad0a12f5,0.022467195597027735
ck_1d01b4a609918c4e,0.890865003739471
ck_714c5d7cb17bc9f2,0.010798958140723338
ck_269f1746f2609ed4,0.006711947168528064
ck_4be03a2aa62b93c7,0.0009786435424398979
ck_cf920313f6dd28fa,0.013683333989778964
ck_fb00aae4e17740c5,0.003195457496381502
ck_085d8c42739e2b10,0.9931693792343118
ck_c72a7d0d03cf3e17,0.1364918189500788
ck_8f6ca5d3b17eac6e,0.0037707564059617734
ck_d9573100bbff4014,0.2563855052110772
ck_79d6793d1d0cf43c,0.001083687929892227
ck_91fa5032f7aff0f1,0.1065645901773393
ck_87110d84872c0fed,0.012720583282092756
ck_8220da627e9992a5,0.0018616583263997232
ck_2ae44938847f3852,0.005763033567668989
ck_b0f191e44f9b6f35,0.013283293274260605
ck_3049d744b527f4d0,0.002870673848832055
ck_47d3e8d1dd3fbcef,0.013830181502770053
ck_ddf787359d2b5deb,0.0008027911224219045
ck_b27a9e39726b26d9,0.002161497454599558
ck_80c4e9274cf976b6,0.9918077034603219
ck_c6afa913168ce8fa,0.004169295717124496
ck_52427b3f8478db19,0.02765985014264778
ck_3b810f15ca0eaa55,0.003352369588667628
ck_0c9e420f97baaa06,0.7358987252044692
ck_f8540cf3a8b2f8c9,0.05375524073944864
ck_1402d24dd623df72,0.009678466972604067
ck_eb4f4267e24d042c,0.001315931757594397
ck_6f661b428d6fb8e4,0.03314101404743916
ck_519a26ecf3d29c90,0.001798849275820577
ck_e886ba71d4a6fd73,0.00881173500715736
ck_437f9ecd2016a1a8,0.00171496835643341
ck_f01af1b0c977cc06,0.0036562287735655502
ck_614f777c2eb5d537,0.001186513046565765
ck_b804e784cde9af8b,0.010987573789332624
ck_c2dccbc1b24b137b,0.07262327038918821
ck_1df4a1781a0f6999,0.029019368962231902
ck_bd2cdd53fca26171,0.0038517519085221412
ck_424c254249a109f0,0.015073884590537292
ck_cf2ca4f286e289ba,0.09865909466286754
ck_6c33cb15b0d8af54,0.015775474821883732
ck_311d395fa9b8550a,0.007261334967259704
ck_9f792e7e721ff7f1,0.0018727617953115598
ck_4c37586080edb7fd,0.002130493444299517
ck_7c4f42c5397113b0,0.009707587388156951
ck_fc418f53ce4aa579,0.9378305140599064
ck_1ba28fb7ef726ce2,0.005269179893171084
ck_d932f98bf6b83956,0.0630011833220703
ck_248b3659a9239240,0.015348501133446579
ck_6a92cf5f4cf5de38,0.012849127494363736
ck_65519d0fb137e0c5,0.0024499036300560982
ck_ddc3fc99eaba2064,0.10299968489776049
ck_7310cda3bc65a73f,0.007633143649038129
ck_c01c85bd631d4054,0.005447693062305167
ck_b4954d16b9749829,0.004890494538544635
ck_f301f6758e170d66,0.01175392249941535
ck_9bf95f8c47e7c7b4,0.00858786047508652
ck_c91b7fccf6aeb4a5,0.03841849415403155
ck_785fa45e86bc5e95,0.007854144195672725
ck_2a65f1cc23f1180e,0.0014609640641212493
ck_a49a2c1f881a3560,0.0025508359782504624
ck_def344d68f06d749,0.014388092396676691
ck_abbd1465fc730d78,0.0029906492240655055
ck_07a5610ed28162fb,0.008448966108460377
ck_7ecdee2d7127be8b,0.004691029817516074
ck_67858bc00e81490d,0.0007414569061818877
ck_b4ad165ace910222,0.006091576427732115
ck_30753ffe481a1b8c,0.30764911097686176
ck_c401a26725b17177,0.0009472487469430012
ck_819988d8a7f26415,0.0028990971299172053
ck_3364a1d9261b3638,0.0013413427606623611
ck_c484c5bda389bf20,0.000934865106006842
ck_ae416325fef92c9d,0.9649836946683182
ck_5517b9a865960542,0.0028770366754472753
ck_a0e96fed380440b2,0.005851839839911402
ck_e83409471d2b0b44,0.01331117192436175
ck_127273af97d7827d,0.006159469952365602
ck_aaa9861c91bd14dd,0.00800366199815587
ck_a378c58294001a36,0.9215854015970599
ck_abb9d65ff1f95b64,0.02111134634506384
ck_a5ecbefa849ae569,0.012836190113098311
ck_aa9953c0ca2bed7b,0.0009061324781158748
ck_40bc6de252865f32,0.0036527564548478495
ck_9fb11688dcfe1513,0.005314375683611288
ck_ba68841ca2ba073d,0.015425284963495675
ck_1d3e561a7d20be0a,0.9864952208329049
ck_99a92d710a29c1d0,0.0015295977793417677
ck_ede2e887697ffac0,0.001422312701537504
ck_e6de67c0d82a7b83,0.011388133221088812
ck_6b38763bf5ddbcef,0.008085913477161744
ck_8dd44eead7d765a5,0.016384200548081727
ck_30bf5b0056eea9e9,0.23831054739552435
ck_2981d16f8a51a8ed,0.01207919922612342
ck_fc60f42c68c7024f,0.01786536553830987
ck_8e2b2251ee224aa4,0.009300359230469285
ck_1906f0dfaf6e9bad,0.33064116490938805
ck_dcbe6814fc4ca0b4,0.029799420995373232
ck_f7e958a286ae3b57,0.0026270878883892118
ck_713649668a7ca824,0.011399273391158742
ck_6f73cdbf9305e2ea,0.031765068001636185
ck_dd1c490050cd9051,0.015152408970861073
ck_e30db36e376606f7,0.04045539725757656
ck_740d8fe8028b5a2e,0.005523048631408173
ck_ebbc9418cd41f692,0.002480308738957211
ck_7b3cc6cc3f250f39,0.00948369437487934
ck_1d30eef7110809e5,0.28078160471688596
ck_77e0589ab339ca66,0.005516729414564684
ck_15ccbf8ff7d14086,0.005466648280973818
ck_246989b0c288664f,0.021600643031541297
ck_fc2a6e27b10b10e9,0.000767892177031186
ck_8afc1112c12f5402,0.007932827539419913
ck_a76e8d83b9141364,0.02334528487498107
ck_51d3e8dd7465c015,0.003123262456365355
ck_e7b4016909405981,0.001301141013152008
ck_e7a3cfb9bf908e80,0.015215564599372322
ck_2bb49dc2388cdc1e,0.0024749901763551326
ck_94f4266ee7871345,0.015960456630403873
ck_b2c896beec146477,0.014388176727307977
ck_fcf5d4a4748cdd53,0.0023125159937708076
ck_fd0483639811f62e,0.23682896590140573
ck_9a21d183524734aa,0.04885593579595458
ck_1df4b46c0a4c317d,0.030281738755647925
ck_638df9e8a22dfe0b,0.00207742917454909
ck_65acc43a6dc3e65d,0.0020075805316823337
ck_7c67b73196e3d0d9,0.004768014383893583
ck_b0ee3a98175b462d,0.0034674660609896194
ck_20fad010969f1abf,0.003264632684661323
ck_54b087bd873af8b8,0.0068603023110013735
ck_8007824431fa803b,0.0019967746302862214
ck_23aab322810b9fec,0.00616851897763439
ck_c8001bdb9aafc8a6,0.010433984706829167
ck_3a34c3ac83cf84b3,0.002431733983465126
ck_60187ac2c473a662,0.9786872913524867
ck_6a0ccd7357979f0f,0.03948965227437531
ck_27f20337bef5ffe0,0.023300733958036845
ck_f9fc468915afe49c,0.021433422825223064
ck_1eabc15a94bd9009,0.012588206043397781
ck_26896c494b2768ef,0.0055894646137906265
ck_348c874eaf0354f4,0.0061287060148503755
ck_be9c46acd216b45d,0.0631954038476274
ck_a3cce46d15cc20a2,0.05737578359442663
ck_70804f60d9704128,0.10391958292193682
ck_a019151ca8e7527a,0.06322916568483557
ck_571133b2aa8ead51,0.021500689856572837
ck_0afa4449f20d5196,0.002498536225458061
ck_4d503c41cf4e5034,0.007420811407241707
ck_d6fb9cc5171e3e9b,0.5548827305253246
ck_05ed92a7c3e10e5d,0.007155695574803602
ck_bfb067986660afe3,0.030019873693192294
ck_c1a31690c8573226,0.004209125382204683
ck_cb88ef3dc1f42225,0.004457548902856752
ck_21e3b3bd998745e5,0.004207243996860351
ck_cf52e46fa54e4540,0.0006606695755218806
ck_b72c7ac4208052ab,0.021325249154995667
ck_e6465c56b337e6c2,0.004938118501082559
ck_5f87eb05d18186c0,0.017715334822169734
ck_263f6c5ff26b5e98,0.0023583008647175274
ck_e0b7e2c0bbe228d9,0.0009375006179816179
ck_b657ae3c146cb7bd,0.004377386412259088
ck_abac514d8167ea58,0.09090935271127533
ck_024dcab126876002,0.007592661315670862
ck_5d8481e2b38bd99d,0.014693858830508425
ck_edf229c17d25dac1,0.24369090343066685
ck_6cb7c97b72d6b5d3,0.006267426484781684
ck_c96ae2c28086a059,0.004703864952178267
ck_2f241b97c0f8389e,0.023796210881036013
ck_9158bdbb63ee8987,0.005142551026232651
ck_e7b40b60786c1530,0.0038171120700174954
ck_66d38518f68e6194,0.0008810748334710452
ck_8c9b57ad2a991416,0.003458586453829839
ck_cc91bd7152d3e9ba,0.016306021333751565
ck_0d846660c7957a88,0.004850940665168185
ck_60896cdac2212bea,0.052339806853960835
ck_dc4db8b932df49de,0.031357643170920324
ck_2dc31db181150e20,0.005995003192610022
ck_2f138fce1171e277,0.004652539001888412
ck_68b8b859a6ef505b,0.024723940367144426
ck_c3fe0c6c5e1f40f6,0.0027122723643330307
ck_15886fe84866de92,0.021096384061101238
ck_ea269b35406473e8,0.0016555863174626858
ck_3ce7cad1f69b71d6,0.017212877094462405
ck_054ed4288ee58d6e,0.024899888714915674
ck_3d4913a86f207fee,0.07292072439031001
ck_23ff85f9d2355e8d,0.014445667249144705
ck_d87ab3261322216a,0.0005673668710651468
ck_fac046ce336fe39d,0.005514262962544191
ck_beb97e498e6cf8e8,0.03061276321024008
ck_1f517e0ebf397b51,0.003769369977002712
ck_0af57ebaa45877a1,0.003039214122084205
ck_f99bc1732ce5e999,0.03227469231731023
ck_abb056a9deab275a,0.01596770045032555
ck_0bfc394c5faa65cb,0.015770114023665502
ck_ddc865af1dd5670e,0.03365047499554963
ck_68b5542459638b56,0.023395543094425895
ck_0b1d84252c0b46c2,0.002754351571205121
ck_520ec32c4f253604,0.02003436200290641
ck_79ffcfee599d77c7,0.014287134423824423
ck_eb224c0fd146253f,0.05339548448039002
ck_0e477084434da450,0.009352858934212517
ck_07840bba5570785b,0.019957616472001716
ck_6b67fe8e310ab865,0.008614485623350219
ck_e2a1068c2fa22525,0.014515295182937194
ck_b9c6b32f6bd92a3c,0.004365826417665231
ck_c1e7d1021ae58f00,0.0009661410648210671
ck_5d7801201749ffde,0.01983432379724592
ck_c8806749e263f70b,0.0008945937293709455
ck_c9eeab826781dc91,0.012505494021678748
ck_309a432c160a17b3,0.005670837038789202
ck_b22e3337b8e3dbb2,0.006931671462583856
ck_79c30169c71b8033,0.9574023867234767
ck_5a6593d954085775,0.00304467781290762
ck_70b9b79ea1aacba8,0.012891580381223405
ck_63743141ffa11f45,0.005355253559116324
ck_dfd3dbd0d97a642b,0.00534238260526694
ck_635646a661f05b4a,0.026601256869224366
ck_4b123d6931b6d0d7,0.12553875484516536
ck_f2b0e7a47f442557,0.8987136065788774
ck_1b1df006b81d38ba,0.005310129709349731
ck_360237c1bd30f4bd,0.0020932356675580697
ck_5e84bca0e362da20,0.013396029672719283
ck_142dba210ed2f3b5,0.029290173616865707
ck_a3564236069e3524,0.06563838291171287
ck_cf36d8b070ded782,0.010299319418483322
ck_ddd6625c5eddad70,0.0011609904312751686
ck_ad54292a0b2f44ef,0.021909557496070122
ck_45cd5ef6b359e9b4,0.0034519711737327485
ck_982c2392238b7be3,0.5691089861474727
ck_083e4ac78685c3bb,0.010415743440919056
ck_729cc0b46cc2e546,0.4027068248724115
ck_f2b8995fe5402759,0.0058501071804737265
ck_73e24f5a8da289b3,0.051373208600810905
ck_bd85f30c36f5998d,0.028782568423382948
ck_ee4ff3aeadf912c1,0.003961742772672533
ck_63d2978706e193d2,0.043534569301620335
ck_6a0684436a1e66c3,0.20787221083325372
ck_182dc4a2f5a366da,0.0010261226889463032
ck_e6fecb82fc2a82de,0.00678313920424881
ck_cfb06f07394dfe64,0.0005623907008957378
ck_7bbe1dc8add17ef0,0.011799055761223582
ck_5cacad76e02c8e3d,0.9882446324688562
ck_ca68dec0c7df5a12,0.0038262630930486095
ck_e4c0fc52c82065d3,0.005515310150158037
ck_f9197b070416f443,0.006248112695528397
ck_2a07c7021b71cf65,0.009121212508411115
ck_4fa85cebf707de2c,0.0011519154884062296
ck_0063d2a9507467e5,0.008354750058284056
ck_ec986285fff05b7d,0.0009527668919239466
ck_279d43303708109b,0.011584072467103195
ck_a406bf11e48cf8c5,0.08956897680309038
ck_064b2aa3f0bfdb6e,0.008082915463482606
ck_95790440bc4bd2d0,0.006849606288726409
ck_70066eea13b4c34f,0.00991598992274326
ck_19468fe07e26f992,0.9892153491282427
ck_86bfe328e0a533b9,0.8655784077408155
ck_ace3b96c977a7560,0.01630170910312813
ck_642344e5c652d8df,0.012282889141602495
ck_074be35c951ae10a,0.022309949811447842
ck_f14dce41036486a3,0.9905630612974171
ck_5cf67a3a747e684d,0.011219287454827396
ck_f7285b92648c1c81,0.0014476078386400663
ck_bef3193f124fca5c,0.07019591576919298
ck_05c4dcbb45de1f8d,0.0010918650111375128
ck_d7c28eaa05bb7144,0.0033738327078143685
ck_320df984791a1b99,0.0039335987764973785
ck_f45bad1606fa00a7,0.008522328020651814
ck_6f81c199e986d9fc,0.008104198497412375
ck_d0c9633fed57c344,0.006480936513733014
ck_a3c25d6cc7478068,0.0030026616458179705
ck_4185506d12cf9fa0,0.0011522096107232985
ck_7a02ee1bfba7353b,0.018008107442300574
ck_1b52590757c0fbeb,0.013441680145668633
ck_a0e5656e1cf9cbf5,0.0013406427974738827
ck_ace21f6daef94f6e,0.0041471562785826924
ck_646d8d0834782d6a,0.13694332799617795
ck_1f136a4476b5e775,0.009846446891246183
ck_325c7643cce02da3,0.06458309280884196
ck_9b5e7fe28208f5d1,0.006570903170492829
ck_05d81b1a150f31c5,0.001313513706947721
ck_0e9ec486bff403c5,0.015768835230270072
ck_ee13c091bc379188,0.013347812047998153
ck_f7a7f8f5903617c5,0.014739179647921642
ck_96c3a3517153390e,0.009720883750087686
ck_538dad7f096458ad,0.00973099325010288
ck_8758fc6622bbb7df,0.030475949362194575
ck_f7e53af3c91fec64,0.01034898958760804
ck_80b50fad7f255e1d,0.0014598021507947565
ck_9645e7adc08631b5,0.015337588435633384
ck_e007aedbf37d6ec7,0.008636170428470273
ck_2951d76c41de2569,0.039441711647607146
ck_9439bff87e616d4a,0.0024297199759490797
ck_a73045e96af0e4fe,0.008143117916199441
ck_7b382e533e2e925a,0.02846323610806839
ck_730226c2d216cacc,0.006648787553557939
ck_bdf837d761a7cec2,0.2948864361756452
ck_0b34197335ba3341,0.02882794128291269
ck_49170c4b31a20f5c,0.0007791202781652275
ck_cd553ba6589d8bfd,0.009221343973412358
ck_56b992c6f136fa5e,0.009556568467552385
ck_8beae3d7328fa41a,0.06482459953751088
ck_1a065ea906ae3d6a,0.001662931830156969
ck_e9e3381d5e0e5051,0.0016776854488781909
ck_a6d4f998dadc90c2,0.9198480936933289
ck_d36733da917115a6,0.03112898206223571
ck_e738e920bbd74a7d,0.024969578253462847
ck_af65eb885a51048d,0.000534256145970708
ck_73f4eb09af29b1c0,0.03434703045489872
ck_8fc641b1750a2542,0.13212138333586235
ck_41b954c7a948c060,0.002633642095163382
ck_25fc3010e8a0f6d7,0.0029530761620977083
ck_a2624e0387974e0e,0.01180771348509033
ck_5cb9d7b2329d5ab6,0.017888859708721568
ck_6c83aa1d100a7cd8,0.0727233128240604
ck_67025c64588abd1e,0.001852091219951827
ck_f5dde68f6f0468e1,0.002100723459728176
ck_46bfb2cfc29a6d2e,0.008864954878651929
ck_49dddb894d33f6db,0.06513082189714714
ck_f738b633b8862d18,0.0003184487482708778
ck_3d6c3c00d854f5a4,0.12404962292770172
ck_cdb8061d8d1a6c5f,0.004303634003771917
ck_5e1b81848718bdc3,0.008943492560854749
ck_8def763034187436,0.010782336239919546
ck_8f8e4fb9c6190272,0.0031373537058905026
ck_368b968b5f33431e,0.0008266916353381835
ck_ba7e347251ea399b,0.01605877351108455
ck_9075432001a64e75,0.024744325953830824
ck_73c5371635aca173,0.8385680771756657
ck_81793387b38047cc,0.0019055628488218763
ck_0cf220816e320ac5,0.0032454898792344416
ck_820219bb9c761b52,0.16594600495433554
ck_70a932ab39d86a24,0.0008183354487371064
ck_2c4be237a7ed79c7,0.0018401803135385294
ck_acc764b49ef02826,0.7999493570189256
ck_74c3c3452e4e7cce,0.0015894965415368823
ck_34dfb57e5bf31d2f,0.020961266647028232
ck_6ec39903f765956d,0.04252275391640847
ck_5986119e7d81e831,0.008512846178033658
ck_2ddfc948b8eac752,0.313741644062681
ck_921ff5ceaf40a968,0.04193892760200348
ck_fb3b68b4424b5f92,0.02946925750183636
ck_c3db1b3ad4f16679,0.006888137727025362
ck_124a197be41687f5,0.02456075537444493
ck_c58d9151834f5bad,0.009134412829543194
ck_389607982eb6b701,0.8448024745208379
ck_fb0c138c003e933a,0.0010323827531761767
ck_50d0bb7edd8c69c0,0.052977278178084244
ck_c6cb651149dc9a8a,0.0011672539143688795
ck_81e21354e477eceb,0.028143874764231264
ck_7696e38b3e4197b0,0.006338078767686986
ck_586001d3ed9e7fbc,0.0016228295057517605
ck_bba413492dc46f2a,0.005277750052799849
ck_95b894380ad2702a,0.035495524239286244
ck_277621473369614f,0.9955778374233987
ck_a50621b5eeca84b4,0.0005395902041169887
ck_bfa7ba218b988cde,0.02050492437947194
ck_5ea89567dfe78e4b,0.009041546215793733
ck_6c679602a6476ab2,0.0030754695000113296
ck_d3885e286b3b11d2,0.07104713372693484
ck_cdcf6671b37c9c92,0.009725457669732636
ck_b5c93e6d34f8d366,0.0014542330782495124
ck_c24f61925dc158d5,0.14734600485580698
ck_cd09375e6c81d2c4,0.013224463672952278
ck_a95afc7a00303a26,0.01100366168167394
ck_8e89ca8b39f3f8ad,0.0023401075097805547
ck_9a84b396aada3fa8,0.018350152101054763
ck_5124a2e415384945,0.020246497817468213
ck_d66bb1f063357f99,0.004559453861538202
ck_0fd9312411b0ac55,0.021210596491568215
ck_ad8cbe6e27e47ede,0.030067205968575705
ck_8398adeaf41f9cae,0.008758981624381124
ck_dcf851e7bb5855d0,0.003786543367586636
ck_9affb0f26776b642,0.0018280038690481574
ck_f0424b3b36bdbef0,0.03625980908791988
ck_66746d1090d6d9e9,0.0010913702159933902
ck_e5f8c8a5824db594,0.022891227579465177
ck_3e91dcc209431984,0.02583920690200071
ck_126a82e8d42e5ce6,0.003031445293863373
ck_38e4a74ab256e2eb,0.012844323591415694
ck_1225a97fc413a419,0.03475888815084795
ck_9b5ec0f78e160e65,0.0018692813616434643
ck_7c5529bcc079600b,0.007946555183574653
ck_29640fc2fe81c251,0.49080721376362135
ck_160e9ba0a3f7c1fd,0.00219639849826343
ck_bff090cb4ab76b9f,0.007222474392758896
ck_aa06ed358e43db69,0.067414412339368
ck_7264486eb512d84a,0.002011536924332964
ck_f5a32e6160b28379,0.0018390347281677058
ck_4ba8bec14c2217e1,0.004999645877609315
ck_610815786d729d2f,0.0484055025029378
ck_e267999226b6321b,0.0007468823094727005
ck_f3996a3c8eea1ea0,0.008474413169150125
ck_e9b75ed7567a3f23,0.018405318546134346
ck_d21612d48bb4f7b8,0.023662511044135866
ck_1f871df76c6a995b,0.08311209402273749
ck_953bd5de48ccd70f,0.6830759930233359
ck_02a9104419a6dbaf,0.008804649573436569
ck_1eeeee651e05d535,0.03784837788673846
ck_e2ab04136a442a98,0.002665143600383621
ck_f0d806624ef3d359,0.006477754815933855
ck_4b68b38c1b3326a3,0.0029864052265466115
ck_74e60495f8861156,0.009199134212010554
ck_398f3f4cf05c721b,0.0011881499322776705
ck_f761b7650a0c1a85,0.00886639047406846
ck_7dadef33f5e2d94f,0.9908956542387479
ck_6ff6883633b8c7ba,0.000918362863397587
ck_4d2159603045109e,0.009829828327228418
ck_a38bd07a5fac5c9a,0.0015662716548240918
ck_f517f06551e69507,0.0045916000937025695
ck_a7ea00a1760ad561,0.9940927535383788
ck_31fc51d5a3dfe16a,0.014003104668762223
ck_bac5233623b25ca4,0.0047374226703177855
ck_385188ab27784fe3,0.04661379190651315
ck_9947a323bab5cacd,0.08648370899960836
ck_7973edc9f22ee7b6,0.019679711788816556
ck_f97c477986043755,0.0015750627839185686
ck_1a3fd2cc4b4de196,0.006659704370947148
ck_e18ac29ea62cb435,0.06455671208704485
ck_9720a472a3e0140c,0.002948549979746989
ck_668c7fc7d7e47c0e,0.04482777832461058
ck_214af0806470ef48,0.019379439483359687
ck_a46c1773f01f0be7,0.040048580444173414
ck_f2bdcfb4203ffdee,0.024660166026514767
ck_40e84e6ffe788a4c,0.008059567119603758
ck_dfc6f5712d8d6678,0.10262358898177586
ck_01ef1036b2e66a4b,0.0024206744942034133
ck_3acfec10eec32f9c,0.010257752116151625
ck_084a85145c15ed77,0.017795452042199945
ck_fcdb4fe2f095fba1,0.05106074533248091
ck_023908db0a193076,0.07694664572211415
ck_fec0ff92fd622253,0.012131587937079611
ck_c009c97d5fafbced,0.18204452273932065
ck_eb9f0c06ee017ee5,0.011254144264470385
ck_d7792b429620fc24,0.010182620698926077
ck_5e9e149a3b69c726,0.015848210630325987
ck_ce927322ef8f651c,0.011748630191021311
ck_b8fd61a8e82bce32,0.9906354049425585
ck_9aafc33fba1474cb,0.0073343769833646225
ck_ce81ff9b8b35562f,0.005354861697779548
ck_25bfca1d8eaa152d,0.014007785811592052
ck_170c65860e2a7e23,0.006236148476332241
ck_952da7ca9f33decb,0.005502867428611909
ck_1ebd574406235957,0.007550898159082285
ck_589109a188adc2c1,0.0011914797065445703
ck_f0cbd5383bb07778,0.04246801893020884
ck_242521e261148fba,0.004176343338071872
ck_509cece86a558de4,0.0023481088204488918
ck_0dd7c5925d28755c,0.003929798268450796
ck_a7e669cf1c3985aa,0.016823593763450783
ck_acb84dc2351eeb76,0.0005980449016037379
ck_b837c7dac2a9b931,0.012100634114046434
ck_18eb1f9181f95df4,0.003199951530162213
ck_b0b9047dddb1ec84,0.9086506518740712
ck_43aa136bdb0a2832,0.2806673706171402
ck_3e47f8c56c811700,0.004570179382963981
ck_77c587d24695ea15,0.01761189452498002
ck_20578ac693ea4e93,0.02388611144256654
ck_b9f6040eebd1605f,0.030262840995262375
ck_ca9d86f65cfdf018,0.0037515554152469507
ck_a4fa8833995c716a,0.0065315709042603805
ck_f589f1e29301b5fd,0.0029579856839220316
ck_961ddb8ff55d868e,0.0005891612900067923
ck_5662492a54e6688b,0.028599518490243038
ck_ad48826c1c26eb78,0.5683132476818147
ck_621c9ddde6bf2eca,0.011853220324811361
ck_417a3500b2c717b3,0.027667191959431375
ck_c7e129058beb3ac1,0.009857517521798146
ck_ec1c902b9b9b9c5f,0.03282053644763887
ck_317360ec0a67d27e,0.10432523040586514
ck_3e3ea5d8c4a229dc,0.09015335302733071
ck_d11d27de7bf0b973,0.03781297798061342
ck_d37d56e931105db0,0.0024571933621927037
ck_4863077723cd6ce1,0.0008226504939272971
ck_479a065d5903e9c3,0.002077342164540436
ck_e66ae4fd586fedea,0.0011949941007083284
ck_192bbfd0d5720134,0.002016315012247883
ck_3b436cb29af99f3d,0.01274231450992663
ck_7c7ca54969eed187,0.08151365858629607
ck_826ee896c9f1144d,0.4898572228217583
ck_ba1f6dd43fc8a0b1,0.006848641812631692
ck_49685deb63e4e8f8,0.007277108385727154
ck_687ab5d5554bfa79,0.01839652329521515
ck_41346ccd9242cc8f,0.0017793274793437828
ck_8f8e5e2b9dfec3d1,0.01254576137828337
ck_94d5ce61a0c50465,0.005071738730256307
ck_6b954c75aad8c012,0.01913140437943073
ck_748af92828c9d288,0.0011130848439395388
ck_dddd14091ce812c2,0.008558124106989763
ck_723323f6870fab59,0.01654612286957531
ck_dbdf8d0708cc6718,0.0017098534826989291
ck_f04938570a154de3,0.007328073368829421
ck_58afa1550b3b5294,0.006753737367355665
ck_3b150afde386ecff,0.013242238839867759
ck_666b95e75d99ec4e,0.6926969015062767
ck_e00332597cf1eb24,0.012626493327542773
ck_9a9e3dac79280d7f,0.03182676700460983
ck_e8d37262e859d9a1,0.013477752169637782
ck_895bb39d24bc1c4c,0.0013829060268707595
ck_b367449195e36499,0.013946888539390894
ck_d23f9a50d1135ce1,0.0940216026226799
ck_670dc4910cf476c2,0.0011211198682268525
ck_3ecd8a5ce65e21ca,0.005746320940775743
ck_8584fea2df4c6317,0.04811264790165344
ck_0789ff4562202b20,0.014402779311128638
ck_749e0e50c3907be8,0.012104507843024392
ck_c3ff6790cc6d7e34,0.0022563813167481134
ck_75fb7e56432ee4b2,0.004980371437488777
ck_529fc3170fd11abd,0.07531649848956096
ck_34a69b3b4a681796,0.24166184820570696
ck_255f0e5888ae9e23,0.03493510965462392
ck_65be698386474170,0.0007972757299058123
ck_5eec9ed855c26000,0.0017095341687090814
ck_5ab39bdc9610f6f3,0.9255187379073415
ck_1b5b75762f033462,0.003829529238294424
ck_d3e208671cf37f91,0.9861008779718385
ck_5068ee554ceff971,0.07766118864314567
ck_d7d50fb57fcb2d0e,0.0014703850886204047
ck_ba6e1115fceaa067,0.015758620008384554
ck_d07bfb16a4a7dac0,0.8799696199494458
ck_ead68310311690c8,0.6500094300601689
ck_ee53ce862bc9c111,0.015054223938530722
ck_97e56e6037024dff,0.0011209390542645996
ck_80b04344c98ec072,0.004741800664510641
ck_5954f45a2ab45f43,0.009310236070560807
ck_18ddf7e836256e3b,0.014142787074123012
ck_89a1a780144d808b,0.016140039619697663
ck_a7331e8b808c39aa,0.03842523339490652
ck_a1fd0ad03ff9b776,0.03964446782416884
ck_c0cf50eef030b401,0.0004937721096875402
ck_074f20921189e7d6,0.006176185792520191
ck_e2aa7be60794593d,0.06673092545263061
ck_72771757dfb7f7a8,0.009710766364136458
ck_a9cd84a6dddfe584,0.015221709968913356
ck_142c00f9f8557504,0.044306364401673334
ck_221b5d40358230f4,0.0549195012039441
ck_a2d7a563f520b7ea,0.013586713288658913
ck_66cd34bc568d95e0,0.02073406541244985
ck_a17128972d3e507d,0.010734866187954113
ck_bda299466bb2136e,0.01562244800213448
ck_2b699066665abe8a,0.02236685498735146
ck_0ac9848bd4ba0c14,0.005271740401417713
ck_98d2f9a6ba3a3077,0.7475847925667091
ck_a872df31b28a5f7f,0.12106327165354744
ck_7e73e1d44ce82ed9,0.016871350700176126
ck_1a415416f620d49d,0.0010554137131102183
ck_c95c786d2f8b8edc,0.0060261932300951435
ck_e45012f22b7f91d5,0.0025663391158012292
ck_aa0b083e2a6813eb,0.013106161166018482
ck_4666232ddbf77756,0.00418515486130404
ck_e08e9c8ec5f23d8b,0.00601075613410614
ck_31d4c0518e5f52c6,0.006693102011185423
ck_c1ab40638f04cb02,0.010580264885209145
ck_4c1fdd1669c7cf51,0.0011666441185884553
ck_11662cc7940ffc82,0.08178445572886298
ck_2e679af24adedac8,0.0008672674297783147
ck_454b9e21b7f25a4c,0.0009249013110794928
ck_355c4f29089731e8,0.9161377594377974
ck_507e40760a24d2d5,0.015225517884500139
ck_0943e0f305078e34,0.9913306662161034
ck_abc54ed7111e9ed1,0.0011201302673693406
ck_a60fe02fc04407a9,0.01405492017308084
ck_244b897bb4d57c1f,0.004804079502848772
ck_8c84fcde93a04334,0.1596975319209589
ck_9eea37d2de633b27,0.001556178345029358
ck_b2cb9e6610eca967,0.00810298179335967
ck_09aadb4c41b166f1,0.06320424021080505
ck_8d94fbb4828ef326,0.002345187599626974
ck_089e3a07abbe3b8f,0.003973173794537385
ck_dfee9de05e3971cf,0.0014063661386150453
ck_6abf8302ce052451,0.08716188033449976
ck_6ffa90143838a4a2,0.004575797830147027
ck_325caeab5c7a9c3a,0.0079618168554025
ck_1964ee9db929a173,0.7428880714490756
ck_942b95988a6245a6,0.052726089784000583
ck_913ecdeeb8e21a9c,0.004763194266975713
ck_ecf9794349eb4b3b,0.04334411227559275
ck_b6cb8d6ae828eed1,0.012090362797338784
ck_2f82ea66c4f53b33,0.13574786911068115
ck_6e676daa4855b58f,0.04810216223052276
ck_2a37fef48b44e9c8,0.013430806352328874
ck_3bd12d468fdc2450,0.008133369230663776
ck_1a28b6a40a6bd3b4,0.09422864263835669
ck_61b79dec96d15713,0.0009266900035350236
ck_31d5e3daced93d3c,0.005190172779799773
ck_e6c8611c0cf233d7,0.0016345067629646884
ck_f04761b4a937ac3b,0.005283030430700039
ck_38c1c75cf055031b,0.030232914253745507
ck_59a561f3df01441a,0.020887182986242953
ck_04e40f556a5062ef,0.005968879633901517
ck_8409716d174635b6,0.006704713613730651
ck_3019afee83342701,0.011360691020504398
ck_b51a58e7f032c9a8,0.027596501221745895
ck_5043e474f848346d,0.02202555387634088
ck_4388abce33ecd01b,0.7731624363923773
ck_c93def7392f0aff5,0.0820012663303448
ck_72e7b1acc19df820,0.011675596721815017
ck_f253130dc3ca5b3c,0.005441529178477507
ck_eb264d1b180d4b4c,0.8202835329870883
ck_c2504f5a113433ee,0.004676514608833429
ck_c16ab1e4dafb4910,0.20092937243196377
ck_4bc42878fa180991,0.01868731340940162
ck_1c771a7c78f6622c,0.03221467267799388
ck_d523f0e50a2747ad,0.0035457354157374934
ck_9060f4e7ab7a1b0c,0.004809925428879041
ck_6b55ec4e87a5e22c,0.06489573273567464
ck_55fc62a5f89a7251,0.023761821666559917
ck_bd2545c62f258231,0.03810089956530329
ck_1ccdc69d0bb712b4,0.005746451733770313
ck_710f867a3bd5898c,0.0032816245099451203
ck_f91d48c40337d375,0.0033892085141877166
ck_f76d929541ed41dd,0.07273276058155966
ck_e26a6659c237b650,0.024988582099639743
ck_184983177b73dea5,0.006893923560537715
ck_6d0d081bfa8a0022,0.028688116461181013
ck_2f6e64f638da0f97,0.001467398430028057
ck_15b93103ccd38609,0.007698719978808534
ck_094d10439b7b4eac,0.0020270497929688425
ck_d2ca47180a926ba2,0.005810481447456464
ck_a69ca7b9d70972bb,0.006100309766933246
ck_68914e67343a7d32,0.00853415580406124
ck_8176616132458c0f,0.002783086673739505
ck_eee99af3598311b8,0.03221912239799686
ck_94410eedfca91304,0.04713118123059847
ck_cfb11a0a2325bff5,0.003163374801125053
ck_75217ee144b715f8,0.16223255909050546
ck_d56fc799542299b8,0.003738425191296568
ck_4c352dd3e7c81269,0.016866810175887748
ck_e23e50e02cb3904d,0.01803317086830266
ck_b921af37d500e139,0.0027851006628259417
ck_82181b935360dcbc,0.9853940673705408
ck_22a7cf3b99c5e5fd,0.010171166574206855
ck_f67ee7910d532216,0.005577239735080799
ck_5f48762a14a0326f,0.0026443507081461287
ck_1757fcb0e6e3f88e,0.04684726707465308
ck_2c2f080ba185016e,0.03484760166441858
ck_4c25570eb72711b8,0.0012250066946976237
ck_a3be871ca22ac416,0.0036953810945581566
ck_ab70961e7c6695b2,0.008291581537264295
ck_a1cdebfc42a52448,0.000995661740730738
ck_f1b80b821a20186d,0.03900229244099398
ck_ae668e4564cd2aa1,0.0016799895139934927
ck_0e2bc3a5afa439d8,0.09266621444254071
ck_3dc378f37d0b74b8,0.02409665051387815
ck_9f9555197480d1cd,0.0021982638548924283
ck_bf4e7d48770a4a8b,0.06136375200874037
ck_614ef655f0685060,0.1828784108214864
ck_04d2ea38ee27770f,0.0012521497044513316
ck_e03a9d8ac94161d5,0.0013728997704401098
ck_d4007b5b26d9d854,0.0012680561683686108
ck_2dd147ce6d61749f,0.014938780007355917
ck_ff45764ea7d6619f,0.015631429782384
ck_dbc487cb0a6c18da,0.9223972790986503
ck_791d5392bbd80447,0.009157001427297286
ck_b4068439c413b150,0.011076820460734901
ck_85df7b7de9700aba,0.0007219726201693396
ck_001e42551cd06e40,0.013800938365406195
ck_a6c02ae50932cd9d,0.0021041811532529755
ck_9fd0be2c018ff5e4,0.0031274394612317512
ck_32a495128395fde5,0.001072170341683539
ck_b6f2a2fd232c141b,0.020804276245334097
ck_28dde633692904b0,0.053130919273756336
ck_a1a93c5f375f6021,0.0012712514659126823
ck_e3982142336782df,0.008529699904267319
ck_a9812ff3c111ea94,0.031051651717738625
ck_f04062216f95fa00,0.011573194250418117
ck_7c560467daca735f,0.0005019042861865987
ck_76ee10d6e2dba70f,0.01814779598685501
ck_3521243bdac61178,0.012895031499781879
ck_28588fb03b320520,0.030198145618161514
ck_580dcec33ec232b8,0.007066236751229744
ck_7109923fd7dab20a,0.0041893156873761325
ck_7c872c99481c1e9e,0.01201912740624175
ck_46f4e1f5026f4d1b,0.0007405608856514475
ck_00d1ebc31ec4653c,0.03214668791192001
ck_aac70764dde15168,0.01569908012833084
ck_648c03f9aa4e45f1,0.012108398672695494
ck_5478eb69ef912785,0.27345057687950286
ck_79b8523137bb2603,0.05214908868679959
ck_795c49f312640019,0.0006780027561332566
ck_89184bf7b7fe41cd,0.1303636723538316
ck_97d4bd922996fa10,0.007167715662186577
ck_1cef30d08f3a598d,0.0014109701496055557
ck_2f9fd36a4a40a6a8,0.0009795221090621758
ck_40780fc0f8d6f309,0.02075178576061219
ck_9083ca9fec2a7f4c,0.006287026587290781
ck_62081bc35aa59931,0.004224057434063533
ck_2e1b46c5fc56b863,0.08280801047189128
ck_3d139692c51b604a,0.07626017089380359
ck_b5e54e22e3d6960a,0.0027308331948698106
ck_c0c4be3f44311b04,0.007025835761506024
ck_82a8bdd2692c2a5e,0.0008644729257904169
ck_bdd2da300b530c5a,0.006109760406556105
ck_ee40498cd97183d3,0.008511970818408567
ck_70b9274473bd6dfe,0.002944357553097893
ck_473d6314ea614b29,0.005236130319820853
ck_7443d6dca8cd1352,0.0034233004753625148
ck_3b49768b448b071e,0.007029603795290096
ck_b43f04431c267dea,0.001717169615574735
ck_4424a5223ba2fe00,0.010042589718851233
ck_819bf3e8231f4081,0.012290969110026445
ck_91d417507a8c58cb,0.0872168965369861
ck_e88e86b19cada4aa,0.015272547672463633
ck_59684167f9c6bf4c,0.04665489339822805
ck_d5f5b0dc97b9dc27,0.019341554467180895
ck_13d1b192bbff8f32,0.006831866907668897
ck_b21d8630387cabce,0.001971835177812943
ck_e4ac22046699b99f,0.0035607622216718786
ck_74b848064f2ff45d,0.007560766474362266
ck_166aa980cc87fa77,0.019788998208886917
ck_98e337806104dd88,0.0012303837868049088
ck_66eb09be007f0755,0.005192696558978376
ck_3ec9b9d8dd7be11c,0.01280879565060378
ck_8b8b9de339d75d0b,0.016249337764208855
ck_6715139e240007d9,0.0032985146923435378
ck_a0255ab46e122d2f,0.0010334910388610221
ck_66e81a4190c33510,0.012597287177712515
ck_5d75ea4f5c9080bc,0.701144798529614
ck_df69858b8a8b3165,0.0032511700824651387
ck_e15252ebd7553422,0.003336941494856984
ck_34d6d74bb3ed11e5,0.0013044493001386358
ck_c2608f78f6851d10,0.7912659568142921
ck_bb99071e8f58c8a4,0.5123010373611668
ck_06010f0df5b7cef8,0.011274046572476451
ck_8c582eb0f6c0148c,0.005614985189225642
ck_0034d010d28aea78,0.018190841713395953
ck_01c1f06692566ca1,0.006258537862591379
ck_4807726e797fb893,0.010657798101801234
ck_edc9668282e3c8cb,0.03167820892530119
ck_5486768475af7bb5,0.8523145069418412
ck_3fb9813849e51837,0.013459084077771572
ck_861af5a9a9a6d619,0.0014340251544795444
ck_da39653add0f1109,0.0012239872019766816
ck_74a4244eb1f162e4,0.0011338627203984512
ck_9a930faade55b8ea,0.0018161859567829696
ck_fb6e06ca88519dcd,0.006748505961907414
ck_9776cd8263a9f415,0.004555839273906693
ck_b3dd1198ac5aea73,0.013691841848237551
ck_b6675a04df1a4276,0.002770176942527533
ck_5c7ad6e731b69333,0.2686656825777304
ck_28dc0fdbaec00580,0.08226109590351113
ck_8e7a32f7e3905f4e,0.006727980805195879
ck_8563fed6674afc77,0.005373439694249573
ck_9a2fcccb82da663e,0.014241945081039403
ck_6a519bdac0d94527,0.0010760596915665916
ck_a0dab7aa9c4a39a9,0.00134643857677116
ck_a3ce05e9e5e32142,0.009593751239588348
ck_7a7e40ee3f97c035,0.07367392532730532
ck_9e9a830785112a73,0.023559128406232154
ck_ab1bb02f6b189304,0.6913136175676186
ck_7b8cb0f90fbdc8c6,0.0032372543880745965
ck_b138fc249e659e60,0.011121453866676062
ck_e73caa3771ec5e0f,0.002659519211943598
ck_18a55b06ccccd88b,0.014065950700927667
ck_fdcb1d9265d8fec1,0.08428835621454014
ck_e21a900556b382ad,0.014411308892309859
ck_c6bf67470f526771,0.004717937327051442
ck_b568ba3837afb39a,0.0006656298212352307
ck_a2858979dd5645ef,0.0014906254010895843
ck_1da9d40837ebaa57,0.014398317370025712
ck_9341c7959543c542,0.00150297738101642
ck_c8ad86806b9a2369,0.03421198674879459
ck_5c85d93ecfed4b0e,0.0503427835818972
ck_f07b09879d697b82,0.004527631430259007
ck_fe43da07608b1749,0.008769277338333185
ck_4bca22b5926b9c28,0.004287289989683272
ck_aba573aa942b1d41,0.009598041073422273
ck_57c14e32fa4683bf,0.003934261157441891
ck_891530b489ce402b,0.006908232600525506
ck_5e74fdadb93ff293,0.023716546677060746
ck_14436a409ebcc90f,0.004790889149687833
ck_00013fdfa0bd37dd,0.004642055007368758
ck_7dbe24ba01316775,0.02242699261806349
ck_0e3f80c1553c591b,0.029751842192184224
ck_3edc45db58760d76,0.008732534479430756
ck_29076a13f539187a,0.48157427140285236
ck_b1e81b58b9a545ce,0.08419240090503602
ck_3f8571d4f7420b2a,0.0632068574205067
ck_7dff6abe4bd644dd,0.38400064859586014
ck_2884bab237af16b7,0.008112471472661534
ck_231e6dd1fe708000,0.007230539405698131
ck_33ecaa7b892e73df,0.01924896414468522
ck_b109ec4c63503030,0.006888314608404335
ck_a7f522382509cef1,0.002222417922315106
ck_748b3ea941d8b3b9,0.0020131351835225666
ck_29f3a1737a2d9634,0.00467340721232867
ck_cee8d42475a0f020,0.4175944589657471
ck_c6b6ebe145a8ffab,0.001525795973839417
ck_21c99e1d6b881894,0.0008712449963371629
ck_5ad798286384484e,0.0049975630207026635
ck_b621b6ffcc7f4848,0.0008333015058557224
ck_ea819e337233475c,0.18764341592270578
ck_9e3896c2668ce06b,0.02720861782908753
ck_501dcf1ead036d2b,0.004050011809034497
ck_8d5eda29a2cffa3c,0.0013170697823945085
ck_4d3aa36ff83f1132,0.22209225994997453
ck_8e9faf94e3e6c757,0.0007294621103250169
ck_ce0ec41f96951048,0.026195323171595196
ck_f09165d73ee903b1,0.008695606668556325
ck_a432b1bf1d3b3d5e,0.33363187452621157
ck_ea618f720ff0b4b0,0.0018829909717332847
ck_7584e7bd755cb28a,0.00869166386425205
ck_e14681aad43e1a72,0.018372686239071855
ck_5e18870d8e30e379,0.014733420811404996
ck_ff7c26a62bda8089,0.003365024364970349
ck_cc5a35175d381d5a,0.0036864420809199806
ck_3c25029e40aa8a84,0.004247745115094014
ck_771247b5bc16c12a,0.006799524520894931
ck_664b5e02759f985a,0.0017584799883475556
ck_692a9e8f504b9762,0.0009304888178202832
ck_df8ad2deb0a4ffed,0.011276751255208875
ck_eb48c0bcd12ea654,0.006341465518507136
ck_7c77e597c951cdad,0.009148999320516365
ck_4f75144c6f3b13ad,0.007072658920458726
ck_1bcff399166d7c43,0.005065937142189052
ck_975c2aa3d4a8c51a,0.012080079178434587
ck_bc6f07b06aaa4ce3,0.35087954685896244
ck_80b072b7f3c7e8e5,0.008040713045985722
ck_471e4018a23b4e56,0.0034923361141802416
ck_53cddfba570b4a3b,0.017244672008007323
ck_630530e50764f229,0.009343002000188241
ck_dcef7887a4f1e435,0.032527480544226384
ck_2795921a055643f6,0.009957553905772534
ck_7456df89f3792235,0.0015010531617678877
ck_5014a3b07e1f049f,0.6641965971857774
ck_d4ec44760cbe03f4,0.006280163579824921
ck_96810ad39d4cb7b0,0.014391012901038266
ck_3222ea25aa29bfa6,0.0008495484638613539
ck_f6c42001b84a10cb,0.03724721296207345
ck_5ac86682385c86b8,0.005125182717557635
ck_4280c33af57eb4f4,0.0009478624113024795
ck_05f79ddd8eefaa56,0.033060645387961045
ck_3a57a13ce032a6fe,0.005023257461496156
ck_a721f0d635fad68a,0.005923149398882947
ck_a3f821bdf408c326,0.006870791638653442
ck_0ada63008be5685a,0.021261208645856677
ck_8c949bdc6e8720fa,0.049171560097165376
ck_c0d2c56f9c722e99,0.9884899222162031
ck_5d2b9e6e087b8dfc,0.9925761162611824
ck_5217b55593a332ca,0.17389995050285784
ck_7a7bb9be5a7e48ad,0.012849523182712722
ck_24cd0d779e866287,0.002526793118823089
ck_7367917891a63771,0.02415000020473785
ck_4b31a8862a857e6e,0.8993670542817492
ck_81429c4910ca46cd,0.0030326939937876454
ck_b35d803568f82d9a,0.01922933305412409
ck_4b00e75c2d2d0522,0.0017597579105215516
ck_77fced07f6dff42b,0.01990270649442482
ck_3c9a06eb07c300e4,0.001292586411151083
ck_b3867f7f494db64c,0.0010908661316696977
ck_0c45e54897ab34e2,0.014143422381731777
ck_507a6a580ab55c76,0.005167593988611078
ck_291bffc7809f896a,0.0006823116763818888
ck_3753cc5b9d02e2fd,0.0020616562742306766
ck_4f63d5245b3ac1dd,0.012050317498491194
ck_9dfb2ae78659240a,0.015170928710505557
ck_90f6f5ced708aa75,0.0009970407595765994
ck_8b5b5a6b5539e39b,0.9523601762185221
ck_4719112b55d20161,0.016443032120541344
ck_fec888a7108ca52d,0.9928896361661879
ck_4f5d022c99f118b7,0.012358875308055994
ck_e967ff05514b697b,0.018182744388867758
ck_839ce35819bfa4fc,0.0012054013409404252
ck_bdee1221b9addff8,0.0061857167305450515
ck_9cde4036d0914427,0.007811627050375515
ck_5ac959cbcc5e98f3,0.0005521584513091249
ck_619842688294dabc,0.008943903069206192
ck_7373d7b04c7799bd,0.008157800656991615
ck_c1dd3feb9a0b6471,0.010658840324601774
ck_0324a4812ec319c6,0.005198115700902382
ck_7f3685aa2933b251,0.22871669090861912
ck_06aee5a62a67a84c,0.040469528552292175
ck_3428910b44b9d08f,0.01849542412334363
ck_c3ba7534cefc1de8,0.010561247673675025
ck_1f1273a67cbad5e5,0.5005935908465415
ck_124565a11b2f8bb8,0.00691288515036193
ck_38e46bc861e0165b,0.02378330097637744
ck_c8ad3f01319c065e,0.07058729513182854
ck_3f94a34f5038f7c1,0.7575415165530632
ck_cee56be5a502fbd1,0.3053132536046161
ck_2b90b76cf4d162f9,0.003811792774081023
ck_884b2e463ff1d54f,0.0013867351241577824
ck_fab4f2f8531b4827,0.019634056218958404
ck_4fc6256e0e60a926,0.02358450588067687
ck_0a2f8b2f8a5b6f02,0.0010006273588121077
ck_9c0deab8a8367c5e,0.0005699920565684499
ck_d3a2a4c011fa2554,0.0008846682868072518
ck_4108b4038f762817,0.5701830067796323
ck_4df036e2aa7e1056,0.01130120428245028
ck_ec094eb1cbb3efc5,0.0009204532318391812
ck_09f8f51bfd2492c6,0.00513210007175855
ck_b60fb9a10d6f4489,0.03143842933992823
ck_3638bc3388dbc1bc,0.13393526891379398
ck_7a58e0cc9943c39a,0.009466246770702675
ck_37dab6a0a536ed49,0.02911730071781537
ck_adc576690df5b33b,0.01029602346432233
ck_1383b2b1875000f2,0.004441268620619573
ck_43c1248db37a2eb0,0.0019171066768918158
ck_29c11bd68858e923,0.0008138092437149135
ck_9401f9e11f65337d,0.003591246602488512
ck_ce5ed372b1a2ed6b,0.018367857124922417
ck_08b4619490e751a8,0.9525099990669055
ck_44b9125526acb05d,0.01604982192963136
ck_ef1a1de20d2124cb,0.012715456733672015
ck_e5e2624b7fc89774,0.03509832732558607
ck_f5100511609b92c0,0.0013818137186489788
ck_64f3bb17101b7c42,0.007497891723411691
ck_ea1e5b5128ecba2c,0.0023889112046038886
ck_516163fcf04d5e77,0.02454337097363614
ck_7f9a748110d70005,0.0033249922856041668
ck_d263b55f0a681cce,0.021315403950338346
ck_0e962eacf98a813e,0.0017674387445665459
ck_0406931800e0e2e6,0.00410851774809277
ck_0e9b982afc88a3a9,0.9927605147795961
ck_8bbb625384edebd7,0.0014831966305668418
ck_5eaeb87bf6207406,0.9749850537337806
ck_cc3318839c4b0745,0.004974861652271863
ck_08a0355d1f1890ef,0.0035908603737145987
ck_af7ffd1a822460d3,0.38119491074391804
ck_2a09c7aa870edb6b,0.001065798820408563
ck_bc04f51c23290bcc,0.00582439857593652
ck_d3a8333cb389f4c6,0.003511237689087875
ck_88e3dd3039508332,0.012257950330882807
ck_b8c7771de9b57705,0.002317638818738082
ck_585ababa02383b50,0.004437561478692448
ck_e988c108754cee9c,0.0061723721596313496
ck_4a691892d9d6cf89,0.011946618876286157
ck_7cdce37d895eefb8,0.006230528716405945
ck_483fb981a1fb4317,0.0024218903294070623
ck_c1e5182bd99e0e35,0.09460503787124433
ck_9a1e3ec9a1839939,0.011123627967095012
ck_5c3f13de0dbd5086,0.012767899024284744
ck_f4f6f0caaab70040,0.0012539274691066766
ck_791be3378dd7d64c,0.01742601212114414
ck_956dd784525f5886,0.013912206800424487
ck_098167eaf124c279,0.011017451291114911
ck_33ecff7914349ebc,0.013093297288859832
ck_e05d44e46c7174e6,0.008798678436682804
ck_1b2ce474fa6582b4,0.03005260430435313
ck_ab581082e8f72e3d,0.003883521313199932
ck_e63256667aa19070,0.0465354520368936
ck_f568772b6cb3febe,0.007940425604313088
ck_dd89a282375bbab6,0.08914995400127619
ck_a39d0bca345b492d,0.00444517804383421
ck_d12d2924d0f7a64a,0.008214643695429215
ck_6a548da1728b5823,0.985003844352403
ck_6d64193681d2a94f,0.013792429146627644
ck_ced6b6dcdc7c201a,0.002592276960636769
ck_d1b0699d26282871,0.022659865545033395
ck_58f757e40a9b8877,0.023977237065229102
ck_3272c2c4a37d5220,0.9271057680935593
ck_d94dfde9e03c9d1a,0.01038768899011805
ck_08a6d4903a7fbaca,0.008037941998266568
ck_6c72a36b05fa0f4c,0.011170617683730278
ck_dbb4bd4eda97255d,0.010603529681380066
ck_94b59bbc824b307a,0.0028675602681222647
ck_0229a07185f15469,0.005216355500501195
ck_11bf1039f8b3025b,0.013870413726853053
ck_36789ca11459131e,0.013853655772340923
ck_8572c5f5c1447c62,0.01426858869342365
ck_9e75c6641939f4fc,0.03307904205604924
ck_b45e47c39d4dc7bf,0.018169101803086448
ck_02903c48b6cfd65d,0.00562012400916932
ck_b153386f1729de81,0.002580781110696999
ck_36979996f33498f7,0.537794836979257
ck_3c02d4dbbf6716b6,0.009188139141730414
ck_66c9a19963957531,0.048153289964375665
ck_bae8dae7cfd8baba,0.0010325807160329122
ck_bba0ccc6cd968680,0.01898147416627819
ck_3267fe3aac05c71e,0.002822561548940865
ck_40052cac10562cde,0.006659061665383404
ck_d973444855403e2a,0.010245132033976688
ck_012519bb095ad36b,0.9903312852595103
ck_ad7c256ea10c4a00,0.045029178497885555
ck_70a60e095e9b706f,0.003108900702486644
ck_f2734417c0db4ee3,0.002883983320780321
ck_9cb89cc3178e0172,0.024566491152077506
ck_779cc0f2de4d5488,0.0609468899951678
ck_35f8656bf93e3b3d,0.011145604628710748
ck_bdd8eba728800e29,0.014970028847564954
ck_002cf760d173f0f8,0.010363561780659388
ck_b046067c6ca3831e,0.0059352787837110305
ck_a4a42d4bff8af645,0.0036101025427978896
ck_bce253d2396681a1,0.014137375255081287
ck_00dafc060c8de32a,0.020389501395192085
ck_968a99e097ee78c9,0.04614212714252251
ck_66949171b387bb93,0.02060251181937125
ck_ad305286702b1958,0.0011899803121280335
ck_4732da7e0d2dfc7c,0.002528285234141084
ck_17a95bba77217d85,0.03745256531219158
ck_3e2516a3e35067e0,0.004609096115359916
ck_0b615ed566da1f58,0.022198765611999904
ck_d2b3ce1ebabe9f93,0.01960636514493526
ck_a892252e4e0c2828,0.005050412383564243
ck_cf606fd6ebfdf9bc,0.0012483423314511811
ck_718865237134ebe8,0.002552166931954325
ck_878522cb775b904c,0.022962657456809015
ck_9ed53de6ef779ae0,0.0018529076019881767
ck_3f16e2cd7e6874cc,0.014883176212013734
ck_3c59df37895ead2d,0.0072251591473296945
ck_6821459b626d492c,0.004925805696316052
ck_11c7667920541587,0.0034333160824867428
ck_23a016cf6b98d89c,0.054831903374174984
ck_7137eeb394d200f1,0.03531599793604524
ck_9c4886c5c90ddbdc,0.0017553012376162133
ck_1422a7bf7756294d,0.9853048445837199
ck_7ebc5fa7f0d3b8f2,0.06376343986014281
ck_fcc2059a8d5c41fa,0.26797698929977803
ck_00ff7389d6a83e29,0.005500495505524714
ck_03129b41457795d2,0.01512056479792866
ck_38ba64efa7c38250,0.02055425651935581
ck_57a6b56b09bff24e,0.0066213317027866096
ck_e3b3c5a80a567418,0.0031693085318253876
ck_fc40a16adfced018,0.005048625271735937
ck_9d4b5e6b43bad4d8,0.005668184240847335
ck_61129937ee466b49,0.014162064596735158
ck_74112e47b8629c2a,0.09850370401570097
ck_b4703ee97f94d7fb,0.006187656920692869
ck_e560f720a988d8a2,0.8985075093773898
ck_708fea345f68037e,0.0006769704155399556
ck_25394c1b83e0b803,0.019714213015092585
ck_17ab24fe914ae44b,0.0018966516093884198
ck_16c501470d9bb006,0.0028422032866318517
ck_628f449e248c19b7,0.044033355124671776
ck_6d64190623dea714,0.004134611963767492
ck_504a45ee08db72b6,0.002964536146629128
ck_6cbb011e0c70bc7c,0.0036621415021180887
ck_b3225a98acd04f83,0.004844773418222587
ck_aa37993f1c17cd1e,0.05271188389387875
ck_558cfe5f77a55a9d,0.004581480121443319
ck_0d0a1a021efea5b6,0.021461764866360485
ck_daf7aea023b7a8f6,0.020722484476984583
ck_d75f25184ece2b51,0.0029466073500739464
ck_466d4b5366c50b98,0.0011518101982042146
ck_88f27ab479063852,0.03497858677336129
ck_66779098e78c1760,0.0006761078322768261
ck_b150fe4efb449b05,0.0012466957020599175
ck_9c3aa9f23d01fa1c,0.002579615853485877
ck_6a01c375fc26705a,0.0008115622706562845
ck_002eb6552b504ea1,0.004685425424090972
ck_affa5aa0bff9bb0c,0.014118785829956163
ck_027614eeba8b1a4b,0.008354923704068972
ck_67e075c982add719,0.004684796608576756
ck_399b0d510be98bd2,0.020586139403515356
ck_e9b0bca7368555ef,0.0021123235385146983
ck_59c29d9c57b4f994,0.005048610799127884
ck_37176850ed68831e,0.006876166595209468
ck_a0db4ccca08030c3,0.8344274112545854
ck_aa188e5c25f7f42a,0.007121255038619147
ck_7de6997178207800,0.0006372171527267277
ck_c729d19053387be9,0.05857009188618787
ck_f2d3e3d90608596d,0.23149329227718196
ck_2db3fb565e0211ee,0.0009459825177158375
ck_bed8a480e27e911e,0.008776932308854443
ck_d7ad9921a4d25926,0.01060638074935952
ck_2a59f23fc5194699,0.041942261253208414
ck_63601a58a6120d8a,0.012814666906190894
ck_efd7b9e22c6317d6,0.01655070738714804
ck_9ab42875a0f95b43,0.012613853919326692
ck_85cb5033fca7c846,0.04594446381032545
ck_5249b223000915ec,0.03454781214776036
ck_3efb0e9bf25612c7,0.005790392828896165
ck_678e74532ac19700,0.010196610668447575
ck_a980b296c95153f9,0.013736528283116303
ck_01ac687ce0d696a7,0.024669433557859676
ck_52e1418cf1aa9871,0.007836451503648317
ck_7d28da4f1dab09ee,0.026177328251133346
ck_010d0c2e6c1657fd,0.03926025479688679
ck_b524f7a2e752b9d0,0.0038180843847869296
ck_cc447fcc24a0772b,0.9485975621392873
ck_2cb3c99845e572da,0.0034767403681467577
ck_604c710141327a81,0.00245631156546046
ck_8d5fa65717d2e0c6,0.010894734366259004
ck_31199510b40602a1,0.011186128059441055
ck_49e253ea12f4e922,0.016130244874770664
ck_780738e0d71e7e43,0.004204322605110002
ck_2cd21137a07fdd7d,0.0043676042132459484
ck_5e021f2a3b66e256,0.04261195681434325
ck_efbc79246e32c66a,0.044430947988641854
ck_9951bd806c13c7fd,0.027701318437595324
ck_7a52674e2806d8f5,0.007650510689565829
ck_1a319e509f1efa1a,0.0014008611938423374
ck_c920901b9a4ba993,0.8698335543938347
ck_b71279e807d0b3a7,0.011403931288350396
ck_47e1032f490bb018,0.007610580818426721
ck_192579ecdca7ff83,0.005468223139303434
ck_b1496c474c4a3239,0.0009037401418839557
ck_5e68ea2c5e893cf0,0.01054382367748824
ck_f2ecab85d4693b4e,0.009442847750419607
ck_89d7bfc81c3df597,0.012363162495992668
ck_7929284327667791,0.24120610987077598
ck_494ec63c5ce8e150,0.009334882408479666
ck_319b059bb2145586,0.14331316036679542
ck_ccb3767c239018c1,0.0018344505333837164
ck_a1c7adfe26e09a8c,0.014175755381598553
ck_0e13c4f73818149b,0.006649070480383662
ck_c285a51ed6214f52,0.013346363066931727
ck_916784595f028226,0.022568319504809264
ck_6cd8e0196365c474,0.004375878897019615
ck_57b657aba4daffde,0.12287457143289497
ck_562c76a3753fc7da,0.4188678519174144
ck_66cfc1ebc9a513c8,0.003250709036971368
ck_0f38d4aed68d7d24,0.00929908949712364
ck_d8ddf5e99f7859e4,0.009504387158781215
ck_41bc3efa0fca700e,0.03334412768622401
ck_40799e129fcf42c5,0.30800685229097624
ck_786f079389126e44,0.013183416450145305
ck_bb4c6b713eb0b978,0.03454311986695642
ck_4f01f7eac0efaba5,0.004247566185509192
ck_47d29c01b20cf69f,0.005211670401050868
ck_bf15a1f8d67a30d3,0.0045109710383511425
ck_bfecad7586f65e4d,0.016279432033210462
ck_fc9f16df35190eb4,0.19920867106043522
ck_c09c914e416edd08,0.005567185888726332
ck_c54c5d8e4433b0f2,0.004206623733731615
ck_1694c28f44480e98,0.004177346806177561
ck_1dcaa3078dbb7571,0.001616502019532788
ck_af559f990c640e41,0.008811822648304745
ck_9b436162039a77d0,0.022562584457216338
ck_79d62ef181bd0cd8,0.007881869589140975
ck_23caafc2cd34242c,0.009086587791421508
ck_ffe2aa26f597e552,0.0097742021299906
ck_e6ffd0754ac08661,0.0010954990665222202
ck_beaacb4a783db21f,0.002115440839627772
ck_9863bff41d24ce9b,0.004118871994570539
ck_323b9cc5c49f8ea0,0.9675342710442069
ck_ab3de3d3e41c2082,0.0041144315879168974
ck_35c93b2924900376,0.0019512349555071567
ck_5a9d5f9901e37e31,0.028221182735218647
ck_782b0be796164335,0.002101751808450383
ck_11960b5f1c7a5e2c,0.006112107010328838
ck_9a66cb13a9884cc2,0.008531287136801105
ck_ba666a425930615a,0.0013101759418063235
ck_40140bef4db73741,0.00913572583174575
ck_e05e91cc180063d4,0.0606346009242356
ck_c7f6f45710bc050f,0.004605420018056393
ck_055fb9f2e1c8c934,0.022671941029742022
ck_58bb02d98e2b9cd5,0.015939216364446437
ck_d9f8efa6a7800f76,0.006739265944524004
ck_69691226c68fd50b,0.16368737804635086
ck_6f2f0396e5b1c538,0.9856525137148111
ck_78bc3f1d0f35ea6c,0.005412713563042276
ck_2d5a6b6636a2596b,0.0013449084708703567
ck_7878545739af0a73,0.0015027112963435945
ck_03c4fa4f3ed3512e,0.0018291281826786864
ck_1a9e51d092d62c84,0.3043979663762917
ck_9f3861940d8d873c,0.0025929381409365237
ck_4684fdd61c6a0fac,0.0075826543975431576
ck_715966f86d5c913d,0.005890885262201178
ck_77f293d44b4a3d2e,0.03473401397709186
ck_24dae044dc05f849,0.030880916136011006
ck_00b9818e2064405e,0.05456910028461918
ck_c1c2cb49c3c1b0f5,0.381048941406983
ck_bed50fc64fbbf8ec,0.006081115149221357
ck_4f6ed5ea5ab7c429,0.002542061773818035
ck_458531c22ec2f9b3,0.010694363959094438
ck_51c50c4c443df31a,0.6513686103383101
ck_732d45bd578dc39d,0.010298879107288996
ck_783fe5bc20cd02db,0.033439005936786774
ck_7f188aaa63d1d442,0.0033631139608719268
ck_ef307a6aee38d1fe,0.8452297243985608
ck_e37196b20968b73c,0.03137605656784636
ck_4ef9de711c3d93b1,0.045494961398210826
ck_17946516d5df71d7,0.024306270554970387
ck_3534be0f4efd313c,0.029748714486566557
ck_29fbabf855cabdff,0.0008455089335213621
ck_191673540d8486af,0.01752981940500604
ck_5f52728d777ff2c5,0.011796952004492173
ck_a045a19369016818,0.995227089329142
ck_4eadbe7298b15e96,0.012620243940157472
ck_a3a0bd59729fe619,0.006811287750087211
ck_a1e77090b1c6ccf4,0.003519715268238867
ck_69ab9d4784eb77bd,0.012690212134718371
ck_baa47383ffd50f04,0.0029856253105783235
ck_e35b2ed08b9e55a7,0.003761448624707414
ck_b6e3af0a5119d9a0,0.030785488136002327
ck_a7c1dabf3869772f,0.05546426231904785
ck_80b8fca67a14e0be,0.24337286097605962
ck_dd9c5f0c42878e67,0.003065607660005367
ck_41ef7967faf5ce82,0.0008382280527169181
ck_a93560aa348d6225,0.035425020980660624
ck_ffe91d6f0bd93fc6,0.0860316374104643
ck_fbf630c960194033,0.007837167927449259
ck_497ed60723283c0b,0.023555299361224396
ck_2a46b7ca55239413,0.004972502659135328
ck_1a4e5ace078dd782,0.03617642626004849
ck_616cc31910f5de50,0.007705257723334457
ck_0d65bc749eb42710,0.01061630179202438
ck_2408db62e4395ccd,0.004523722002013694
ck_5d7721930106dce8,0.0136591217154966
ck_e8a6acea22b20312,0.12023053515280073
ck_e2f792fae128b18e,0.025119962167783748
ck_e6d3ce445b86003f,0.002325222685713157
ck_263334d722ecbc97,0.6315189109387832
ck_8c5b29f6666d4874,0.02168945399823656
ck_7ea0bf310fc20c7b,0.7836337058252543
ck_54d463f7fd89ec3d,0.01083447840341899
ck_79e45040dbdd6447,0.014647900361358745
ck_60b4d59953505682,0.6964381619254054
ck_fb00dd5021642507,0.022193416510635656
ck_f409ff994a210601,0.021579992126367974
ck_2ca0020038bfec58,0.09650387872452909
ck_adf84b9df54c3d80,0.009229527525462262
ck_942dbf632591b65d,0.043421941482068044
ck_454a7e4d859a3409,0.0011248351909358856
ck_2139062d4569aa07,0.00481995289505782
ck_e949a0f4df0b3902,0.06863120187078667
ck_bb113e3e6716ed65,0.012417365751804816
ck_6a28ea6ce69cb869,0.09805463687159274
ck_7df9910af2bba21b,0.0043812180222511385
ck_78aa4b731cbfe251,0.0020480860938051587
ck_5839f5cbd8165b1e,0.002463258842695657
ck_7158ad9e58769ffa,0.12976476946348794
ck_acee218cbe61df69,0.010682045002525906
ck_f8dc8473c2772729,0.04088377124294461
ck_f34c93a8173555b1,0.01668612888954198
ck_7cf301d075e4e709,0.0034299141297819075
ck_b87e88ee5512ea17,0.005850369453125522
ck_bed0c020b10afa3b,0.015601272815806339
ck_ca10102961f99eb4,0.004298420902855787
ck_393287947b5c8d79,0.0091478301450389
ck_2fe6cac002142f67,0.024951294315936404
ck_79c7f0d29b1db1cd,0.024564808165505367
ck_c735b643d3cbf67b,0.006052220477830037
ck_ea4332c8fe48e2a3,0.008891755029229354
ck_d39864119cdd460f,0.0010375693545458873
ck_3b963d6be2773861,0.00525877536451618
ck_df39e3b8a9fd0bfd,0.5695670175947729
ck_6236a461dc0d11a3,0.0010627201575777036
ck_475ebccca25e30d1,0.010532870194966603
ck_c10c8bcf5bcd516e,0.05605999196215335
ck_49ccc3716a564256,0.001534571976257423
ck_4e4f99102f6938cf,0.006521772309687671
ck_a97b481ade6f7972,0.03286583905021416
ck_3fa559c679751b3a,0.00813100060982774
ck_3eba1fd2c7acc4c0,0.3071385300066266
ck_18c179b4afc4fccc,0.004533978940185434
ck_cc1c0b93d05b7d20,0.0717676034192771
ck_742f7c28ddd019e8,0.010009263453401075
ck_04470bc93b8a0d71,0.011493236961276085
ck_6e8f8ef7a03cc6bf,0.026523252057396324
ck_eb1ddfc353b4da83,0.0016443173908829282
ck_98831b57c7ca2e4f,0.0012615304738330447
ck_a6c7b8d6e8596d4f,0.007991135377525858
ck_cd7d24e3b095e96e,0.04192090086879626
ck_3f5ae4673a9f858e,0.003969801596028824
ck_05f375fc8ae0afb0,0.00513914072317969
ck_1fc98436281ee39e,0.0020617351278653323
ck_6c48c58678f64bae,0.0008063369476752916
ck_8c95aeec6a4c75b0,0.004126223468903956
ck_364cde38958b7af3,0.2037271968773787
ck_85bf21aa1a00452f,0.00654356313686377
ck_796d3eaabc667c23,0.9943479357855471
ck_ac449ee0c315edde,0.0015021929665648016
ck_6f9fd15ac6b163de,0.0030684358515277762
ck_4087065be2a45ad7,0.400532635927023
ck_ecf006bbc78ee3eb,0.15938927256420327
ck_8ca808cc5a49cb5c,0.009112148383387909
ck_94b90ab8b2dfb50f,0.02013406296690344
ck_59fd11b3232de9dc,0.8614454189121409
ck_67f3794d93e2dd67,0.15047076666044384
ck_b7f5acf5df1bb13e,0.005211118598782068
ck_fb04ecbaebb774bd,0.008713712418530644
ck_68ef3e7301c621b7,0.00834894524727518
ck_41406cfa209b6bda,0.0032498361855994224
ck_b0f8f5408662337b,0.006456939768781059
ck_0d2901bfe585c391,0.09767788166477273
ck_3398551e81dbf3db,0.022713453510990432
ck_61c3e3e277629646,0.015585943924718796
ck_2825e34dd3e7ea2a,0.005892616389333106
ck_20d7571ba830009d,0.0037099096740605573
ck_c98b16f9a72a6568,0.0007700770235550029
ck_e7c8a9e4641eb9ed,0.0008068978668866369
ck_254a7c97c36dab8d,0.01262205325847222
ck_e98429675b46272b,0.0031166315868645343
ck_c2fc0ac460786d02,0.0425390482580313
ck_fba15647b3a140d9,0.010440555990080548
ck_15ce50f2704227be,0.025620997260366856
ck_8c748aaa4a4554f9,0.015665974283581845
ck_e00e82a9419ff086,0.027387271472368652
ck_832341c98254bd84,0.012523436707006475
ck_27466468d06db4eb,0.019839794423036593
ck_9d7b9e3ff1f3e71e,0.002964353532560209
ck_42c6973d3a6fe983,0.0011313086195548993
ck_877c85bad118bc62,0.01701231597469221
ck_75d2a2715259c4d7,0.04179748739077081
ck_37d3e5c681a2214d,0.4252267270892349
ck_bf285dd49f372de4,0.009970419110352005
ck_a5bdd026fa9c50fd,0.007969173022798263
ck_88d9244a9cf7a77e,0.36186160749952295
ck_5881b174e49b04ee,0.0014676146490670342
ck_5b16d67c5ea89930,0.01117456437522652
ck_b75b936aafac56b9,0.007935023925532756
ck_aed2681e1646a0df,0.13258738244991902
ck_f63cb5e8cc702bad,0.007462571199769165
ck_1805fcfc4a9e4ffa,0.8254545957362641
ck_25c355da356c730d,0.012480717158391748
ck_70396398e4a96449,0.001786303798680661
ck_0f743bd13373748e,0.021657254694537754
ck_4b387765f0e916cd,0.0018790285715277956
ck_e971faae8a10a260,0.0007552375278863799
ck_9eb08369e983abfa,0.0016318517563901863
ck_c30c5844512e429f,0.031302921103052175
ck_59e77e3a81f1fa0d,0.0077457681028513066
ck_ca4465f2b5c1a52e,0.9942311346716943
ck_c89b9ca398402f1e,0.0012116316878177658
ck_36e72ef9273e7a95,0.007390057454992158
ck_2bdd8616870e5e1c,0.003266795664518659
ck_216e87a41de22b5d,0.06913621913839603
ck_60f4fb44f5efe3a0,0.0011305069112284602
ck_05652e8ace6ce6cb,0.002802059029152021
ck_8c136dc691e65695,0.0009554021852805777
ck_a08f8dfadbdca112,0.0025408872776439507
ck_bda4041a3e90d860,0.006248494491961287
ck_15dd3ecaa8ce0245,0.846930638116355
ck_3e3c64b3b7876ce6,0.036670733781692874
ck_46225858a38b2e57,0.00704108932949801
ck_0cb9f54928f4feee,0.008505699193936546
ck_152671fbf8a9a78e,0.04644487579890283
ck_ee7a515e87d17d4e,0.005024950696009741
ck_f7276091bf513d22,0.0122772719335616
ck_4f05daf1cf0d5755,0.004645906670566615
ck_83a69c4a5d55ef19,0.011905341150411551
ck_c50fed2a7c9198c0,0.00638979249296716
ck_70d19d5650ddc8f5,0.008241171827242592
ck_4b4d99e443618904,0.007945586539438212
ck_dca0b6ca93311ca2,0.10200032483735495
ck_b7431d4706461ec6,0.014242708519112374
ck_7b59d22cadef3b05,0.21469746067024748
ck_53428573abcd606f,0.020860159361808264
ck_f538ab6aecf2adfd,0.0006382748275416369
ck_d321249fb065d2fa,0.015728167242504892
ck_72fdfc7e6d8e1436,0.003232466880077565
ck_b52b99dad89ecdfb,0.011783913398322339
ck_d2d4282f9d256b3e,0.0018221627124171656
ck_c8f2a1dd8a6141a4,0.0035813953461149546
ck_8d38747058d0aeea,0.40707424016500865
ck_3ac528caac74f563,0.004943696976034612
ck_8dbaaa00ad829ca9,0.010683131369795774
ck_7c38ec898f0fc21d,0.00502658128568208
ck_8171ef803f5ff604,0.016667848230085443
ck_01a750db6fc1168a,0.06590955642885579
ck_ceb017baa26e98c8,0.019354210781240565
ck_e2c66c72cc0b0f78,0.07144190684672956
ck_8d9518f64b222416,0.0019689584464375113
ck_804c5a1fa5753617,0.014628721777229584
ck_fca7cc9c42695453,0.0009816466345650336
ck_3a632cdf2c19051b,0.008346159745316349
ck_b2b63ea65edf1dde,0.025975227821754442
ck_27b07021500ee841,0.008184637973554829
ck_9724718fe64c6557,0.9805894692560342
ck_2786cbc3e75ec034,0.062188253631992374
ck_d9c2622cb6df380b,0.026694532044662222
ck_ae1da8ee98e402a4,0.005900108153345197
ck_62967b91504149f9,0.002675741574464888
ck_6b255bf68709109a,0.011605474201665847
ck_c55afc68421d85e2,0.005897907188689456
ck_7c7266f6ef2a8466,0.016716858754564076
ck_885cf685a9541190,0.9744767569651259
ck_1a4bb7d3d2ee3227,0.006793184864134913
ck_b4911c42f3bff740,0.001997340302259445
ck_66f9f78d4c6a3edb,0.010231782694307153
ck_49bdba9ee1899dfe,0.0023983634497870754
ck_79b235d51718435d,0.02274780744137908
ck_d840db8cfe2ef6f1,0.002684196881633432
ck_610c7bcc1cd7ecb0,0.02049102047138156
ck_cf49b6544aff6c50,0.20854578629052548
ck_de05f97c3d40dd1b,0.02371451262046755
ck_0302f67d75973dce,0.0035870379606617424
ck_54c2604c9ca6256b,0.006425760082590204
ck_a1c88c0568f142d0,0.17099293208732982
ck_5d72ff6cc2963d1a,0.005504711846014735
ck_0446920a1004c596,0.001984141740985064
ck_71044c29ef071570,0.01182913985784966
ck_2122e9bb1afffef7,0.008632603335686573
ck_d1e3de178601d3c2,0.033420889416963494
ck_bec8324a3587ef04,0.0010263746542859456
ck_b616b6f45225f319,0.03310283335650575
ck_ce1e695884511479,0.015038599370689226
ck_a662b4bf900781e4,0.0010890317952134206
ck_b5a84c5547378c10,0.000767234377174595
ck_f80af368cfc6cb7e,0.0046478637394899575
ck_da3526ab6c5c884a,0.009297874707519901
ck_bd20be9a3392d79b,0.0033068917722504387
ck_b8266dcd90cbfa62,0.0048826518580646575
ck_ac84b33304362c06,0.010863054632799313
ck_794d8935a895e33f,0.0477693066476715
ck_8fea7d915259f1be,0.002789730924487582
ck_7a1519ad5ff45312,0.0009873972564687745
ck_9bf3ce30b65f75c7,0.09370982829622264
ck_5f864d72d1eead99,0.02396301019939136
ck_3c48e0cfc2a58041,0.3329966068294129
ck_d902183f80cc81fa,0.017414097434181337
ck_539cb0d117db8cd3,0.1533597984379565
ck_28f530aec8e77130,0.06699923032749133
ck_e7d903c50d353361,0.6223164034023951
ck_d288b77d1e227970,0.0294389291779995
ck_017208fcc01b5d40,0.007211240333824311
ck_7e3923d278a5106e,0.012561938502953002
ck_9700a00ff9e66216,0.007464605165860738
ck_5c36c78b7a4d138c,0.05987259204569573
ck_c457e9c9224b773d,0.008782841451869704
ck_1dfa91405d7e66bc,0.0038918319665146596
ck_f1d8a2695a575e56,0.008018410827660498
ck_3b92a46daf8d00d2,0.008379675749435253
ck_aab23b5470469649,0.003159979413883849
ck_ecdd01a391610d99,0.0054649572569471
ck_abd3aa292f8edb4d,0.017169491776467538
ck_7fc9a0776e1339e3,0.0016542034669755322
ck_c0389ebeb0e65cb8,0.002701187952244995
ck_48d0fc4f6a2109fa,0.9920180299276916
ck_571dee4f3336c7ce,0.011332864544342184
ck_4cedf26628c84f26,0.029427598871037703
ck_63356762d24aab81,0.02649814895695063
ck_2c5bc11bb7ae5d2c,0.9416788002614174
ck_6d26a152f900fee8,0.0064619534305723775
ck_c972b0e781efed3b,0.0014591701898238382
ck_fa0ecbcf9a33d6ce,0.0016426362841615943
ck_fa3a766e49dc77ae,0.004661688270096785
ck_7baf1e55db0dc558,0.0055675369442547105
ck_e8bc49e6494c1f37,0.002593646188007728
ck_8ef1d05cc1e53e7e,0.0738245352746864
ck_cef2a485a77e0723,0.00315804704202534
ck_228a583f23abff48,0.014788055574705689
ck_ac32c6e374782b27,0.06696737762748017
ck_b9485218cef413f0,0.00091111483294888
ck_7f15503048915d6f,0.00761493575432601
ck_b62f5144db15ad34,0.054745594050133975
ck_917d82c552f95a23,0.01771510806959281
ck_fb4797045077bc6d,0.0013457978219080099
ck_2cf8a44e041217de,0.06856276648652637
ck_b7dd681eb3d2ee38,0.0018348401438858096
ck_e9e8cacd2fa35e79,0.030329556046418495
ck_342a79f91de5d1fa,0.0265605175597734
ck_2c91f62c05685ed7,0.0025991803166889203
ck_e30cb64302939f38,0.021458169128653802
ck_d0e95b90ba86da10,0.005064630388875516
ck_1774faf414a5d49d,0.9471426317037398
ck_2401e8ff89e574fd,0.7484057610001681
ck_0cd8802264e0a1ef,0.016254184214755628
ck_da84a0dfe947fd3c,0.007066955649292085
ck_c8affb27ba7fb5db,0.02000008470231042
ck_bc7ece8787ca7200,0.0034337560428696484
ck_469a0578d05990c2,0.0021239784788392017
ck_eef67f8dea702338,0.019228501339276026
ck_4f490e379e9ded9a,0.0017204482312798228
ck_354379de065a8ff8,0.0037426048463599774
ck_5db1cb368bc41ac3,0.0022772232786947445
ck_9b1c3742dd6fcb8b,0.009583285316738337
ck_63ce4f44c92d7143,0.01925705367108326
ck_e15e3390f5ed45f3,0.004182569388884312
ck_da645ea91d66aa6f,0.14876943457711442
ck_834ca727df855f07,0.09664766724607006
ck_e1d5ad20c737c745,0.0057474872129620784
ck_ff8059ae5fa5f1ee,0.0009391432392295706
ck_8bb9e75393954a1f,0.001280252578811816
ck_4e1757d1347ab387,0.9931930026321647
ck_af3f74b1d75a5d95,0.014451074680857523
ck_6b1ab0742ff04c3e,0.035471177841678525
ck_f56073911c9f1ab7,0.001584289363997889
ck_51bd5f69b4fe0b92,0.4912162560014671
ck_fc3d95030b81f416,0.000826927512395387
ck_cf78169633a1600f,0.0010479322223413713
ck_ad7269eaa65c67f9,0.007050757816885715
ck_cc6d33890d47a6cf,0.017704596405131112
ck_bc8f31f4a2ffa1ae,0.0015051951309127327
ck_720776a46e56dfa8,0.010763597705348857
ck_e2d1f212f259539b,0.005616423344729662
ck_eaf6f7082c3db2bf,0.026505014439041807
ck_773efe58c6278c3c,0.026385681451165842
ck_c4a72c09f2fdacc4,0.00586332367351472
ck_8982888dd6611143,0.007625868560528906
ck_9d5049e195eda029,0.006738526735090395
ck_de58ef6f9fe2b546,0.00948207249994012
ck_c0b50c11e4f5adf7,0.03501048531356955
ck_ddaf228487858bb8,0.05191082349073671
ck_eb2323215ff70362,0.01933410255926131
ck_168c96a1a636ea15,0.007271293302439483
ck_9c46711b14d9eebc,0.0011834986150931954
ck_de8af660806b97b5,0.002408001900087073
ck_6ab83f45bf16eaa6,0.010513203429705345
ck_bf2228a052815840,0.0033481333077160376
ck_3f943f20a9da9bff,0.009274260895293752
ck_3baae40454c00938,0.01140249193420191
ck_bc2e771a1d8d2dee,0.020697327178719343
ck_e55f5ca37f30ce8c,0.011990760528373869
ck_4ad5937bef176d89,0.003775749104756823
ck_126531a9126c17c4,0.0009051498095893455
ck_7ec423cb56257516,0.028996720489406887
ck_54748ae0f2daaf10,0.02082911005022503
ck_ff24776280ceeeed,0.002442517776057701
ck_3c3a1a1365741bba,0.0023912232347343887
ck_615277c8a4e2b18b,0.006947896210392647
ck_a96aaef34173aee6,0.1022448671681305
ck_bea56db7f3e930e8,0.003524417140198703
ck_ca491debd3b32a59,0.007933353471050335
ck_d9ea77f4114a389c,0.0033433961430110494
ck_322ffda3332d08a2,0.02028097635481535
ck_c40ffefe4e30b001,0.11159196360721224
ck_3b1d7648d4580bef,0.004062480635200997
ck_23981a3261674131,0.017241937624893483
ck_11667f5b9fac7bc7,0.0007626116799791577
ck_646bb3c7be5f0817,0.02096957788916576
ck_ebd0a45712dcf07a,0.006154527062314376
ck_baf43bf1bd963f9f,0.021125943991859075
ck_e0ca2c819658f6b6,0.9835609291930579
ck_f0d6633d0834fff5,0.03450923458125727
ck_91081be0254878a5,0.005728411930197216
ck_1325000bc7f35b5e,0.0010807825722547579
ck_c624b9063400fa3a,0.13283115737025622
ck_0ad6fa0e23c3bd0a,0.5197993220471387
ck_6ddb55b1f23c6cb1,0.003994182999056084
ck_dce1fb3acd65562f,0.0027661633163878502
ck_a9aa389688ee5aea,0.017035945603784953
ck_5c5284c45d9ad8bf,0.038248762291248836
ck_9ce743dd3e92549c,0.02711233972040883
ck_8342e08cc2f9bcb7,0.007676938215840366
ck_25e551a0a8d2fcc2,0.048900777789814706
ck_d4fd0e438c97e0c7,0.01977754140704548
ck_ac7fe1c344190c50,0.013742868279416873
ck_ddd65711b5651f89,0.0012915619561070604
ck_ec7406cb5cbc8f10,0.0031805730934116273
ck_1c65e8d5be3b9c60,0.20761968182314253
ck_38ee42f15a573e81,0.005853732578230263
ck_0e5385c70c6de025,0.005574275661369193
ck_d3137f0f7629040b,0.0037726602981325726
ck_9129c92c12e0c8b4,0.000760470690153666
ck_c86520a00e50a926,0.01845885012440137
ck_87f82b2b5fee757a,0.01214055143751015
ck_643abfbd7548d0c9,0.02048657003533212
ck_be51f4e5e6b85768,0.08381149798742955
ck_132c16312f37810f,0.0018025400228182157
ck_c78c096ca8cb33ac,0.0009207749105798897
ck_2ce5afbc014763b8,0.04070349104877094
ck_50ed8f4e7ae6710f,0.01061735431541328
ck_5a4eb535c9a11993,0.010930519878780454
ck_9b665ef46d785324,0.003974397796016712
ck_e066f71f8b296b7a,0.0016036592310228338
ck_560bc6017870ab06,0.003991721748601517
ck_fd78f8a8663646d7,0.0070477460324328165
ck_4af5ec61ddbde1a4,0.012569874875667367
ck_c2ed04a9d218410b,0.004725181649318197
ck_2455d43bbdd2bb69,0.006825569795859379
ck_56eed7041add49a1,0.10378697629156539
ck_5f0be7b468a72333,0.006773240222889748
ck_19660cec756632ca,0.005288190159341231
ck_fb90408f4892a21f,0.010705449968056243
ck_833a65b86a5d9bda,0.0008174220006460151
ck_2ac36e1dff211d38,0.023376426303190742
ck_c00e70606904539a,0.003360486678239614
ck_ba8affe4b9505a95,0.4850846516275521
ck_0c3dd22587b08018,0.025158665594856834
ck_618c4e5cfae99dcd,0.1103500170906595
ck_c9690baddfc4177e,0.0008430118031058873
ck_59fae092fb0c4aa3,0.008207558570665307
ck_e03b7d0fa0b28f4b,0.002201234895618398
ck_d451d24c780b5884,0.005154685321931659
ck_e980d325b8dbb8dd,0.001244181749623277
ck_cff18e2d8c520272,0.0015484883468808992
ck_a0e46b67e986ab56,0.022450968538312722
ck_3a469039a5b9d963,0.006331787884443345
ck_12cbb211ebd2b437,0.09376987507458374
ck_b8cdd6d6dccc4554,0.006521897026414421
ck_794ba5921cef50c9,0.040544601206845825
ck_2c7667f64edec2b5,0.004214168240255322
ck_7262b4e0c29c942d,0.005874738844316866
ck_5d818522cbfe2a54,0.04204013570515598
ck_de39c1947fb675ee,0.12535388954023724
ck_c021495606b4735e,0.0063646146987967585
ck_1fc03ba33edd9e67,0.02324582581298404
ck_a6fe344bbf67f14b,0.01464646757091748
ck_963762210edc5694,0.03755402154218893
ck_d064428b7e7dc409,0.004117492842112425
ck_59be61b53d971611,0.00603331263014058
ck_ec8738ec663cd2eb,0.016397650960027217
ck_59d086fab5998646,0.011721340420776041
ck_bd32dd3b2cbb7888,0.9947998506853727
ck_ce0166addb93bbad,0.0009831685951795074
ck_7c0fdfbb447cdc04,0.008243422807194268
ck_cb1bd7635968ed8c,0.3051073902309308
ck_66f94903177f20eb,0.007082835704881774
ck_1d7cd5dcbcdafd7b,0.4133428189111405
ck_5e418a7c04437b4a,0.07173783857942347
ck_631ea1ae91ab333e,0.02534185049312628
ck_0a8029e79a5ae7ce,0.016380311591430958
ck_c4cca8278bdad9b9,0.0009631111368134865
ck_4dec3df58077a257,0.007541307849849156
ck_609c249edd88c565,0.005999728182235878
ck_02e5f9cbbbf2f078,0.01697669851501664
ck_32e486859130458f,0.8855722917807132
ck_21ed2ea6386c5a07,0.0017637320188852415
ck_1242aa4496576a99,0.004757629067937011
ck_475ea9aa6d3898b7,0.046625900652643916
ck_fe1b1adae3be70a6,0.508849787811884
ck_c5414d7a8031d4f5,0.001767968627608578
ck_ca1f6f01868e978f,0.05160143213018237
ck_5eff0208c74ec714,0.012544638478997127
ck_a315c9619a317609,0.024027895887600913
ck_2b87683c90acb852,0.006674366082577357
ck_7cd9f39c50748ed0,0.012171381971292378
ck_16a06d58d71935bc,0.06621813777132891
ck_d116e0e7c19b878e,0.9239476913798393
ck_931510e384b1d0cb,0.002618115360030202
ck_e7651fb87bb24132,0.0012064684729257535
ck_88ef9f85948e1a01,0.004290921255609226
ck_17bf38d51115a8f3,0.0036605003407978675
ck_2659d1d3762a2825,0.009761638105042969
ck_a7285955e2852686,0.018820150106951303
ck_f2c33d5b65b321db,0.03420828164576461
ck_83e5979334345622,0.033618505222510184
ck_629537d8b4d0f395,0.015200297902446657
ck_72022008a92c9386,0.03405744351819033
ck_2973b8274f0bf69b,0.013708668457984907
ck_565e3418d2f4061c,0.01374235946162814
ck_54bb53b8f8ea32ae,0.9927596574899002
ck_af0a6540ea7a36b2,0.0031301219156203543
ck_888651bfc2c8cf70,0.020557851310709314
ck_1dedcb48ac381a1c,0.17890813883928589
ck_f73273e220296be8,0.0146894553685338
ck_8424bf65223a5a9e,0.0031010222909721263
ck_337b930fd149a696,0.008059306818988313
ck_8a4952de8a123ef8,0.0016918970374170347
ck_884168153c9c0c81,0.0010745250256724854
ck_fdda581aec411010,0.0011231904016719768
ck_2b7cadbc8b180d32,0.6473849265289485
ck_8aa8b9968233a1ab,0.004525352809022301
ck_0af18b3ce015d294,0.0022385636027335803
ck_8dde670a735d1e90,0.09262648920020809
ck_62f46226f244139f,0.036229254104697475
ck_f948e8a8fdd79b4e,0.011204915849863162
ck_fa00aa0f3e859904,0.019862997452290292
ck_fc7935f784a4f249,0.01077734913018474
ck_e7501307c0698e5b,0.015463220869266579
ck_549ed417f2834cee,0.022519500082371514
ck_fb2a35571ec719d4,0.40129784770864435
ck_25822068c86c856f,0.0014080763650454822
ck_8f35d229b62c8f23,0.003257691744701879
ck_bdcf049c1e7d0c95,0.0027498529728474438
ck_0aa9db36eb16422a,0.0011842114120105022
ck_42dcf92e9e016922,0.12459834340988503
ck_42341cf31c08c981,0.019608364513750733
ck_0b20bfc515ba42a2,0.01877795701763099
ck_0ec820b670d48098,0.002402428062241183
ck_1f0bafec397da8e4,0.018401716064218986
ck_82f07504ab59ed33,0.030829057469795102
ck_337b24a474010abb,0.9887133558682721
ck_703703bda38fdcf8,0.008279792007858083
ck_01e7960c63dca3a4,0.91881410367037
ck_be5bd81e3715cb8f,0.9598425671594286
ck_197f8058cea1fbea,0.0018346001352001523
ck_eb3fb1106f2f1b21,0.040192924820484685
ck_658b4b54be09a4bc,0.9898610096537889
ck_266ce7ccf41ccc50,0.008302080862768443
ck_110608c3b03d4038,0.5950997153458852
ck_1be8cb95d6d9bbf8,0.0023126731211354857
ck_8e16a64a776afa82,0.3394477837397895
ck_34bd190d37eda534,0.15944958233700907
ck_4f521611ae14ae66,0.001283216621900503
ck_d839798f9520363e,0.021950330950032633
ck_d1bbfd246c0ac9d5,0.01453330456681443
ck_f19030e6e85a6776,0.03252205173917957
ck_cdabe60ab59f9d5a,0.001861961359524765
ck_bb84b2b30293f566,0.9223673739572625
ck_427b91925952cb40,0.03192944558480941
ck_1078b1e155b5b640,0.009361771059701979
ck_95fdc264eac72fa0,0.008273622477690503
ck_e35eb857c61548b2,0.6255827828552769
ck_69bd0b1abea7e1f0,0.1002526969671097
ck_59de511b20c842ba,0.029463595977454793
ck_168e7ea341a36b80,0.001487002362735681
ck_4937cfa6526ea138,0.008138910772162628
ck_bb1a981306b750ac,0.03035712411967032
ck_f42a43e4c3f34ccd,0.0014363607998128358
ck_c7ae1d4b3ab38185,0.006762370402065701
ck_bd23cf9bba1dd33f,0.053351036102376716
ck_0fd826fad7ec7cd6,0.022772210541334957
ck_f143641bf3dd0414,0.054955336683046196
ck_ad6d48c20a3688a7,0.0029330222553242717
ck_7bda5b5b927b2905,0.04985814988437105
ck_a337eb38eefdcc88,0.0296252382234717
ck_403da2a2d800df9f,0.1323775573449426
ck_aa01d5aafde73d0a,0.0028750971199780436
ck_494954023f0eb309,0.013092259257377212
ck_1c6820fc38135ad9,0.009817578216300991
ck_0e0bab173622db9b,0.03054675444630023
ck_547090bf35a3b243,0.010739847540420386
ck_d69455220b21dc9b,0.0026237956712347153
ck_90b4ac695b9c6bf7,0.002400077488956126
ck_8d2afe17c0082e6a,0.052293221151103256
ck_926b81c0ba528eee,0.004114039751133531
ck_ce36b0c287bd198e,0.05368590652582835
ck_8026e017909aaa6c,0.003485742898406364
ck_dfba788f35d4c372,0.0017953606994022217
ck_f09f9d0e0886e0c6,0.012930458228707179
ck_4ffe0366df388604,0.004669982910235918
ck_75bb521de55644c7,0.0018650599924210655
ck_81a960fddf79ecf1,0.9707270474701989
ck_8f43459991ea511f,0.005051844341948124
ck_f878b68d66fbfd4b,0.001217909129970963
ck_e84abfc0c747c9dd,0.9688139192217312
ck_3ad3fd3cceb56b66,0.9300903566654526
ck_7cf562578c7f158a,0.0032574529544525596
ck_f81a97d350397306,0.04173508503063607
ck_255d87b7fb40caa5,0.02106560596901837
ck_b3905153b9eee924,0.009641993740664281
ck_2c80a592fb4cd6a3,0.0033908544940047846
ck_57deb202d4188a29,0.003966614668479742
ck_e3cb5f31d8e94448,0.9890847103860537
ck_0db62d5f7f75f80f,0.01712948063102669
ck_ced9163ea85589ea,0.07875695055111046
ck_e16528edc694fb33,0.9665874983821345
ck_78cc5ec4940fec3b,0.0024900534158934407
ck_31742076e9a998f8,0.06591531355378276
ck_5ac335f02280271e,0.02242508511109275
ck_7cc2e091806cfa5b,0.017003315549522505
ck_3152c7115257f084,0.007999643714834736
ck_ab1b9d019921bca7,0.005200007066697923
ck_c33a762d98f9b290,0.0009493569622756427
ck_b16a7c51b6f7a6b1,0.13048263742349167
ck_97402a153348e68f,0.003913570921642535
ck_95391029a21caa24,0.04455387312991495
ck_c2015a1200971fe9,0.014412659385435553
ck_ed4427962c68918c,0.9785127662955796
ck_c5e4a17d3efb19a4,0.23206171400770162
ck_8aec3d3dd51517c2,0.0006187340995788046
ck_f5178a658225d8e4,0.0009700574282677109
ck_8594f165e95316d2,0.0028518066483329404
ck_f0c4aac04076a6dc,0.13053619310243633
ck_ac2f7397801036ef,0.029307657064168602
ck_d1ea4bcc407c7d5e,0.007247680754685806
ck_cce8b6657a538fe0,0.01632564150756139
ck_66d0c6d6b67a8d58,0.001735446859074858
ck_1a6b30320835e57e,0.008333459235198449
ck_8cd274cc85aa35d1,0.053397311337726884
ck_ada46085a78280e4,0.01909133052309055
ck_ce1b06623e4a815e,0.000873077085470278
ck_45e70c8a9686580c,0.024686205671926104
ck_0084d8ab6b1044f3,0.003927269576875647
ck_a5f7b6fed6df2aba,0.044438256700193836
ck_94940d783e7988e6,0.003467213498659623
ck_00f9ca84d1d8ae7a,0.005500156130767289
ck_0deb56f3f6452818,0.0015244847862507962
ck_a58e900469dfc3f0,0.004442199555820465
ck_028c41b195280980,0.0068921867760351405
ck_7661d7ceaeb19f97,0.006543616957305785
ck_6957905a65c47879,0.016462703512994455
ck_f7c6c26ef3c4ae06,0.006939838110110794
ck_8777beb11aabd66d,0.006149333155245096
ck_7db098a17374bbf8,0.9364306447211355
ck_66aeb00e44486cda,0.8792963971985068
ck_838c52cc1d315ec3,0.001698284193045086
ck_1745847cd4e5dc83,0.02147497988666469
ck_201687857ec8b3cc,0.006275245031569425
ck_81818169208a8cda,0.009029538290373024
ck_3303fd3f64632c7c,0.024558955157365763
ck_edf1096809e83ef8,0.0017767863060781715
ck_235ce9603c7dccbf,0.028463899785042084
ck_9df7e153868bca13,0.008226032266348451
ck_3cfeade2cf270fee,0.002736265555569601
ck_982b0bf2e2b6c4f7,0.0011737844423518097
ck_faeb0da678bb86c0,0.004319855272199446
ck_e86ad2fe815b6ed9,0.011696035662769912
ck_70d69e5d1bb99e85,0.004074520036523614
ck_7e9a8924eab779e6,0.9912272256589933
ck_019d5891103e7da3,0.004485263360961717
ck_14f0484b3817eda5,0.0036540420924578132
ck_85de63d278f0fbae,0.0009983455068288197
ck_ae91b4cff57fb3bf,0.02060147704332205
ck_2a6d43b9f883b78e,0.7187667688375624
ck_7a4e3d553e8ab5b7,0.024563273049656657
ck_fdf89dc69f700f84,0.15394297749843627
ck_f92e04024bf13558,0.002805027784833815
ck_4a522ca2dc4831a0,0.0007153889580043842
ck_68ba25dc3385fea1,0.09529826130053622
ck_22128a4f0d033422,0.00986111362491868
ck_5b52ee0a13c71590,0.0015671536631481728
ck_59472d17debedafc,0.0046485883146915544
ck_9dde2c63acda3ba3,0.005396791676049352
ck_7510b1023cd08531,0.0027820434775030142
ck_071ddaaf2e4e3671,0.00205217566420195
ck_1355db6f4010232a,0.0034246056741677965
ck_0a7adc2f27f98510,0.043417095677331694
ck_68250033717cd59e,0.0014746478215628283
ck_7c12de74de30b788,0.7032892053022809
ck_65491367584c730c,0.00885736682294648
ck_e9047964952bee70,0.011256150606209533
ck_5567779d6ba184eb,0.015779858136224782
ck_d6ea026357ec6477,0.0040446310107945605
ck_cd7dcc884e283746,0.04065280185410521
ck_0bd77fea8ed75a15,0.008278608944671462
ck_e80883208e8d0453,0.003987407695822771
ck_2ad0ecbacd5acf8e,0.9869798570603479
ck_6c1dbee7e8fdd5c8,0.004003475077134391
ck_ee4d9a7449515908,0.0012952807445096178
ck_636111f7f030496c,0.00818312695770356
ck_2c629c657f73941f,0.0118090213550479
ck_c1c9d3842d758420,0.04421506821945161
ck_e4df7faacdfe8c40,0.010992695489830649
ck_94e8142728e44380,0.02575500008586391
ck_765aaf42c5088545,0.007617224203768115
ck_e0f845159b6e6a4a,0.017302811134123814
ck_5bc07deb82edbad7,0.00099220883135898
ck_713159c5c6a7a4d0,0.9951380321385767
ck_b08afc91d9ca55db,0.038531998532498404
ck_a7bc323ffed2ea97,0.061179629452867826
ck_85ca825f905a34a1,0.016968765973015245
ck_33160c443d4b3f19,0.028368117524909992
ck_832d39c590a3ca75,0.884256248166969
ck_7d1661a34164406e,0.9854967301325228
ck_c2466fc40fc9d5ed,0.9811885088451371
ck_ed0e776c0926ce67,0.07240570521358336
ck_cdd2ebeec75bfa69,0.13651435485702185
ck_d7877684c7923ec3,0.00301883526252519
ck_7384d4d2406aabf4,0.006272465930758722
ck_b8e5244e650aa81b,0.014731318990591633
ck_25a1ea40b2d59254,0.0010998628068353325
ck_b9e5b318ee4de68d,0.0036651095510889927
ck_620d7ae27af83cea,0.006717608754825077
ck_40b4e264d1a12b83,0.9787348720134428
ck_b694c803b62862b3,0.004925234541802631
ck_cbeca201dbade3e5,0.07442039047140954
ck_f9b439c9161c3e52,0.0014725904205564581
ck_9880410fcd10a28e,0.0020758120025217396
ck_74928f5f91aa12b2,0.1395795988900867
ck_b6673bbe61d2680d,0.016073395834857257
ck_53c8315b5c30acb4,0.0027142796720031693
ck_78f01d78ea79642f,0.008993941161392797
ck_8582490d6e365a63,0.01185083960331789
ck_af25c72d16299258,0.0017038501429692276
ck_7905fe8e257b0449,0.23624143967675582
ck_0d16d9349e4a9e08,0.04217126560017505
ck_31b16b8848584e98,0.015066532125123409
ck_67207e3eecc02d76,0.015285798964377484
ck_e6b95ff91116a592,0.008193045192007604
ck_c08f622bcd6de6e7,0.0074749246895730575
ck_f9a68da9e0f0bc85,0.002989214631616308
ck_4072b59388976896,0.004814016589362284
ck_8ec86e853ad52828,0.05240122110560902
ck_4fecb87eaffd5cb5,0.005792747137246712
ck_d6880578428b965e,0.2025194632214602
ck_bfc82b3c1c9f2897,0.9711320535168391
ck_c340644176ca03e7,0.009377183087182833
ck_321e740066fb05c3,0.8713539012382213
ck_8929d2eb09872052,0.0872504629623669
ck_205c107cec528414,0.5451479335718743
ck_e76db7d2562f9836,0.028676190498228577
ck_9ede51c8434cff6e,0.024025682204069976
ck_492e4b89c61b7b6c,0.006365004277523253
ck_9385f5a1eeebefcd,0.04084994285611881
ck_ee52c7bf88f952ab,0.01538961727796484
ck_d8116c34302021d7,0.0026293196222542566
ck_01645ea51972e99a,0.02684084064512972
ck_7b45ed23304a854b,0.007004168182961175
ck_2096d32f3d497ea1,0.047799188955563406
ck_dfbb2056f1ef7d3b,0.01056486845134982
ck_938ce30c864bc7df,0.0007484292727951891
ck_ff30dda2c881a4bd,0.590858871869069
ck_f88c79186a082beb,0.009607322715175632
ck_08c7bb0f9851cb76,0.07645940636393314
ck_2675e7a008e584a7,0.01433965578095597
ck_cbaf8a954281d4e3,0.9709304419695013
ck_8b24eadf6c72b30c,0.35830720678129796
ck_ffc8e3c1377d0706,0.0021369659515693236
ck_5b59e859bed5b40e,0.016961532758723315
ck_7b61717f172f9317,0.9514956142967387
ck_e5c30947b732f661,0.008695014218303066
ck_bc273f3ce79f7e1a,0.002619334906308917
ck_f69e93388b3028cb,0.1086805516121094
ck_3837ad850996ba60,0.018454355844533137
ck_36d78ff3bc033ee5,0.010339274576162613
ck_5e20953547ba4135,0.0687361112591371
ck_258d661e450ac870,0.004388153699291691
ck_1df66f537496ca59,0.027399963819530998
ck_361f535599110201,0.012210343998733181
ck_337e98c69f6e7886,0.006239932452606849
ck_d3d5b2717cfc3913,0.06440366608852924
ck_b1dba768dbe7affe,0.018318570867942335
ck_92d782bd9ce0d1e3,0.010442574861076429
ck_26bd0f8898afc8ba,0.0007184878942494501
ck_7916e53daab36745,0.03261521974780686
ck_2caf553b31831a50,0.006534499214677025
ck_c6200734c7f9b2f9,0.9684893374781298
ck_cdc55623cb16e6a9,0.00506027814693732
ck_57849e15b61c43b4,0.0017267462991331435
ck_b7af9b2ee0eebbc6,0.028120097564810053
ck_00aa5fc3b3bc66aa,0.02398437930927511
ck_9929723f65636c7f,0.9953862368627171
ck_8f6cce9f69912983,0.005873804316351594
ck_c422ba389ff00781,0.0011502389237053041
ck_9ec7f334604a228f,0.025853901704311795
ck_5d01200ba3341462,0.012860639358271798
ck_2bf10be403849c9a,0.0036958129796715263
ck_6ca018259f70858f,0.00699032726932811
ck_a54dc042ebb7c766,0.5305433860852327
ck_79da63fc100830b5,0.008601669190349034
ck_67ab6f9e05c85085,0.007222613187856564
ck_fa80da579ea9afc0,0.019281563000646505
ck_4339f86c87289222,0.6181082128317754
ck_a2299b4f530be0d6,0.2576503142754179
ck_19db0bf788697c2b,0.004975440211471423
ck_fa4211c4d826d830,0.0008277396157230553
ck_96100d5e8e051e91,0.0035243031061259573
ck_5c3a671883d58b3f,0.000752077793307267
ck_2d9524787cfe1ab3,0.6254814789955396
ck_47ab8e51e5b3a2d8,0.0028344145779047097
ck_c924f36bc1bbbaa3,0.015793259725597565
ck_5c58e7f8fd55e26c,0.003314761611972561
ck_a07e7409d6d5aa06,0.008145754296362051
ck_c8413898f5f7cb7d,0.028408338432036172
ck_577c816b41cab002,0.8247138452560818
ck_9f7807ed64cdb728,0.009419277376308622
ck_495d814d6d6d521e,0.001831015325460019
ck_7aa8bc018c2b003b,0.001095275626750415
ck_7c3a6a82f3c3241d,0.003524404090378344
ck_487f7fbc290e4ae2,0.005704614501492613
ck_e556c4d36aadbe03,0.001034941648778276
ck_7e6569a1b2455cb0,0.0006911666802187925
ck_de2924955926d046,0.01497518598765522
ck_73d60b4630e3937a,0.0022883252690125764
ck_805ee564bd35ef15,0.006083408090023111
ck_0d40961e47797027,0.0011122435657462564
ck_f06d00a4f9c87d80,0.004614811749228097
ck_5ef50fb07b6737d5,0.018882257796358472
ck_16541fc15683e21c,0.0026071830421577104
ck_09fd43f1b7e2eca2,0.0007851725586987563
ck_2a2c336a69b8d68d,0.025076311786238193
ck_2685f38930866af0,0.04959018116746375
ck_298278a9da874437,0.006590299003656773
ck_00bd7803f2530c68,0.00894764507818687
ck_c2b4a1d8c0b6c1cd,0.006693942856156513
ck_2acb54ca20c3af6c,0.016320699063066373
ck_e3d4b6f681c783ab,0.08494326592182376
ck_f90293f1eba5d7b6,0.0863873839983729
ck_e69d27e8965df0be,0.004336688513371996
ck_b7f5d10b427346ad,0.0020648235270980184
ck_1ce20e4223a936b1,0.006804372761680349
ck_6b97d1ab90f6bdeb,0.0027341166192081908
ck_e30e17db5473c7b2,0.0022331707430352727
ck_154c8efb19dee665,0.007660367700798023
ck_6f5bb0c930644cae,0.9945150455031291
ck_9e17699baa83d173,0.004068767249759272
ck_9693b1eb70880205,0.0066191539060662455
ck_1e97899875bb427b,0.0026748347331429843
ck_558a82590f65df69,0.0007464394528352619
ck_18df83242ff3cdbb,0.027885748133103672
ck_80ad4396e1084c68,0.011355807325301137
ck_0a993bc947bab61f,0.05707972268638965
ck_5c2d43ff841632f9,0.0036598132034197824
ck_6e4b99fb9725d9fa,0.008516638203010013
ck_e0983999ca26c19e,0.019065534801065372
ck_6573c4947cc8607e,0.031212267578349877
ck_d879d645d6e44207,0.007208226836751262
ck_1375ad9f10688e4a,0.0013966780003578975
ck_7501ebbf4e21f160,0.010605655138899921
ck_ca60d61cd4dc3bea,0.0010951582571626203
ck_ab9ea095a5c58b4b,0.009835740432889598
ck_23756522b58df5d8,0.0006933869812186281
ck_90bc176c43d85fd5,0.133662127000646
ck_908b663b2dda94ad,0.0035926790620043323
ck_4df2fb8e4b649e27,0.0015903307953198658
ck_5615c6bbdef05291,0.09568021048881421
ck_b62f3e3185251f71,0.0005227400128852864
ck_38d1a22850178f33,0.0026071507104147296
ck_5b3ba20c8bb1383b,0.007110591859963861
ck_5576ffc6aaf6f22c,0.0024491467624215128
ck_cf7a022178165e56,0.004251952519283947
ck_f2c7a4c50e2ede96,0.028474285604842837
ck_285719c77eadf915,0.0010628979144721657
ck_f2aa1b677619ab19,0.018334166409150292
ck_3830c58d841e9e69,0.5989767350501186
ck_32eba3510c8eac5e,0.0030716368178433833
ck_8955d7b9030d5eb5,0.005234862550458909
ck_6775e387dace7525,0.02659841436938009
ck_0a0cd7f4be606a93,0.05738107087126212
ck_a9f700eee5d638df,0.003706990128568626
ck_3d7db96995745472,0.012333784993416343
ck_aeed557007d52e9c,0.0007897546274823447
ck_79b6a86830156b5a,0.01561275828962853
ck_6a1ff9d69466181c,0.9951501960195799
ck_f11b1565f986f5e3,0.012079511502036391
ck_4819327a78615485,0.0014742122558769292
ck_3ed9e081959b2f5c,0.010414624201300232
ck_16af4be191c47d3d,0.001085415260400503
ck_25122cc0e8b1a662,0.12090660486082791
ck_509c22828d467ba3,0.016934875369045928
ck_31109c899336348d,0.12350154947427205
ck_c51131e53baa59c7,0.0014168732261169946
ck_cf8ecabbc61d3e11,0.0026482452516424144
ck_eb6baff0f85ba936,0.012888210216768937
ck_777669e2243204f2,0.9383558155655278
ck_ac0ea27e692acdc9,0.005789701983337268
ck_4c6ea04ce8ca9e2c,0.0018039680182631037
ck_ca54b32fca7e94cd,0.004714095334543339
ck_4dfd8947f540eb24,0.007197630434873187
ck_95aff1fe27fb24bb,0.011253588203359335
ck_c7550723b90e5615,0.0027082568347222774
ck_57b3fee69bdf85e8,0.0009049543267267719
ck_f823407ace7ff064,0.04683373986109725
ck_a69084a068bcc8aa,0.037477215278981235
ck_c7b17f7b24bef5d7,0.006989441780650793
ck_7c4e588f927c27c8,0.008150846849761412
ck_77fdac602d0c6f95,0.026770670828069294
ck_e963d8525018d072,0.016894404531671153
ck_6e8ebaea8f7bffaf,0.002142798458915168
ck_aa42976a31cb7770,0.007235469710322941
ck_22c862a496008c96,0.992152887873494
ck_527550dd15f38782,0.007531915271995292
ck_b3ab3c210e2c7c19,0.04822795297698607
ck_ed9c56fdb9f45ddc,0.16623684126508195
ck_b53281da70defcfa,0.014621880354339372
ck_03009b721568ee98,0.00466266157199017
ck_3d9afd862b3f4053,0.535289350828708
ck_ad3c4be96599554a,0.005046811717260302
ck_d1c787c27d50af49,0.045698296917571206
ck_c7a9c7b2eef46a99,0.0033385286890221895
ck_53036d3c6c74446c,0.2365319142679671
ck_1b1efbd9c0964c8d,0.05623124618358213
ck_d66f42a269d5c1ed,0.011071886234602075
ck_fefc49a2b8ad993e,0.007087342545413875
ck_8b3b874249adece9,0.029281628761408073
ck_193d9c87ad3f1dad,0.001034830236820934
ck_0c6a50d747593b7b,0.008743632252791303
ck_c830f3830875b47a,0.009039092266321684
ck_79e202f06d8dfe42,0.034417441139491814
ck_5c0fe988b8aa7fcb,0.15262994715901818
ck_a8382d8345f21e1e,0.0036853943152433586
ck_8cb20053914692d0,0.042341028375909265
ck_1da2f69023ca4c13,0.0010416737714705024
ck_38abb60995114f8f,0.05225891117266031
ck_f5791fd8fd8fd191,0.009321023829824578
ck_a4e6fc391b674335,0.8276204452974719
ck_bd771efb4a7e15d0,0.003298781316728971
ck_38ba4a6b6a292054,0.026726215766743406
ck_f7a07283345a0dce,0.0031083100637658606
ck_87dc484baaf5a23a,0.0008799214170037006
ck_c84ef83489badbfd,0.016246225007933372
ck_a397cd64ec5d644b,0.004733224677112451
ck_7977135c2ff61e92,0.011006722809666702
ck_52174855b243a8b0,0.041832066634560336
ck_0f35e930d0614613,0.990715231293424
ck_b170a7db522a0d6f,0.009134927645755821
ck_7af748a23775bd54,0.05477409669535445
ck_52f641c9ee6fda70,0.003704296916463435
ck_c3719a30414bbb4d,0.002428962188687476
ck_2baf214ad6bc0dbf,0.022191277150681147
ck_8b39d8aacfdd72b4,0.0030958643319068772
ck_d39b0152116203be,0.015683997845018255
ck_ed33f8a937f9c7c8,0.006050494786801555
ck_8ef97b55a5fd6ec9,0.0015901793081214426
ck_8247f008a14bd1a2,0.002893559331036982
ck_f0d349d68249d5db,0.0017451793310384067
ck_a544e766540861fc,0.015635632073843265
ck_9dfaca4c7c80b10d,0.12770055131781666
ck_7e5401c362b2216a,0.001829277782086762
ck_64ff60c073fdb6db,0.037257878901050014
ck_fc5ea49518e5d637,0.0019187100834374426
ck_580f136ced341298,0.000914571893503952
ck_9cbef9bc95449dca,0.003751941726604522
ck_e475a3b8ba870a7e,0.004082508846546696
ck_97e94708bcf43563,0.003784361463918448
ck_13f03ec785cbdae1,0.001094352581347173
ck_152820d8817f478c,0.009136547695199363
ck_d20d4ba60eec9945,0.025931278532204775
ck_5c45968a805132e0,0.03654466417964734
ck_bebea2cf3063fb24,0.004094855166916032
ck_c3c69aefe7ea1d2f,0.007545340129159914
ck_02028b72f26fe855,0.013702191698687046
ck_dfadff70a58a9133,0.0006595704855027239
ck_6482ed4491bedcaf,0.0063498477749755755
ck_754cd7b4a5ae3f94,0.010138692813951763
ck_3132857aec8485bc,0.0007831208139438871
ck_7ce4ca91b8f9f1c1,0.003489796113993175
ck_41938582f4351772,0.005883014156492949
ck_f87d66946252476c,0.13859429253239697
ck_8053f1879a9b4e43,0.0017685878664319185
ck_93892e91387f5103,0.02965423888775015
ck_15254db133b28371,0.012550082917379926
ck_d557b9feb241b3ec,0.0010495419851655108
ck_71c3a8e4c12c989f,0.004516052308016991
ck_80e3041811033443,0.06443762583782184
ck_3380d60067b4634b,0.005687178786960512
ck_a9c2cdc758df8510,0.03294707081575675
ck_3c0031d7514da17b,0.02722528688268344
ck_18d214b1418be39d,0.013332428181265297
ck_7ce768407fd48321,0.010854537563830455
ck_7a50abd42298133b,0.006296526653398633
ck_2db10f987d137582,0.03285695680557853
ck_e077d004cd1d80ae,0.006063323355849062
ck_1cb6dc67f9a321b5,0.006257519170207832
ck_b864f64101149c35,0.3920431230303206
ck_9bedf54df9418e4a,0.00804445609362671
ck_c47e32c47f0e6578,0.14006906219920523
ck_71f382d5e338daa3,0.005103016999279352
ck_14b4bf7be6ac2b61,0.02106246920281122
ck_5c87eea1cc07cc92,0.04979756421864646
ck_5f445182829ef342,0.017274435406620763
ck_a5d7311291caaa54,0.001443407725371978
ck_b7df99aecef385e6,0.047348547373897626
ck_3327a0582407068b,0.012799812680141895
ck_08dba09fd7dab896,0.022934160155885563
ck_f4ec334be5266378,0.0017372869638228408
ck_240f7f894c5a86e7,0.0028701891025568263
ck_a9d994554fc14a02,0.0004340603831842284
ck_13648cbd306eee6d,0.01983015327616541
ck_601edf9105b3c321,0.9854482297526472
ck_9527adac182abe57,0.21430682204394866
ck_4e0e80f5cc271bf7,0.0010357877523892996
ck_96a89e720176b389,0.05608075610945033
ck_63560eec94b76d2f,0.022495178763322764
ck_c9c99e5b19aeced8,0.0006214006071075711
ck_bc32655ee5ed643e,0.009517428526678175
ck_edccb5a93b741744,0.0036212043060141995
ck_f786cbc987b70930,0.0021582560948719496
ck_0e8f26536ccc8947,0.011645127904278045
ck_b87ef4b98cfcec4c,0.022326543624648282
ck_1a9235812de4b2c1,0.030453531653376754
ck_d1ed88ea4211ba4d,0.0032936990118119605
ck_a4ddac49657a4450,0.00931136099059842
ck_d9ffca35188e49d8,0.02897104934358219
ck_3db73bbe03c3d240,0.0012752749234154947
ck_fffa0622344a36ab,0.001709997473586567
ck_148c28df51bba5e9,0.9809330469824149
ck_076cbc25c8f15fc3,0.9716692530707839
ck_e5ca550b39ed45bf,0.3254324280205534
ck_8dacf3a2061ca17d,0.010275270732834777
ck_2d7394afd61643d0,0.0028303570691006912
ck_e42206e91f6a1752,0.0008007028918298799
ck_2f4f94827984c426,0.0016800306320888443
ck_edfe8e90e8f4366e,0.0028957637054762694
ck_646b15f753e5e9c6,0.012443026005853222
ck_66600620149c8799,0.0033621940625631124
ck_4ff6fc70bccfba96,0.28199412551747544
ck_41af3729590c2484,0.006935839806008799
ck_920a48ba8c583e96,0.002356975554428359
ck_0253b3e7be021306,0.0006730273302903415
ck_2ae6949246ea2648,0.004602533869956486
ck_db23a5100f338d72,0.006461580502723647
ck_fcb2a559474c3493,0.01564898953478469
ck_0a4d7acd2a53cbbd,0.002056365443739193
ck_c5d62b2b7a6f3bac,0.985925976400455
ck_cf59f4fc0ea690b2,0.017059030285466924
ck_837be8126bb19250,0.001093542907489374
ck_58955542edee1adc,0.0015552445042656743
ck_1b93381d8eea58d1,0.0058840642083607
ck_97b8e05d62abdc14,0.014520604134770885
ck_71a0d645744302a3,0.0029819306798984035
ck_a7b57882ab66b111,0.0010749311716347475
ck_65f76421be648549,0.006251730064118753
ck_b53ea8713d32ca7c,0.017001758474242255
ck_991c4c924a1d85ff,0.9731084849089177
ck_8432ccec1a4ec7fd,0.9908638868211683
ck_64c1633297f43788,0.0013178352526702452
ck_4291fd9c1161d8e1,0.01904873185568086
ck_5e98ed6391d9f429,0.0392343059149605
ck_c7baebe4549fdbb4,0.03169011460097917
ck_6e67225ba59fa5ae,0.00938481338998674
ck_719602def4d35fe0,0.013717964920806092
ck_bdee7c86f5ebe81f,0.01759736885973677
ck_8de38f8c7f91961f,0.039220219771808916
ck_b0b5bf9254700402,0.008061065208884194
ck_7b55d9bb1a250d4f,0.014613194020895129
ck_3954b7b0fd1d6614,0.00153469154119238
ck_f29471fe7c818d6a,0.00464313927074513
ck_9e65a8a2f587691a,0.009564235970881393
ck_eaec5f1a83b66eb0,0.025285535092007677
ck_004fe0daecbe2c1a,0.32455254107665904
ck_d17653a4a2d4a79e,0.06235430680302181
ck_0dd417fcbf19e424,0.016675715912052337
ck_4c99a6eadea143e2,0.12231864743627685
ck_74d602c907ee9119,0.0007522281307606959
ck_1aa87cb62acc0ac6,0.011313941026200671
ck_094974d75e29fb2f,0.019470778163167612
ck_5ef935ac3d4d3332,0.010123975741129793
ck_b26e4ae47c9107ed,0.3655885476546004
ck_396cea6f95186ad2,0.0322289161773862
ck_48446a9e8184c7d4,0.00187362093272944
ck_31e1ede23247d56b,0.010426917087847149
ck_7afefa349b960a3e,0.005627731409232518
ck_f5e02a3432571b20,0.0558814358037895
ck_64eefec062592c43,0.0062611799634225114
ck_a1201284122c141f,0.012472380135179487
ck_1b34c420a4c85a95,0.005560199204914495
ck_d637a011332ba67a,0.004402003861365208
ck_99c0004d8b7079f8,0.005589654714174093
ck_948517bad569b40f,0.05910917298253506
ck_a28d6b1601b472a6,0.01722597791301591
ck_a0b4209feb31f5c0,0.9958310221539153
ck_d6d2c1f6dfc455b6,0.4300504136357744
ck_3f9e6d356d3dd3cf,0.0037967297344709493
ck_d08e00c842b75176,0.010395114499141577
ck_bfdd232a7c5f2660,0.0471949098410588
ck_2cdad03ed069438c,0.025949976282493348
ck_42317c3eabd0a285,0.8626868742750048
ck_3eb73e56751c704d,0.020244475934711157
ck_ef33c04f4c9e3758,0.017018576077743125
ck_1dc23dc870f1773d,0.029119916004945366
ck_76091f357974a152,0.01810175623592111
ck_4d9eb75e8eee90fd,0.060088257513212805
ck_578f67e69e5d2cfd,0.0008933647985608721
ck_3a8ce1cc724229b8,0.001063047046943931
ck_a96887f841e80fc1,0.032827387104002834
ck_d2d4a8f4a9f2c33f,0.0012591869873815897
ck_11f85bc705dbe036,0.03445032573377009
ck_7429b3f87528e335,0.008565171621177817
ck_26df74feac7ec51d,0.005619269331920661
ck_c78b2638fadd91ab,0.029620211690900643
ck_7eaad325abe3b50c,0.0014327240565804116
ck_fd44e34af620e606,0.06382024671129669
ck_f99738dff854e25f,0.005354877870894961
ck_1ffbce3a239bb264,0.007246679627806704
ck_96c7d52ba0a766ef,0.04141444026698897
ck_cb1c00c300af3f9e,0.019853686434598943
ck_ec3d12848ced99f2,0.01459147904071501
ck_26cfd7c3c6c7bf69,0.005644818461990428
ck_7ae86b5a885affc3,0.022157498091525344
ck_3edaa94d28cd48ea,0.004686738281183327
ck_3209c530c9812e39,0.0014831712908442956
ck_ea62ebfc1f04b49a,0.00495482014813923
ck_5fc90b4668ea81bf,0.010118710571807622
ck_95654593cdebd141,0.009369104431782793
ck_958c0bd61820147f,0.0489102406149281
ck_8440ef1386c07194,0.0067768984906174
ck_8cd1b68dd74b1375,0.3383512834563502
ck_c9eb4df91ff07f2c,0.003147939571204924
ck_c29489366c01fe65,0.9592932130745654
ck_c965fd6bec0f0ecd,0.013329435106265247
ck_84c402b23766e1f2,0.010331237850821772
ck_181f3dae03b87136,0.02785133630709219
ck_022a8ae79eb28cf6,0.9617243489604925
ck_469c17407d17b706,0.025069637888203666
ck_1fcc5843f39148a9,0.0019147183680158185
ck_5debd55f361b2ddf,0.00208531666899378
ck_28cb9b03e89263f1,0.0013606395482571732
ck_f067470743d3c7a2,0.06906253252921593
ck_d5d225ce41a1a762,0.005164859134126712
ck_15b4840922195ffd,0.004354991170636796
ck_6bcfa37c717f19f1,0.020046622627046724
ck_8d501a0386c66be8,0.07579439954071025
ck_1a9d6190c57ea7e2,0.20604711043127438
ck_c49832eabdac5bb7,0.0010722836119634823
ck_b4331140b2e0d4aa,0.0031893629990221647
ck_5efbea1befdefe1b,0.08526308784658031
ck_72ff52c4824072ce,0.03261257716058212
ck_ec3715add8bbb6e9,0.001630557665718926
ck_9822f8ed05335741,0.005563828020752544
ck_c3d7d3d12a1981a3,0.008050211372421278
ck_a115a7919ac5875a,0.03661557697417104
ck_4dd4ed23e0b927b7,0.500035880256249
ck_4c76efcc1ee6762d,0.008089384960023673
ck_3ad6e7bf452c9b21,0.009632725422784628
ck_dcbab304b55a42c7,0.00982612313230381
ck_24b53090faf722cf,0.006984380492723795
ck_187317383400491d,0.004071824741721373
ck_e07fd57565c94c28,0.022006030015235784
ck_740e760fdcd27835,0.0013993861455501959
ck_d3796aebda1cfed5,0.9149868501871653
ck_e541967c681cb929,0.03982671750394336
ck_431118050b834dcb,0.0009696121828234521
ck_90f3655f0c8a0074,0.0010307351782602651
ck_13cd943777651aac,0.017437347775081588
ck_66accecabf3901c0,0.02947207268816409
ck_937f0da2306b2eb9,0.002342858238955918
ck_105b0c93573fd5b7,0.9377106913881604
ck_00480407160e0743,0.0008762992907993048
ck_e032068be7b77d15,0.02591341646847321
ck_991b7dfd69098320,0.0010232246245834222
ck_37d47cf0f34574a2,0.001115786572403466
ck_011551a596544f5d,0.0029837797243915465
ck_9acd98f4fe2d474e,0.3109830180649471
ck_7c88d3d377bb61bb,0.014267420935064931
ck_e2374c7136c964fd,0.0310812335326708
ck_2fa8f2577116e9ca,0.27475865377329184
ck_d07c5b0321c685ea,0.2828965467366825
ck_bc736114a31088a7,0.008076924385141479
ck_32bb42f9bff197f8,0.0012372965478968602
ck_66267bbad1f1415f,0.9844048404345745
ck_19988702ccd79201,0.00899235056530435
ck_f473a03fbcdbc4b0,0.0023957592518023133
ck_e3f1d85fa5d49396,0.011468627923836114
ck_c4402ea6291df271,0.04373280343078957
ck_243bd5ca8c4ae5d0,0.005614978536843372
ck_f271e855925e8d6b,0.32596229890099615
ck_e424148c6f2223df,0.002902027272082005
ck_e4d0a9e1102a58b5,0.004485603690238243
ck_91c2a5fe69b9b1d1,0.004668641511874001
ck_5fd8924732fe403e,0.27282642604739626
ck_9a881d5433126ada,0.0024094675587584937
ck_73cab88b29c7845d,0.018510706006228582
ck_5b5dea6476d4e182,0.019540541971878964
ck_ccccb17d2ca6ce94,0.07070335347311976
ck_cd1dc68e441222b1,0.9269802052862202
ck_8312c49b1431a406,0.006720936924460986
ck_25fea39897f2a559,0.0326330408758273
ck_f56200205280bddf,0.02673707672910579
ck_7336611650dcc088,0.002607289961595413
ck_590716322ff147ae,0.021831407798254987
ck_c82364d87875a1a1,0.02601529397882251
ck_fa4b60387d744fc5,0.0007454633749317798
ck_d841eba8906e9a15,0.008744417239880996
ck_d6df562a79b9d0d9,0.008797723662497866
ck_59a14d2564193101,0.0013162735433311225
ck_8530158e3d7f59e7,0.0049953711554585
ck_ac68d707006c12a8,0.008078037558293536
ck_976fac1bb3dd8c58,0.03956892849890568
ck_f854fba8f4adae3d,0.054429186490277795
ck_b98e9c3ec6e7d1e7,0.003782592327054371
ck_803c0b4cf9d4bc1d,0.004095136953429284
ck_76997a33c3ea5107,0.0009261169301678258
ck_f1a9d832b700bda1,0.9846533534273354
ck_2bd96ddb8c323d63,0.9892269469276543
ck_9e5b7acf51b1b743,0.003254830275849259
ck_09169f22194fd6aa,0.0376058066063209
ck_6d69e092f9b0848b,0.022761716888724172
ck_9f83fa5a2d3b9049,0.009261355028507568
ck_57bbb19eecb4b87c,0.0014904343479291717
ck_e0e9cfabb979f428,0.0032513576529972555
ck_b1ff9edc51d42f97,0.004835923644694762
ck_4682fad271d47eb0,0.9696856812089175
ck_ab33fb754c818ae3,0.02790274251457351
ck_b456f62b80e21557,0.0007047970138715934
ck_16340be3f2a7fffd,0.0014045598033177766
ck_ce66831f6611014c,0.0036221878331535234
ck_4610a073bb54d1b1,0.011975459017217615
ck_fd038a7d33a9d6e5,0.0017057499878417835
ck_c8198cb4c461304f,0.022203867736726262
ck_1e7de58822000dea,0.0015808895623060555
ck_b2a79dd3df560f14,0.016305466805190287
ck_74a06f347b32347f,0.006084652233989599
ck_c6fdb2972417c9bd,0.0163358909510811
ck_d7607a213b800bfb,0.04867126698260469
ck_df65967b8b40319c,0.001280007480838818
ck_329a73dbd585ee09,0.0054799521989591215
ck_74991a9e85c3b07d,0.024831004200802326
ck_bb76609b79e0bc9f,0.003221502017185746
ck_f7fc1bd0b9ab1fa4,0.01617064538448325
ck_d111c98b36bdb791,0.009248500433152628
ck_f07e27d125497b66,0.009544511252080065
ck_093e3a7134e11d6b,0.002970835593757551
ck_862c7953bdea48b0,0.00596539192270344
ck_392cf2cdd515c34d,0.006175950424047125
ck_80eb91b0b4001084,0.06145131811959283
ck_5923f53b77193a58,0.035016012273653155
ck_8049f5fce32be185,0.6282429590231928
ck_ebc5a2c6cf88e252,0.03333890738621921
ck_9ea5872f14cce338,0.008793402307311859
ck_f7fbc95ebf584379,0.0170969334725893
ck_bafe82c870356706,0.9860328715465018
ck_278b36c5932d9bff,0.00249559456292517
ck_6a892dd5d05c1649,0.0071513344594092395
ck_0734fd90b2cabd43,0.021477274678696968
ck_9b552204498b6762,0.008278690414796893
ck_f6c909c205767956,0.059338261856273576
ck_32f590e87bc3d715,0.0005893943764940882
ck_66a8325f28be7562,0.0017877277784576263
ck_b129261da9c3c3c9,0.0018880576415916353
ck_a524071c51ddde20,0.009470538899883172
ck_ba576d6d4cb6130b,0.08895339566565175
ck_8d8226520722af78,0.013703994637026706
ck_c5b0f0d4f1655a20,0.018819831405205316
ck_61814ae9b6d8eab1,0.003937344360885842
ck_382ebf136f7fa337,0.22267477858656498
ck_423ff4ede6a9f066,0.01174914550286508
ck_546ad962d04b7de4,0.9746691604176372
ck_9473ea4a01c95f9a,0.013884103743913032
ck_9eb1da8cd35a50ce,0.0029161110015893882
ck_de5eaa2cdbcb67ff,0.0976054259298754
ck_537cc97d0398c922,0.018356560539128052
ck_998475a2e4dfad4e,0.0037386864574253096
ck_e62eb708d2688fae,0.029716634452091023
ck_ea623358f704daa7,0.10423221164056869
ck_b911a09f328dfd4b,0.0044004154008856254
ck_4b3506b624e5193c,0.026325110519385048
ck_448456f96788713b,0.027275128339684568
ck_5d5ef9e75f65d076,0.016554213854642313
ck_3b74512f774a6e5a,0.010738857209002422
ck_a032e8ac1507c6df,0.8322650202737917
ck_7e2d6b22a0ae20c2,0.019259562461401415
ck_d80283209c963f11,0.005455523486787208
ck_d1157eade2ac3975,0.13265672332698336
ck_be48f583f79427f7,0.04082238554419977
ck_0027b5d4107d65d8,0.027171884297700878
ck_94fff69584dd3b2a,0.031976134656246255
ck_75fcda73f0b43557,0.008355609977943396
ck_a1c78972e4ee4082,0.0127837072665304
ck_f0982bbdbd122f91,0.010209793894787619
ck_3199b471575aeb3a,0.00867949033393198
ck_7fa947a0b1c1cf74,0.016193486587993168
ck_a60c618b7f0e4252,0.004436609192653812
ck_722ac47c8ac9b6c3,0.3218225103641347
ck_d44dc3839a195c8a,0.027500358650815522
ck_a2c3e82fab520483,0.005159960898149574
ck_6f8ae0319c07cafe,0.0010704874331818248
ck_49886ff1e2c759d6,0.022287211285924376
ck_150a1108f936e6b0,0.0061559434499096986
ck_e21f9f96f597695b,0.01804912375597622
ck_7297bff2b7fdcbc8,0.0005233715829734561
ck_ee949c71f4f702eb,0.9876572466745639
ck_6fc37dea4b4f35c6,0.07119975297403797
ck_e76257caa98dc25d,0.9868148790006466
ck_828eef2334e17b3a,0.014423944158035811
ck_604e1b8a8c693aa7,0.005035089098700482
ck_7743c9fe037d1f9e,0.1953709529792781
ck_864a11202e19e812,0.16685223924501233
ck_4ec040b9e3785e4a,0.0012298935851299457
ck_7346e4f820d9c00a,0.910514475688576
ck_48d4d63beb26b623,0.005637497648436147
ck_c423aa6de3ed1e01,0.007351552907346663
ck_d74b2ead8aaa3f73,0.014703169877194814
ck_1dd69a11daa7bf1a,0.02902879157430489
ck_d9143e236eef177f,0.010110623676222957
ck_f790d91e5ff0eccd,0.2188793494836192
ck_69b5620e00ef5dec,0.0019195730722533645
ck_cd32e58e8a1c0e85,0.007650172966406456
ck_064013b0957d87a5,0.9932000622543431
ck_a481385c2e60dc4a,0.005049647635324059
ck_d72035cb29db3aa4,0.012766298479039529
ck_3759939a0205306d,0.007685419155334249
ck_f437a53fc832ec95,0.8893188870340619
ck_260ef2f3e6434819,0.04683617986780991
ck_35e411b05d22f663,0.008449739756780886
ck_8bf46e472f3e20de,0.07920054675555162
ck_d546994fc5d3e9d1,0.013573758799266047
ck_6ff0fc7487e737e7,0.15255698028596626
ck_5c67f27816ae0b6f,0.015345129346624084
ck_c5517923458106ae,0.0038687236171745217
ck_d9735647a6b0b0a7,0.8130044255061545
ck_541a734fc457246f,0.04556868404330435
ck_2f6a639468f41043,0.003119814253170758
ck_bea2cf7a6b7bb900,0.003605306970443118
ck_7eebd0e6ad6c070e,0.01690667719552717
ck_b64c87d5e3b10e6a,0.8623299109978853
ck_9dd7daacb7833233,0.004854666209376609
ck_396e9ea9a6c6d7d9,0.010220514741293941
ck_1645e6cc53fa99ff,0.008605727351742464
ck_ea2a83ccb8d57490,0.004223215348615301
ck_e64f0df63e1be595,0.013433297078717705
ck_fa0b234481cb57d3,0.04149877995964486
ck_63379e3c9fe6f711,0.009369818250088865
ck_c67f7944896a0310,0.04011161556056824
ck_c10e54c9db29e6ef,0.9949031634995539
ck_7184ad7709ae4c80,0.0141927023828605
ck_f8b6069d7577fde6,0.002553099887097165
ck_18444be153bac1ca,0.9143538705937475
ck_d0982b4e0e118e4d,0.022213902268121803
ck_6faf3e6820398866,0.006102018611009949
ck_97e980463aca4644,0.0017986347312608972
ck_630c835243c66b19,0.9876656362864944
ck_fe429ba3e1aa0e4f,0.0035459604232087752
ck_1058129ed7b48c59,0.008824704618731822
ck_04a1a46f07885296,0.006467395473061047
ck_f01e94331067edf6,0.009465759060635747
ck_77b2fb17c29f5e72,0.022041099466098103
ck_4f0c5857da45fb28,0.013146616042978223
ck_2cfb9a7775e8a5bc,0.9609208369354347
ck_6846100e43659bf3,0.002976761491004021
ck_f89719a854fe11d7,0.00810697976811188
ck_bf47375e41ca3bc0,0.0014605753699433624
ck_2770b0400a7bef08,0.028225244319271536
ck_2a09d142de1c77ff,0.011335541322954954
ck_857a1f5547b9ad68,0.00911940681006269
ck_185f15b1523bbcf4,0.0011777989210341798
ck_ab2aed614ec1cdf8,0.01026403507142844
ck_a9e7f3b2d5dfd97b,0.00529677923604336
ck_0eeb3d9b3e697edb,0.04190932932047269
ck_fa5830d81bc8ddc1,0.002532628622788766
ck_231ae0329ebc3220,0.003102096120893588
ck_1587763dd54688c9,0.004161888259658341
ck_9f85fea4490c00cf,0.01636683466708743
ck_a2d709e7eb91e4af,0.036144362231293276
ck_43637d28c7216453,0.0017348027728054285
ck_f3ab5dd853d38252,0.022323286158682853
ck_4a1f0172d3bf4fd3,0.008590941744400355
ck_517620ca16505af0,0.0034396867872547414
ck_9ae904fbef56065c,0.0011458971015268677
ck_d5ef1f6e34bb35b8,0.06463961578427646
ck_ff42557857ae3aeb,0.0010052223034568647
ck_ad9a18f58589faa7,0.0025164151394399094
ck_df1a6edaa3e6b271,0.005525851020157855
ck_99021fe7225b5a68,0.0393090490178454
ck_99e52c3c2530b69e,0.9837812918955102
ck_3a4811dc4a1a891d,0.004062175892369001
ck_ba3a6be026c87079,0.004121996475772278
ck_da6d1e5cf6aba6fd,0.007902777785888751
ck_ddc7c1f3d45fe6e6,0.020724551068113693
ck_e1b1e7a7e4a15b3e,0.001457396277802531
ck_8288f7f226e08b89,0.007552752675224014
ck_c4524993ec31dbe5,0.0011195760176742745
ck_8b19bb5b23b6741c,0.022056193809670555
ck_d21b38231a8a9f4a,0.19869121495928418
ck_3f730318a9792292,0.012084825306310134
ck_a4db6e94a8f77f9d,0.03338840017436652
ck_a8cac8d480306839,0.00147590027628591
ck_5472214011fbc2a7,0.0038105488521999013
ck_7356f47dbbbe7904,0.0015637114555553688
ck_16801e628e883d78,0.008602122553759065
ck_0dc1e536231c4860,0.008385658036490735
ck_7cd0634a6e60af83,0.005877090364778662
ck_ef6f8e048ae1bd4b,0.016408087351300386
ck_82f3f744209888ac,0.03092478333471464
ck_f33188c232a03526,0.08226254108577735
ck_4a59f4e10bf45d7f,0.0023227080648213984
ck_d96c893721385e4e,0.001076776615025207
ck_f65ab819373edb37,0.015344778703402668
ck_21cac21fc10b7768,0.0189795195186436
ck_139b54e6ccbdd7da,0.032181757235329185
ck_d6f5c8741697abb3,0.018837695849353395
ck_a28d9bb5590d458f,0.14062691183801915
ck_ed26d906883bea0a,0.00937228758658055
ck_227602ad072b838b,0.0011374047971794427
ck_39d5f6c17c745ab1,0.0013214011723937393
ck_744eade757ba69b5,0.01716134942137658
ck_c1295d97cdf35ec2,0.004024878884044413
ck_69105f881da3c821,0.04224304348129635
ck_933789b55361d7c1,0.8314299672379388
ck_b667952253503174,0.010272809230358237
ck_7bf668e25abeeb05,0.007181565407845074
ck_91742711dfdffd56,0.017249344307283497
ck_af32a0660090dd68,0.02074131658205184
ck_2122f201e65f76ee,0.005566191663942977
ck_f48acb73a5d6af07,0.025672491929556097
ck_337c5684510cf432,0.025191148839155873
ck_f7bde7265053364d,0.010980245579574093
ck_c190c7b924edba75,0.010405951350369761
ck_044fa3b3a003f0b5,0.016406884396020248
ck_87eb43e3b9d96169,0.19097346198056178
ck_2d3d6c9364362017,0.0010850534428963503
ck_ac55dc6cbcdf8228,0.007936889998181923
ck_61d7b0568ec5d6cf,0.04432377334157822
ck_89c74feeaffa7d09,0.0013215524359134923
ck_93776b0c113f41f0,0.06360903636147255
ck_15e0b679931f7a8d,0.009107277418941406
ck_77b56c49cfdb1d81,0.13196731420452598
ck_73188a826b5f499f,0.006360083165938518
ck_4f463ef25325ddfa,0.8519623979426545
ck_863db2e394dc47d1,0.9912274097248591
ck_d52432ed597f3cc9,0.0025785094013398282
ck_04fb61e5739642f8,0.05781490522167212
ck_2e481d75d110c06d,0.06227456995034224
ck_3fa1a523d77cd619,0.017679917344657948
ck_466dc6274fecd708,0.0074370726533132675
ck_e1790b3aa2241b10,0.8250862350403771
ck_84ad096a46e1a960,0.03342224628478073
ck_3be72c9c178fa00d,0.01982862663384697
ck_5a17c89219d1d9fe,0.008612223792284525
ck_4f639f4ee6ce8d9e,0.04192210669001687
ck_f4ec4a935e51b4db,0.012858111131742223
ck_f04040a830f92bac,0.005259135202909489
ck_3e4d02a04be2aaf8,0.007529863195360293
ck_4d1baef193cfb900,0.08168526225175671
ck_0fb3153d37626b75,0.0009363685202417387
ck_88ec57a11b11f702,0.8807836431743885
ck_dca9dc465f759db4,0.0010049649015955908
ck_64f5fba6af67e024,0.00899910949772387
ck_896096cb167254ef,0.06698713713005951
ck_7878679065876b98,0.010445798022891962
ck_fe8e5a6c880ceb4e,0.004629129522962216
ck_a5e036327d3d1862,0.00083573351191792
ck_310f73940fc4cf4f,0.010512029017616584
ck_46a8db16ad00b749,0.023543333579807754
ck_0d33977c3de8cfaf,0.9960730124097493
ck_c6fff412f531db0f,0.0005718960578282035
ck_bac6dadf428eaea9,0.018929551494574356
ck_1b96d9af0d7da2d5,0.0038327238233975417
ck_fa8a4a9e77799fcc,0.004330157119099584
ck_0bf48607a874b4d1,0.0021382527748651644
ck_eeb75f8a6439f65e,0.022944961451115003
ck_a209a5f7d172125e,0.008107174990207806
ck_8f346b72fb40bf14,0.004098136189025702
ck_bccbf9fef367f00f,0.011949368443040499
ck_2d1548f1ee405cc9,0.045945703430223014
ck_e8298ff2dc1e9d50,0.005871303828396589
ck_77c0fb524edb4a94,0.0038943282658871715
ck_28ac4c5134cb8e77,0.02071527906842725
ck_db23a0e3e54be60c,0.3792403345251936
ck_a059d00cee5cee99,0.0038206198968741326
ck_3e9e3bba8bd363af,0.0013181973132218414
ck_0428728df24cdab4,0.0028300672600287706
ck_88cd35378075c84f,0.0013073014449309622
ck_0174d76398d9dc0f,0.023570231395697402
ck_3f1287e6c27de0dc,0.00857778100890231
ck_ff822700f3605e06,0.9958768075106834
ck_4563227b2038ae07,0.17171159159968694
ck_788e78065526ee19,0.015447036393451314
ck_8a16eb584093b12f,0.000916107773113532
ck_cc276f71ab6c08fd,0.04351873719068664
ck_d61d97b21002f3e9,0.010187353294623239
ck_4b2e87d86a5e415c,0.02352358028883924
ck_3e6f35e4500d2f2a,0.0018164020693434446
ck_3acdb083e0d8ad61,0.001767945999152395
ck_cd655202db489010,0.0013253959283556186
ck_829cbf5ccda481ae,0.007899551046672079
ck_f5882e6f98b8b4cd,0.0011690347904641692
ck_767947540b234add,0.006708656459046909
ck_a6e8e8f535b1f1d1,0.019113527926572272
ck_58412a2674fea506,0.010096534369005818
ck_fae7e518a585fa61,0.01974622162521867
ck_9c60ae6958d68dbd,0.33800318340971597
ck_328696b8f5e54ec6,0.08616297003179108
ck_7df3f8f4f1068d62,0.005308938125085495
ck_cfadd21458230ef7,0.006059110416472875
ck_7048bedd554c703b,0.008943017515988
ck_50422466f145bfd7,0.0016350636762905457
ck_61e1f7168cd9ff25,0.026858607796254496
ck_733aff0f56f5b3c9,0.04320435081307733
ck_e14892e424180549,0.0009439924798659942
ck_03f6664a96de7d0f,0.02196805567282454
ck_b7f4baa2cc82fe61,0.006490961094565613
ck_1e51199a075ca0fa,0.005581175653904237
ck_0e70516fa07cfb17,0.8545552891165938
ck_0f37c554a5057801,0.6673686711753422
ck_5576b725de38d106,0.005432439856091481
ck_82f360df1e9f4eb8,0.030042178345492925
ck_395f3bd4aacd7ca6,0.013287550989591973
ck_5e8e857b63966609,0.5706947633067622
ck_93470896f0804b6b,0.9555007578003174
ck_3be854e42e76569a,0.008116118424370558
ck_0567302c57a2417e,0.1522947601403343
ck_ee535461b5f05539,0.724140660714965
ck_94a096c36162a153,0.00561967793658944
ck_dfc8f5c141fd7c63,0.00466352857083353
ck_98b34f2d704c1c2a,0.022837485543872153
ck_96dff7a09d45f116,0.010183419781981014
ck_79557434c129ba52,0.004318667600702278
ck_4596624a7c01d501,0.011277324751075684
ck_04e89fbd739243fa,0.0013569093340110477
ck_6149ffaf18872dc8,0.001015636115853954
ck_cd78f0832a09bd8f,0.7327167674367203
ck_7e29c10d781c3b41,0.009201989093097449
ck_1f7ee7b23fc6f2f4,0.0012469232476725665
ck_c49b685d2b3ab89a,0.0073798451883245655
ck_84569a8fc50e73ac,0.007628055326042026
ck_b92b11d205af91eb,0.0012974225963207821
ck_06280e6d6d2485b0,0.00565527226148915
ck_3c08546dd0c92863,0.008223799805134647
ck_99d3983f907828bf,0.0016035023386143249
ck_eccfd552aa652d3c,0.019395779463848323
ck_0cff8153881875ba,0.01064939307084877
ck_c1aebbeca6ab5ff9,0.005108428240381324
ck_538fdbbb3c2bcbbb,0.014336999533552205
ck_8c0210322733c718,0.013302654484994281
ck_0b0c93039f987abc,0.008897779282594002
ck_6d07d6d1bd227d37,0.1113040393919567
ck_9b6ee35e8cd0b11c,0.003845057453862156
ck_d838491d3d4f5ecf,0.002567318245756501
ck_0593ae243a9ebee9,0.03355191073182275
ck_ef261fc09be8eb0b,0.0038744504148699142
ck_d0935b571a4a3868,0.01953271833197115
ck_97d04a67a104af39,0.04750002160414414
ck_e25f70d0b7229420,0.028031136821994197
ck_9b71274ff83de482,0.9876001453630903
ck_6de2aa2bb60978d3,0.052637216986944665
ck_eda55c8fb47593d7,0.0068230442459163545
ck_924e572517515f19,0.2059478446148609
ck_d6f27eacbad310f4,0.004689136931143421
ck_8550f229b5eb03ab,0.003120008865662656
ck_e3e95546a84d0ed8,0.019328793002958082
ck_3135c019696ee6af,0.9874312003876117
ck_41ba315d8fccb559,0.009464259346089875
ck_72b86e4485da2d0f,0.9884773722470156
ck_daaa995f3c2f0e47,0.07361535052053339
ck_053746067839696b,0.04047169525776463
ck_a15fe7d0f4b65c33,0.6946518373995876
ck_15de11438732bb05,0.0068939660236955
ck_2c4d25acbe3fabd9,0.0014935244465352597
ck_7f08078908599bd2,0.03259968480754822
ck_e794741742fb2619,0.004433409248100692
ck_238e53b6dee8c301,0.002236134189227943
ck_53a6a33060d5c8b8,0.0032893757369445082
ck_0e0919292ad33472,0.7724057595919108
ck_d86ccf148c06c8c8,0.02142742896832314
ck_c881f26c9bf9ae42,0.5020783519297349
ck_4b0947bf94e9d847,0.029739440505758018
ck_e10ff5c38bd18470,0.004549905324367304
ck_b60de9e97aad9e45,0.8452626487896211
ck_190bc849e5ff5401,0.022305129470774312
ck_e7be077aa0b2632c,0.0016374921908778868
ck_a51abde881ebeff3,0.016607433370266794
ck_2208392a9f6bd249,0.015110121988698006
ck_0259da8f109017e9,0.0014576668470010316
ck_05e01ab9c95449da,0.01794743675496568
ck_c82897ebffb6ae66,0.006732833632134376
ck_b4a6bb4689cd7cfa,0.01972986782488657
ck_9e21ea33018ce538,0.015952205867925
ck_caa348f0e65db062,0.9886310580486025
ck_a964e6b5d8415334,0.3132532276661673
ck_510bfbbee37ff436,0.015047815579283952
ck_9741a82faf5c7889,0.025559384149572643
ck_e7f61b4a39ba98ac,0.0006700424639915928
ck_069d158665a53909,0.004952981963830888
ck_6426427efe3228af,0.02574588304795538
ck_ab4a8d02ec3c0fd7,0.0007876901795298783
ck_aefa0d8d933e0eca,0.014271635565832224
ck_232325ef6bce92f1,0.009186467215313177
ck_14e58c3fb26a2b4d,0.023754464347785744
ck_06e73afdec26aecc,0.12158983192273003
ck_3168f4f2778d64e1,0.009091218124781466
ck_ff3998d6858daa21,0.0007469248150596348
ck_bccff46fb0868454,0.01925245452725462
ck_c7d444d90fa86d7c,0.4981723589970355
ck_f0bc3bdee6bfbb94,0.014896201805427538
ck_f7112818a6d81422,0.11363483980261713
ck_aca35dbcb835ad02,0.003414891063037183
ck_f637fabf0f60528f,0.003986057214746768
ck_53d17ab97de1ac3e,0.0018631186139094521
ck_c8c1bf16d9113493,0.05954415853855873
ck_e842fb0cf055a83b,0.09631885213215927
ck_93c0cb3dac4891fe,0.004996223174308488
ck_0c1f088e17e46daf,0.012623403595844365
ck_8f4b384955bf57c9,0.004122829096924463
ck_09cd5c4df1e81ac2,0.06997146413516987
ck_1e832a5b2342554f,0.11603895121284562
ck_2cb763a881aee27f,0.0023785699035087566
ck_5875828b11406398,0.012139703981931817
ck_48e84b0cb0b90fa7,0.02124017517687804
ck_833688de8629c5c0,0.00179807943414803
ck_117d78ccd5820f36,0.014317682864589875
ck_668ec61c4c39cae3,0.0010742151094332753
ck_73a7794b659d7a34,0.002552575127982637
ck_10f90d879209734f,0.011981006148504886
ck_d1d079913aa158bf,0.0033774671416633892
ck_01c631b38e8a9535,0.0032575943996192664
ck_f6923088c17a04e2,0.021440027448584337
ck_b447badc9138987d,0.0007160624248998747
ck_8b772caed8f1541c,0.002302389727580871
ck_5403c76fe68a08ba,0.4756944352849469
ck_3e6833574edf1736,0.0037305370601950867
ck_e527fbb9450a4581,0.9432340319779383
ck_cc90e219f1ebf390,0.0016817801579539105
